{"type":"FeatureCollection","features":[{"type":"Feature","geometry":{"bbox":[105.71707143,34.57511508,105.73467143,34.59280783],"type":"Polygon","coordinates":[[[105.72506343,34.58183598],[105.72506743,34.58171899],[105.72506643,34.58025401],[105.72626743,34.580368],[105.72673143,34.57765504],[105.72562643,34.57746204],[105.72296143000001,34.57656506],[105.71801043,34.57512008],[105.71799443,34.57511508],[105.71732543000002,34.57706505],[105.71714443,34.57785804],[105.71718143,34.580572],[105.71721243,34.58169399],[105.71710843,34.58206198],[105.71709543,34.58214698],[105.71764043,34.58211798],[105.71766043,34.58270697],[105.71707143,34.58278697],[105.71719143,34.58426195],[105.71890443,34.58424395],[105.72132643,34.58434795],[105.72134943,34.58558693],[105.72133543,34.58591393],[105.72182243,34.58606493],[105.72176743,34.58688192],[105.72247843,34.58700491],[105.72479543,34.58715991],[105.72489843,34.58745691],[105.72436843,34.5878249],[105.72346043,34.5879959],[105.72295443,34.58843089],[105.72218543000001,34.58885489],[105.72177243,34.58918888],[105.72125943,34.58933388],[105.72090643,34.58966288],[105.71943743,34.59065986],[105.71887543,34.59112686],[105.71898543,34.59120786],[105.71841843,34.59161085],[105.71798043000001,34.59203884],[105.71851743,34.59259784],[105.71899343,34.59278983],[105.71924843,34.59280783],[105.71952643,34.59262384],[105.71966543000002,34.59232684],[105.71983243,34.59224484],[105.72014743,34.59223284],[105.72056343,34.59201585],[105.72056843,34.59187985],[105.72044543000001,34.59174385],[105.72026943000002,34.59184885],[105.72004143,34.59162285],[105.72004343,34.59154385],[105.72029843,34.59130485],[105.72067143,34.59113486],[105.72091643,34.59134785],[105.72110343,34.59135885],[105.72148643,34.59109586],[105.72152343,34.59092386],[105.72187143,34.59067386],[105.72263943,34.59029587],[105.72245243,34.58995087],[105.72245443,34.58948988],[105.72295643,34.58924288],[105.72332643,34.58954588],[105.72358443,34.58933888],[105.72406643,34.58925188],[105.72487643,34.58922788],[105.72521643,34.58930288],[105.72597143,34.58924788],[105.72687643,34.58903489],[105.72760443,34.58884389],[105.72779143,34.58906689],[105.72841543,34.588967890000006],[105.72848943,34.58914588],[105.72864343,34.58914488],[105.72931343,34.58891189],[105.73088243,34.58882689],[105.73149143,34.58889489],[105.73266843,34.58872589],[105.73442143,34.588534890000005],[105.73438643,34.58752191],[105.73459043,34.58751091],[105.73454943,34.58699791],[105.73467143,34.58626092],[105.73445743,34.58592093],[105.73442443,34.58586793],[105.73247743,34.58625192],[105.72784743,34.58689291],[105.72781743,34.58684192],[105.72768943,34.58638392],[105.72768643,34.58589693],[105.72771543,34.58577193],[105.72722543,34.58592593],[105.72655943,34.58628692],[105.72567343,34.58626292],[105.72571543,34.58476894],[105.72498843,34.58466195],[105.72505743,34.58386596],[105.72506343,34.58183598]]]},"properties":{"gml_id":"layer_township_pg.33054","Name":"大城街道","layer":"乡镇","code":"620502001000","grade":4,"2015_POP":21000,"2020_POP":21600,"2023_POP":21800,"area_km2":1.2,"2015_GDP":8.3558,"2020_GDP":12.5526,"2023_GDP":15.7045}},{"type":"Feature","geometry":{"bbox":[105.73445743,34.5658632,105.77544643,34.58666292],"type":"Polygon","coordinates":[[[105.76115943,34.57626406],[105.76093143,34.57638806],[105.75961443,34.57581807],[105.75868543,34.57557807],[105.75875343,34.57496908000001],[105.75883843,34.57488108],[105.75901743,34.57429809],[105.75992643,34.57406009],[105.76058343,34.57411109],[105.76106843,34.5734971],[105.76030643,34.5734061],[105.75937743,34.57306710000001],[105.75905243000001,34.57289911],[105.75891243,34.57269411],[105.75889443,34.57231511],[105.75866043,34.57215812],[105.75824743,34.57212612],[105.75786143,34.57178712],[105.75625943,34.57130913],[105.75605143,34.57107013],[105.75589143,34.57070114],[105.75538943,34.57060214],[105.75457243,34.57082613],[105.75451443,34.57139713],[105.75348343,34.57148913],[105.75321843,34.57202012],[105.75277243,34.57205212],[105.75243943,34.57195912],[105.75240443,34.57160012000001],[105.75083843,34.57170712],[105.75086143000001,34.5730991],[105.74881243,34.57274411],[105.74778543,34.57270711],[105.74703043,34.57244811],[105.74651843,34.5730031],[105.74632543,34.57273711],[105.74585143,34.57250811000001],[105.74591743000002,34.57213412],[105.74539043,34.57179612],[105.74490643,34.57166112],[105.74431243,34.57160612],[105.74372643,34.57132013],[105.74254743,34.57105613],[105.74579843000001,34.5658632],[105.74342843,34.5659762],[105.74158943000002,34.56642319],[105.74142643,34.56658519],[105.73990943,34.56808117],[105.73978743,34.56873016],[105.73977443,34.569572150000006],[105.73910243,34.57036514],[105.73882543,34.57029614],[105.73795443,34.57122313],[105.73814343,34.57230411],[105.73847343000001,34.5732811],[105.73886043000002,34.57397509],[105.73935443,34.57533107],[105.73747343,34.57623806],[105.73753043,34.57647906],[105.73757843,34.57668505],[105.73730043000002,34.58116199],[105.73729643000001,34.58122999],[105.73722043000001,34.58245998],[105.73705643,34.58331096],[105.73678043000001,34.58396795],[105.73624843,34.58468594],[105.73586943,34.58505294],[105.73445743,34.58592093],[105.73467143,34.58626092],[105.73611643,34.58640492],[105.74763143,34.58666292],[105.74779543,34.58640792],[105.74840743,34.58598293],[105.75041943,34.58584793],[105.75050043,34.58544393],[105.75151643000001,34.58527994],[105.75204543,34.58527694],[105.75204243,34.58497894],[105.75246643000001,34.584993940000004],[105.75261343,34.58479994],[105.75257843,34.58325896],[105.75262743,34.58325596],[105.75327643,34.58321797],[105.75352243,34.58447895],[105.75406843,34.58441395],[105.75551243,34.58432595],[105.75551743,34.58495694],[105.75615343,34.58493494],[105.75608443,34.58451495],[105.75633943,34.58446095],[105.75657443,34.58475694],[105.75716743,34.58461295],[105.75707943,34.58433395],[105.75748143,34.58422595],[105.75833643,34.58418495],[105.75842343,34.58435995],[105.75918443,34.58431895],[105.75981843,34.58413895],[105.76064143,34.58381896],[105.76048943,34.58325896],[105.76006443,34.58312197],[105.76016443,34.58245398],[105.76039143000001,34.58232398],[105.76084643,34.58206498],[105.76303643000001,34.58301397],[105.76467043,34.58385896],[105.76474743,34.58389596],[105.76760843,34.58266597],[105.77301543,34.580406],[105.77483743,34.57967001],[105.77544643,34.57928202],[105.77538843,34.57925302],[105.77431943,34.57902302],[105.77370743,34.57880403],[105.77321743000002,34.57827303],[105.77187343,34.57636706],[105.77242443,34.57609406],[105.77223043,34.57571407],[105.77452743,34.57485108],[105.77431643,34.57464708],[105.77434543000001,34.57457108],[105.77341643,34.57198012],[105.77269943,34.57111513],[105.77255443,34.57083413],[105.77201643,34.57095513],[105.77190143,34.57076814],[105.77195443,34.57043914],[105.77178443,34.57044014],[105.77093943,34.57110413],[105.77080043,34.57138613000001],[105.76972443,34.57165312],[105.76955643,34.57198312],[105.76916943,34.57207012],[105.76853843,34.57219612],[105.76753743,34.57212012000001],[105.76683143,34.57245511],[105.76663543000001,34.57275011],[105.76642643,34.57393209],[105.76601343,34.57462308000001],[105.76599243,34.57539307],[105.76649543,34.57604706],[105.76651943,34.57634706],[105.76600243,34.57636806],[105.76534443,34.57621606],[105.76427543,34.57401109],[105.76280543,34.57405709],[105.76185843,34.573890090000006],[105.76146543,34.57594006],[105.76115943,34.57626406]]]},"properties":{"gml_id":"layer_township_pg.33055","Name":"七里墩街道","layer":"乡镇","code":"620502002000","grade":4,"2015_POP":69000,"2020_POP":70200,"2023_POP":71000,"area_km2":12,"2015_GDP":27.1494,"2020_GDP":40.7856,"2023_GDP":51.0264}},{"type":"Feature","geometry":{"bbox":[105.72498843,34.57623806,105.73757843,34.58689291],"type":"Polygon","coordinates":[[[105.73730043000002,34.58116199],[105.73757843,34.57668505],[105.73753043,34.57647906],[105.73747343,34.57623806],[105.73649843,34.57669005],[105.73501843,34.57709605],[105.73327643,34.57738704],[105.73187543,34.57776004],[105.73047343,34.57798304],[105.72900643,34.57796704],[105.72879943,34.57796504],[105.72673143,34.57765504],[105.72626743,34.580368],[105.72506643,34.58025401],[105.72506743,34.58171899],[105.72506343,34.58183598],[105.72505743,34.58386596],[105.72498843,34.58466195],[105.72571543,34.58476894],[105.72567343,34.58626292],[105.72655943,34.58628692],[105.72722543,34.58592593],[105.72771543,34.58577193],[105.72768643,34.58589693],[105.72768943,34.58638392],[105.72781743,34.58684192],[105.72784743,34.58689291],[105.73247743,34.58625192],[105.73442443,34.58586793],[105.73445743,34.58592093],[105.73586943,34.58505294],[105.73624843,34.58468594],[105.73678043000001,34.58396795],[105.73705643,34.58331096],[105.73722043000001,34.58245998],[105.73729643000001,34.58122999],[105.73730043000002,34.58116199]]]},"properties":{"gml_id":"layer_township_pg.33056","Name":"东关街道","layer":"乡镇","code":"620502003000","grade":4,"2015_POP":22000,"2020_POP":22800,"2023_POP":23100,"area_km2":1.54,"2015_GDP":8.8215,"2020_GDP":13.2522,"2023_GDP":16.5798}},{"type":"Feature","geometry":{"bbox":[105.70550243000001,34.57416709,105.72489843,34.59112686],"type":"Polygon","coordinates":[[[105.71718143,34.580572],[105.71714443,34.57785804],[105.71732543000002,34.57706505],[105.71799443,34.57511508],[105.71645743000002,34.57478708],[105.71424843,34.57416709],[105.71387943,34.57523007],[105.71344943,34.57535607],[105.71340743,34.57635106],[105.71342243,34.57690805],[105.71347843000001,34.57696305],[105.71408643,34.57695005],[105.71405143,34.57742804],[105.71353443,34.57743704],[105.71347843000001,34.57810104],[105.71350643,34.57954202],[105.71376143,34.57956002],[105.71376343,34.57979501],[105.71401843,34.57983901],[105.71404343,34.58008401],[105.71456543,34.580444],[105.71469243,34.580532],[105.71468743,34.580615],[105.71462443,34.58189998],[105.71421443,34.58209298],[105.71431743,34.58244098],[105.71421843,34.58259797],[105.71404843,34.58276497],[105.71302643,34.58296897],[105.71227543,34.58342596],[105.71217743,34.58350296],[105.71142243,34.58316697],[105.71042343,34.58259897],[105.70942943,34.58227198],[105.70799443,34.58231198],[105.70715243000001,34.58244398000001],[105.70709743000002,34.58254397],[105.70674643,34.58301597],[105.70620643,34.58307297],[105.70586243,34.58327896],[105.70584243000002,34.58345796],[105.70572443,34.58359196],[105.70550243000001,34.58364496],[105.70607643,34.58402695],[105.70602143,34.58456195],[105.70648643,34.58476694],[105.70724543,34.58452995],[105.70755943,34.58450395],[105.70768043,34.58458995],[105.70765443,34.58485794],[105.70775043000002,34.58483694],[105.70829643,34.58433395],[105.70904243,34.58414395],[105.70910043,34.58416895],[105.70927743,34.58481194],[105.70953443,34.58509194],[105.70991743,34.58504294],[105.71087943,34.58469594],[105.71108043,34.58478594],[105.71126043,34.58528994],[105.71168243,34.58542194],[105.71190543,34.58528794],[105.71207343,34.58504994],[105.71253243,34.58490894],[105.71290543000002,34.58503694],[105.71292743,34.58521294],[105.71273943000001,34.58548893],[105.71306443,34.58563393],[105.71435143,34.58614193],[105.71540643,34.58640092],[105.71566343,34.58633692],[105.71642843,34.58659792],[105.71697343,34.58666892],[105.71816743,34.58704191],[105.71925343,34.58728091],[105.71993943,34.5876389],[105.72027143,34.5879319],[105.72024443,34.58845789],[105.71954243,34.58977288],[105.71853043,34.59073786],[105.71854043,34.59086286],[105.71887543,34.59112686],[105.71943743,34.59065986],[105.72090643,34.58966288],[105.72125943,34.58933388],[105.72177243,34.58918888],[105.72218543000001,34.58885489],[105.72295443,34.58843089],[105.72346043,34.5879959],[105.72436843,34.5878249],[105.72489843,34.58745691],[105.72479543,34.58715991],[105.72247843,34.58700491],[105.72176743,34.58688192],[105.72182243,34.58606493],[105.72133543,34.58591393],[105.72134943,34.58558693],[105.72132643,34.58434795],[105.71890443,34.58424395],[105.71719143,34.58426195],[105.71707143,34.58278697],[105.71766043,34.58270697],[105.71764043,34.58211798],[105.71709543,34.58214698],[105.71710843,34.58206198],[105.71721243,34.58169399],[105.71718143,34.580572]]]},"properties":{"gml_id":"layer_township_pg.33057","Name":"中城街道","layer":"乡镇","code":"620502004000","grade":4,"2015_POP":18000,"2020_POP":18400,"2023_POP":18600,"area_km2":1.2,"2015_GDP":7.123,"2020_GDP":10.7006,"2023_GDP":13.3874}},{"type":"Feature","geometry":{"bbox":[105.68449443,34.57217812,105.71469243,34.58364496],"type":"Polygon","coordinates":[[[105.71347843000001,34.57696305],[105.71342243,34.57690805],[105.71340743,34.57635106],[105.71344943,34.57535607],[105.71387943,34.57523007],[105.71424843,34.57416709],[105.71121943,34.5733521],[105.70872743,34.57250111],[105.70645843000001,34.57217812],[105.70641743,34.57218012],[105.70515043000002,34.57218512],[105.70392643,34.57230711],[105.69948443,34.5734641],[105.69943143,34.5734781],[105.69877043,34.57252411],[105.69508943,34.5737031],[105.69280443,34.57420909],[105.69057843,34.57436709],[105.68842243,34.57437509],[105.68842743,34.57451108],[105.68879443,34.57601606],[105.68915943,34.57647806],[105.68965343,34.57673305],[105.68807043,34.57665005],[105.68755343,34.57762204],[105.68709143000001,34.57789104],[105.68643743,34.57815203],[105.68460143,34.57795104000001],[105.68449443,34.57857703],[105.68556543,34.57864203],[105.68591443,34.57880303],[105.68593143,34.57939102],[105.68597743,34.57961601],[105.68605443,34.57966801],[105.68674643,34.57950602],[105.68708343000002,34.57951502],[105.68744543,34.57966601],[105.68824943,34.57980501],[105.68901243,34.58012801],[105.68916343,34.57998901],[105.68937043,34.57996401],[105.68958943,34.58010501],[105.68986943,34.58017101],[105.69047643,34.58005301],[105.69060943,34.57995001],[105.69232543,34.58012101],[105.69275043,34.58008801],[105.69447243,34.580762],[105.69473043,34.58095],[105.69483443,34.580966],[105.69496543,34.580795],[105.69538543,34.580922],[105.69548543000002,34.58101700000001],[105.69547343,34.58120599],[105.69580943,34.58143299],[105.69603243,34.58144799],[105.69626943000002,34.58135599],[105.69661843,34.58143299],[105.69752643,34.58127299],[105.69826343,34.58143099],[105.69841743,34.58151499],[105.69819343,34.58166999],[105.69833943,34.58197998],[105.69874343,34.58220898],[105.69952743,34.58311997],[105.69981743,34.58326196000001],[105.69995543,34.58328396],[105.70008843,34.58316097],[105.70030443,34.58246798],[105.70080043,34.58253097],[105.70085943,34.58242898],[105.70158243,34.58241098],[105.70219043,34.58252497],[105.70230343,34.58305697],[105.70417143,34.58342496],[105.70460843,34.58357596],[105.70550243000001,34.58364496],[105.70572443,34.58359196],[105.70584243000002,34.58345796],[105.70586243,34.58327896],[105.70620643,34.58307297],[105.70674643,34.58301597],[105.70709743000002,34.58254397],[105.70715243000001,34.58244398000001],[105.70799443,34.58231198],[105.70942943,34.58227198],[105.71042343,34.58259897],[105.71142243,34.58316697],[105.71217743,34.58350296],[105.71227543,34.58342596],[105.71302643,34.58296897],[105.71404843,34.58276497],[105.71421843,34.58259797],[105.71431743,34.58244098],[105.71421443,34.58209298],[105.71462443,34.58189998],[105.71468743,34.580615],[105.71469243,34.580532],[105.71456543,34.580444],[105.71404343,34.58008401],[105.71401843,34.57983901],[105.71376343,34.57979501],[105.71376143,34.57956002],[105.71350643,34.57954202],[105.71347843000001,34.57810104],[105.71353443,34.57743704],[105.71405143,34.57742804],[105.71408643,34.57695005],[105.71347843000001,34.57696305]]]},"properties":{"gml_id":"layer_township_pg.33058","Name":"西关街道","layer":"乡镇","code":"620502005000","grade":4,"2015_POP":25000,"2020_POP":26300,"2023_POP":26800,"area_km2":1.8,"2015_GDP":10.1776,"2020_GDP":15.2895,"2023_GDP":19.1285}},{"type":"Feature","geometry":{"bbox":[105.69877043,34.56108227,105.73935443,34.57798304],"type":"Polygon","coordinates":[[[105.72948843,34.57241611],[105.72833543,34.57242511],[105.72634443,34.57194212],[105.72632543,34.57176012],[105.72650443,34.57118413],[105.72546143,34.57107913],[105.72477543,34.57126113],[105.72440643,34.57120313],[105.72342343,34.57090013],[105.72182043,34.57026314],[105.72129243,34.57029714],[105.72092443000001,34.57005814],[105.72059043,34.56970615],[105.72021043,34.56908616],[105.72007943,34.56857217],[105.72034143,34.56806917],[105.72021943,34.56797117],[105.72001243,34.56732718],[105.72003443,34.56700119],[105.71984843,34.5660352],[105.71974643,34.56493921],[105.71981143,34.56440922],[105.72001243,34.56420222],[105.72019243,34.56372223],[105.72065343,34.56318124],[105.72056243,34.56311724],[105.72067043,34.56299824],[105.72044243,34.56293124],[105.72063043,34.56243525],[105.72067443,34.56178126],[105.72083143,34.56167626],[105.72090343,34.56131826],[105.72017843,34.56122427],[105.72020943,34.56113127],[105.72009643,34.56108227],[105.71980343,34.56200025],[105.71908843,34.5656622],[105.71905543,34.5661282],[105.71926443,34.56711719],[105.71884043000001,34.56737318],[105.71780343,34.56761318],[105.71720243,34.56785018],[105.71712543,34.56802217],[105.71770943,34.56912116],[105.71750043,34.56900116],[105.71704843,34.56890616],[105.71676343,34.56907716],[105.71655943,34.56909816],[105.71552343,34.56890016],[105.71544943,34.56900016],[105.71536443,34.56954315],[105.71495443,34.56954215],[105.71458343,34.56969415],[105.71376043,34.56966315],[105.71368143,34.57018614],[105.71355743,34.57020514],[105.71313543,34.57006614],[105.71319043,34.56979015],[105.71261243000001,34.56961015],[105.71012043,34.56936015],[105.70971043,34.56918916],[105.70889943,34.56835917],[105.70854443,34.56809117],[105.70765443,34.56803017],[105.70733643,34.56788617],[105.70673743,34.56778018],[105.70654043000002,34.56788217],[105.70488843,34.56723618000001],[105.70441143,34.56694619],[105.70316843,34.56645419],[105.70294243,34.56705819],[105.70211443,34.56703219],[105.70187943,34.56658019],[105.70171343,34.56663719],[105.70184943,34.56672919],[105.70164143,34.56788917],[105.70168043,34.56837717],[105.70087943,34.56836817],[105.70087143,34.56931915],[105.69985443,34.56929116],[105.69987543,34.56861216],[105.70063843,34.56861416],[105.70061443,34.56837817],[105.69994543,34.56834317],[105.69914343,34.56842217],[105.69915443,34.56977415],[105.69925543,34.57079413],[105.70014243,34.572121120000006],[105.69877043,34.57252411],[105.69943143,34.5734781],[105.69948443,34.5734641],[105.70392643,34.57230711],[105.70515043000002,34.57218512],[105.70641743,34.57218012],[105.70645843000001,34.57217812],[105.70872743,34.57250111],[105.71121943,34.5733521],[105.71424843,34.57416709],[105.71645743000002,34.57478708],[105.71799443,34.57511508],[105.71801043,34.57512008],[105.72296143000001,34.57656506],[105.72562643,34.57746204],[105.72673143,34.57765504],[105.72879943,34.57796504],[105.72900643,34.57796704],[105.73047343,34.57798304],[105.73187543,34.57776004],[105.73327643,34.57738704],[105.73501843,34.57709605],[105.73649843,34.57669005],[105.73747343,34.57623806],[105.73935443,34.57533107],[105.73886043000002,34.57397509],[105.73847343000001,34.5732811],[105.73814343,34.57230411],[105.73795443,34.57122313],[105.73776143,34.57121213],[105.73771043,34.57110613],[105.73774643,34.57091413],[105.73806443,34.57099213],[105.73837043,34.57044214],[105.73832043,34.56958815],[105.73796443,34.56957715],[105.73789643,34.56946615],[105.73763743,34.56937615],[105.73756143,34.569789150000005],[105.73731543,34.57023814],[105.73712443,34.57093213],[105.73699543,34.57098513],[105.73701343,34.57111513],[105.73667043,34.57105813],[105.73647043,34.57109813],[105.73641143,34.57089613],[105.73547843000001,34.57107713],[105.73525743000002,34.57141413],[105.73446543,34.57147213],[105.73428043,34.57157512],[105.73404343,34.57159512],[105.73370343000002,34.57145613],[105.73332943,34.57141213],[105.73212043,34.57145613],[105.73175543,34.57173212],[105.73096843000002,34.57210112],[105.73066943000002,34.57232211],[105.72948843,34.57241611]]]},"properties":{"gml_id":"layer_township_pg.33059","Name":"石马坪街道","layer":"乡镇","code":"620502006000","grade":4,"2015_POP":45000,"2020_POP":46400,"2023_POP":46900,"area_km2":3.3,"2015_GDP":17.9444,"2020_GDP":26.9572,"2023_GDP":33.726}},{"type":"Feature","geometry":{"bbox":[105.67470043,34.53315265,105.70184943,34.57969801],"type":"Polygon","coordinates":[[[105.68073043,34.56878216],[105.68080443,34.56993615],[105.68090543,34.56994415],[105.68094743,34.57022514],[105.68149243000002,34.57005614],[105.68453943,34.56969015],[105.68487743,34.57184412],[105.68505343,34.57240811],[105.68466443,34.57278911],[105.68350843,34.57264511],[105.68270243,34.57231611],[105.68257943000002,34.57199412],[105.68146543,34.57199812],[105.68225943,34.5734211],[105.68270243,34.5735921],[105.68259843,34.5736581],[105.68137543,34.57440609],[105.68020043000001,34.57463808],[105.67982243,34.57497108],[105.67913343,34.57465108],[105.67903343,34.57477608],[105.67898443000001,34.57509108],[105.67888543,34.57514808],[105.67865443,34.57512608],[105.67861343,34.57501008],[105.67837143,34.57496908000001],[105.67835843,34.57464608],[105.67826743,34.57454708],[105.67799643,34.57452308],[105.67784643,34.57453208],[105.67773543,34.57463208],[105.67776943,34.57495508],[105.67761843,34.57503008],[105.67670443,34.57499208],[105.67659543000002,34.57509208],[105.67646343,34.57573807],[105.67626543,34.57611306],[105.67623943,34.57665905],[105.67508843000002,34.57716905],[105.67475943,34.57741904],[105.67470043,34.57759304],[105.67472343,34.57790004],[105.67560843000001,34.57813703],[105.67554443,34.57890002],[105.67612643000001,34.57895602],[105.67655143,34.57932802],[105.67720643,34.57943402],[105.67754043,34.57969801],[105.67800943,34.57957101],[105.67821143,34.57964601],[105.67836243,34.57961201],[105.67851043,34.57929602],[105.67865143,34.57927902],[105.67870943,34.57904602],[105.67853543,34.57871603],[105.67860343,34.57838303],[105.67914443,34.57816603],[105.67948443,34.57794104],[105.68046843,34.57796204],[105.68141943,34.57890002],[105.68176843,34.57857203],[105.68228043,34.57743104000001],[105.68288043,34.57694205],[105.68348843,34.57663805],[105.68402843,34.57670205],[105.68422343000002,34.576872050000006],[105.68431943,34.57761304],[105.68445243000001,34.57806604],[105.68363843,34.57812303000001],[105.68371843,34.57851303],[105.68449443,34.57857703],[105.68460143,34.57795104000001],[105.68643743,34.57815203],[105.68709143000001,34.57789104],[105.68755343,34.57762204],[105.68807043,34.57665005],[105.68965343,34.57673305],[105.68915943,34.57647806],[105.68879443,34.57601606],[105.68842743,34.57451108],[105.68842243,34.57437509],[105.69057843,34.57436709],[105.69280443,34.57420909],[105.69508943,34.5737031],[105.69877043,34.57252411],[105.70014243,34.572121120000006],[105.69925543,34.57079413],[105.69915443,34.56977415],[105.69914343,34.56842217],[105.69994543,34.56834317],[105.70061443,34.56837817],[105.70063843,34.56861416],[105.69987543,34.56861216],[105.69985443,34.56929116],[105.70087143,34.56931915],[105.70087943,34.56836817],[105.70168043,34.56837717],[105.70164143,34.56788917],[105.70184943,34.56672919],[105.70171343,34.56663719],[105.70161643,34.56657019],[105.69819843,34.56680519],[105.69781543,34.56675319],[105.69713543000002,34.56691719],[105.69651243,34.56692819],[105.69627043,34.56686219],[105.69620143,34.56675119],[105.69582243,34.56654919],[105.69545643000001,34.56647619],[105.69489543,34.56664519],[105.69424743,34.56659719],[105.69394143,34.56654419],[105.69395543,34.5663412],[105.69370943,34.5663252],[105.69338743,34.5663352],[105.69337443,34.56653019],[105.69291243,34.56650719],[105.69293143,34.56640319],[105.69284143,34.5663372],[105.69268643,34.5659562],[105.69240843,34.565643210000005],[105.69233543,34.56532721],[105.69162143,34.56514821],[105.69159043,34.56508221],[105.69141243,34.56530721],[105.69135943,34.56528821],[105.69005043,34.56484322],[105.68958143,34.56482422],[105.68893743,34.56454522],[105.68909443,34.56407623],[105.68745143,34.56364723],[105.68733043,34.56327924],[105.68688643,34.56299524],[105.68657443,34.56293024],[105.68512843,34.56318024],[105.68452843000001,34.56318224],[105.68368543,34.56335524],[105.68338043,34.563136240000006],[105.68201843000001,34.56299724],[105.68154143000001,34.56207825],[105.68137143000001,34.56155226],[105.68140743,34.56138826],[105.68152443,34.56126926],[105.68179943,34.56119427],[105.68223743000001,34.56126326],[105.68236043000002,34.56113827],[105.68263343,34.56129826],[105.68340043000002,34.56129626],[105.68377743,34.56115027],[105.68389543,34.56090027],[105.68383543,34.56073427],[105.68437343,34.56031828],[105.68435443,34.55921629],[105.68436043000001,34.5590323],[105.68391643,34.55755532],[105.68343143,34.55500635],[105.68253543,34.5511064],[105.68296443,34.54081154],[105.68328443,34.53315265],[105.67991043,34.53333465],[105.67895443,34.54089954],[105.67824143,34.54655347],[105.67777043,34.54802345],[105.67609543,34.55324737],[105.67736843,34.55783531],[105.67836343,34.5586473],[105.67892743,34.55961529],[105.67923743,34.56071127],[105.67937243,34.56116827],[105.67928843,34.56122827],[105.67949443,34.56179126],[105.67969643,34.56195726],[105.68011543,34.56301624],[105.68025843,34.56321524],[105.68042943,34.56331324],[105.68096243,34.56329524],[105.68132443000002,34.56341824],[105.68133643,34.56360823],[105.68086943,34.56424922],[105.68082143,34.56453922],[105.68083843,34.56545121],[105.68059843,34.56788317],[105.68073043,34.56878216]]]},"properties":{"gml_id":"layer_township_pg.33060","Name":"天水郡街道","layer":"乡镇","code":"620502007000","grade":4,"2015_POP":87000,"2020_POP":88400,"2023_POP":89200,"area_km2":12,"2015_GDP":34.1902,"2020_GDP":51.3627,"2023_GDP":64.2593}},{"type":"Feature","geometry":{"bbox":[105.65311043,34.50338805,105.80583043,34.62134644],"type":"Polygon","coordinates":[[[105.75117643,34.51824685],[105.75060543000001,34.51782186],[105.74968743,34.51749886],[105.74928543,34.51727087],[105.74802843,34.51717887],[105.74796643,34.51703887],[105.74802943,34.51680987],[105.74768143,34.51585088],[105.74773243,34.5150509],[105.74758543,34.5146829],[105.74653443,34.51334892],[105.74532843,34.51251193],[105.74517543,34.51223793],[105.74517843,34.51204294],[105.74505643,34.51173394],[105.74472843,34.51147994],[105.74465243,34.51132995],[105.74443543,34.51125395],[105.74392443,34.51123495],[105.74347143,34.51140294],[105.74316243,34.51169094],[105.74278543,34.51187594],[105.74226143,34.51195094],[105.74199543,34.51206294],[105.74086943,34.51194994],[105.74036543,34.51173194],[105.73952343,34.51177794],[105.73879243,34.51204394],[105.73850043,34.51237093],[105.73835743,34.51247293],[105.73824343,34.51244693],[105.73820643,34.51232693],[105.73837543,34.51114795],[105.73833643000002,34.51089395],[105.73794843,34.51008096],[105.73797143,34.50987397000001],[105.73827143,34.50953897],[105.73831043,34.50937297],[105.73821643,34.50837399],[105.73788643,34.50835499],[105.73765943,34.50845198],[105.73730943,34.50883898],[105.73666443,34.50865098],[105.73633943,34.50885798],[105.73631643,34.50877698],[105.73640843,34.50853898],[105.73703843000001,34.50797599],[105.73717043,34.507636],[105.73717143000002,34.507375],[105.73703743,34.507235],[105.73375943,34.50691601],[105.73300443,34.50675401],[105.73169043,34.50606002],[105.73129843,34.50595402],[105.73090043,34.50533703],[105.73064743,34.50518703],[105.72908443,34.50476604],[105.72837743,34.50439604],[105.72779143,34.50434304000001],[105.72756243,34.50507203],[105.72698043,34.50588202],[105.72622243,34.50620702],[105.72583043,34.50604702],[105.72509243,34.50533103],[105.72446743,34.50503603000001],[105.72439643,34.50489103],[105.72437943,34.50430904],[105.72424943,34.50393705],[105.72369543,34.50339905],[105.72345743,34.50338805],[105.72317043,34.503698050000004],[105.72294943,34.50377405],[105.72220043,34.50377305],[105.72220243,34.50390205],[105.72201443,34.50414304],[105.72178443,34.50464604],[105.72152143,34.50488603],[105.72094643,34.50507303],[105.72072343,34.50566602],[105.72074543,34.50623602],[105.72061343,34.50624701],[105.72033843,34.50601802],[105.72030543,34.50573002],[105.72040043,34.505641020000006],[105.72038243,34.50555202],[105.71944143,34.50521703],[105.71952743,34.50560502],[105.71944143,34.50602702],[105.71966543000002,34.50635501],[105.71918043,34.50648801],[105.71895543,34.50666301],[105.71876543,34.50696101],[105.71889843,34.507165],[105.71882543,34.507225],[105.71830943,34.507128],[105.71787943,34.50797399],[105.71767043,34.50814699],[105.71707443,34.508406990000005],[105.71672443,34.50872398],[105.71577343,34.50847698],[105.71531243,34.50844799000001],[105.71521743,34.50816399],[105.71490643,34.50791599],[105.71492343,34.50771899],[105.71442943,34.507324],[105.71398443,34.507216],[105.71354143,34.50773399],[105.71290943000001,34.50822299],[105.71163543,34.50840799],[105.71141343,34.50861998],[105.71129843,34.50863798],[105.71114343,34.50849998],[105.71105643,34.50853198],[105.71086743,34.50867898],[105.71079043,34.50899598],[105.71086043,34.50926297],[105.71073843,34.50933597],[105.71050343,34.50920698],[105.71030743000001,34.50886098],[105.70982743,34.50860498],[105.70660243,34.507468],[105.70651243,34.507508],[105.70616043,34.50811499],[105.70593943,34.50861498],[105.70600743,34.50877198],[105.70692143,34.50878998],[105.70742943,34.50887398],[105.70804643,34.50917998],[105.70821543,34.50939097],[105.70825343,34.50962297],[105.70810843,34.50974797],[105.70800843000002,34.50973597],[105.70718443,34.509224970000005],[105.70685543,34.50919197],[105.70646243,34.50931897],[105.70588043,34.50925997],[105.70518443,34.50960297],[105.70507143,34.50993697],[105.70518143,34.51012796],[105.70545143,34.51033196],[105.70573243,34.51041696],[105.70614443,34.51041596],[105.70622543,34.51050196],[105.70615643,34.51069695],[105.70559243000001,34.51098095],[105.70613543,34.51116895],[105.70613343,34.51166694],[105.70637443,34.51177694],[105.70687643,34.51183294],[105.70767243,34.51204894],[105.70819043,34.51237093],[105.70853643000001,34.51177194000001],[105.70862743,34.51121195],[105.70873743,34.51111595],[105.70889243,34.51113595],[105.70902443,34.51136395],[105.70949143,34.51140294],[105.70980443,34.51159294],[105.70982643000002,34.51188294],[105.70937043,34.51309492],[105.70926843,34.51347592],[105.70929043,34.51368891],[105.70950243,34.51428791],[105.70959743,34.5143169],[105.71000443000001,34.51396291],[105.71017043,34.51394091],[105.71012443,34.5145299],[105.71003543,34.5147249],[105.70940143,34.5149359],[105.70894543,34.51611788],[105.70887843000001,34.51625188],[105.70842843,34.51638988],[105.70828543,34.51665987],[105.70819743,34.51743686],[105.70793843,34.51769086000001],[105.70769943,34.51807285],[105.70529343,34.51938384],[105.70486543,34.51967983],[105.70411343,34.52036282],[105.70345743,34.52110281000001],[105.70170643,34.5221068],[105.70093743,34.52240679],[105.70035743,34.52277079],[105.69922043,34.52332978],[105.69789343,34.52519676],[105.69776243,34.52575775],[105.69749043,34.52620174],[105.69711343,34.52660174],[105.69642843,34.52691473],[105.69625243,34.52689573],[105.69569043,34.526806730000004],[105.69546443,34.52671574],[105.69528743,34.52650074],[105.69463243,34.52628374],[105.69422343,34.52579275],[105.69386043,34.52554875],[105.69347343,34.52543475],[105.69273543,34.52533776],[105.69232343,34.52588575],[105.69178143,34.52597675],[105.69168043,34.52581475],[105.69177743,34.52545375],[105.69170743,34.52481576],[105.69152143,34.52429477],[105.69131043,34.52415077],[105.69090943,34.52414377],[105.69081943,34.52423577],[105.69075743,34.52447677],[105.69083443,34.52536975],[105.69068143,34.52575175],[105.69058143,34.52579375],[105.69038643,34.52577775],[105.69012543000001,34.52550075],[105.69005843,34.52466876],[105.68999743,34.52450377],[105.68983543,34.52444177],[105.68924543,34.52445277],[105.68885643,34.52424677],[105.68826943,34.52425377],[105.68786743000001,34.52415077],[105.68689043,34.52458177],[105.68626143,34.52433577],[105.68587443,34.52429177],[105.68570643,34.52438777],[105.68619843,34.52465576],[105.68674943,34.52510876],[105.68683043,34.52523676],[105.68673143,34.52556475],[105.68677743,34.52576375],[105.68787843,34.52602075],[105.68891143,34.52684873],[105.68955143,34.52662674],[105.68966843,34.52666374],[105.68934343000001,34.52741573],[105.68934043,34.52839371],[105.68918643,34.5292687],[105.68875043,34.5296317],[105.68843043000001,34.52975669],[105.68769243,34.5296567],[105.68691843,34.5296517],[105.68665643,34.5295437],[105.68642543,34.5295657],[105.68638443,34.52884471],[105.68626843000001,34.52880771],[105.68614043,34.52894971],[105.68602243,34.5293227],[105.68577643,34.5294477],[105.68556543,34.5293287],[105.68565243000002,34.52897571],[105.68560243,34.52888071],[105.68551243,34.52889271],[105.68501343000001,34.5295207],[105.68477343,34.5296057],[105.68411943,34.5295077],[105.68347743,34.5295767],[105.68337843,34.5296557],[105.68345643,34.53003669],[105.68366343,34.53023069],[105.68416143,34.53031569],[105.68428843,34.53043169],[105.68448043,34.53069668],[105.68467743,34.53081968],[105.68473143,34.53125967],[105.68446743,34.53150867],[105.68423243,34.53157167],[105.68343443,34.53151167],[105.68305343,34.53158867],[105.68304543,34.53188267],[105.68323043,34.53225566],[105.68321143,34.53303865],[105.68315743,34.53311765],[105.67839643,34.53328065],[105.67793043,34.53608561],[105.67796343,34.53782858],[105.67806743,34.53897657],[105.67716343,34.53900057],[105.67637343,34.53767459],[105.67607943000002,34.53735159],[105.67597043,34.5369536],[105.67609543,34.53622361000001],[105.67605943,34.53612461],[105.67595843000001,34.53610061],[105.67547143,34.53606461],[105.67540343,34.53618961],[105.67548843,34.53840558],[105.67541043,34.53855857],[105.67517343,34.53858957],[105.67483143,34.53840858],[105.67447943,34.53773459],[105.67415443,34.53729159],[105.67362543,34.5370206],[105.67175243,34.53630961],[105.67121443,34.53595161],[105.67038043,34.53521262],[105.67004743,34.53507662],[105.66943543,34.53493762],[105.66816243,34.53479363],[105.66716743,34.53486263],[105.66694943,34.53492162],[105.66556943,34.53582261],[105.66516443,34.53598961],[105.66469743,34.53602761],[105.66435543,34.5367596],[105.66431543,34.53743059],[105.66437743,34.53782458],[105.66458443,34.53843558],[105.66537843000002,34.54009155],[105.66580243,34.54061655],[105.66747743,34.54130154],[105.66763443,34.54144053],[105.66772943,34.54155553],[105.66792843,34.54222852],[105.66842143,34.54314551],[105.66986743,34.54416950000001],[105.66995243,34.5443205],[105.66983743,34.54474549],[105.66920743,34.54539748],[105.66898543,34.54579648],[105.66894343,34.54618047],[105.66899343,34.54681146],[105.66892543,34.54712046],[105.66881743,34.54735845],[105.66799443,34.54835244],[105.66769643,34.54974142],[105.66790943,34.55039441],[105.66804243,34.55048141],[105.66884543,34.55044341],[105.66974843,34.5511714],[105.67000643,34.55209439],[105.67003043,34.55298438],[105.67039743,34.55337737],[105.67039043,34.55355637],[105.67008343,34.55375937],[105.66941543,34.55377237],[105.66902543,34.55423136],[105.66885943,34.55459436],[105.66821743,34.55431136],[105.66796743,34.55438136],[105.66757043,34.55499735],[105.66714543,34.55530535],[105.66718443,34.55542134],[105.66779843,34.55552734],[105.66772243000001,34.55599534],[105.66603943,34.55606134],[105.66497743,34.55593534],[105.66405643,34.55543234],[105.66364943,34.55531535],[105.66282443,34.55530035],[105.66240143,34.55547834],[105.66213843,34.55571634],[105.66184043,34.55618233],[105.66123043,34.55668833],[105.66099943,34.55704232000001],[105.66108343,34.55718232],[105.66100143,34.55794731],[105.66063143,34.5587233],[105.66036143,34.55914529],[105.65990543,34.55935629],[105.65987643,34.55953229],[105.66003143,34.55963129],[105.66048843,34.55950429],[105.66067943,34.55948529],[105.66073743,34.55954229],[105.66076443,34.55976929],[105.66038443,34.55988228],[105.66029043,34.56003128],[105.66037643,34.56016428],[105.66080843,34.56034628],[105.66112943,34.56179826],[105.66033943,34.56186426],[105.66013643,34.56180826],[105.65954043,34.56142026],[105.65893143000001,34.56145026],[105.65869343,34.56125526],[105.65842043,34.56090727],[105.65836743,34.56068327],[105.65841743,34.56055827],[105.65855143,34.56048728],[105.65946443,34.56037228],[105.65934243,34.56000928],[105.65891743,34.55967829],[105.65861143,34.55955329],[105.65737843,34.55966829],[105.65687343,34.56004728],[105.65650743,34.56078927],[105.65644743,34.56165426],[105.65636443,34.56193426],[105.65616143,34.56185126],[105.65592143,34.56160026],[105.65562843,34.56091727],[105.65513243,34.56015128],[105.65494443,34.55997028],[105.65311043,34.55986428],[105.65408443,34.56082827],[105.65477843,34.56193826],[105.65463443000002,34.56417623],[105.65472243000002,34.56519221],[105.65488143,34.5656362],[105.65668443,34.56563421],[105.65672743,34.56512121000001],[105.65824243,34.56512321],[105.65822443,34.56563921],[105.65814543000002,34.5657372],[105.65704143,34.5658212],[105.65701243,34.56773618],[105.65788043,34.56778018],[105.65796943,34.56977015],[105.65697143,34.56968415],[105.65694943,34.57037014],[105.65673043,34.57073914],[105.65585143,34.57106213],[105.65514543,34.57122413],[105.65366343,34.57117613],[105.65328643,34.57131513],[105.65353943,34.57233311000001],[105.65362443,34.5733871],[105.65340943,34.57460208],[105.65362843,34.57488808],[105.65394243000001,34.57501908],[105.65390143000002,34.57528907],[105.65399643,34.57610106],[105.65795243,34.57660706],[105.65791643,34.57720405],[105.65757543,34.57811803],[105.65757043,34.57849003],[105.65789443,34.57910602],[105.65792143,34.57936702],[105.65761243,34.57985501],[105.65770943,34.58024001],[105.65764943,34.580391],[105.65751543,34.580433],[105.65639543,34.58027901],[105.65572343000001,34.580821],[105.65538243,34.58119199],[105.65526743,34.58154599],[105.65551543,34.58207598],[105.65548243,34.58224798],[105.65580243,34.58325996],[105.65586243,34.58396695],[105.65556543,34.58463395],[105.65531943,34.58560893],[105.65616943,34.58570593],[105.65701143,34.58601193],[105.65806543000001,34.58608593],[105.65837343,34.58601493],[105.65833943,34.58587693],[105.65924743,34.58593293],[105.65942743,34.58581193],[105.65954843,34.58544393],[105.65966843000001,34.58534894],[105.65985143,34.58547893],[105.66028743,34.58611793],[105.66046443,34.58624892],[105.66053543,34.58597893],[105.66070443000001,34.58586893],[105.66143043,34.58581393],[105.66200743,34.58586893],[105.66267943,34.58574593],[105.66375643,34.58584893],[105.66396043,34.58596193],[105.66425943,34.58593693],[105.66454843,34.58604293],[105.66463843,34.58589993],[105.66471843,34.58590293],[105.66518843,34.58613893],[105.66530343,34.58555093],[105.66557743,34.58587393],[105.66609943,34.58624092],[105.66768843,34.58680192],[105.66820743,34.58712491],[105.66841043,34.58706791],[105.66879543,34.58676792],[105.66906943000001,34.58677892],[105.66912943,34.58644192],[105.66900043,34.58589293],[105.66905543,34.58581793],[105.66915643,34.58584693],[105.66953543,34.58628692],[105.66952343,34.58570493],[105.66959243,34.58560693],[105.66986243,34.58558593],[105.67018043,34.58538594],[105.67064643,34.58531994],[105.67125943,34.58560793],[105.67139043,34.58557593],[105.67190843,34.58476594],[105.67193943,34.58417795],[105.67184643,34.58381996],[105.67271243,34.58314497],[105.67299443,34.58301097],[105.67732443,34.58311597],[105.67934343,34.58264497],[105.67934643,34.58294297],[105.67913443,34.58352896],[105.67929743,34.58378796],[105.67966043,34.58397595],[105.67991643,34.58402295],[105.68025943,34.58401395],[105.68070943,34.58387496],[105.68095743,34.58389896],[105.67976343,34.58265097],[105.67990843,34.58225398],[105.68009543,34.58198998],[105.68025643,34.581364990000004],[105.68012943,34.580523],[105.68016943,34.58013001],[105.68031943,34.57991801],[105.67997343,34.57967401],[105.68141943,34.57890002],[105.68046843,34.57796204],[105.67948443,34.57794104],[105.67914443,34.57816603],[105.67860343,34.57838303],[105.67853543,34.57871603],[105.67870943,34.57904602],[105.67865143,34.57927902],[105.67851043,34.57929602],[105.67836243,34.57961201],[105.67821143,34.57964601],[105.67800943,34.57957101],[105.67754043,34.57969801],[105.67720643,34.57943402],[105.67655143,34.57932802],[105.67612643000001,34.57895602],[105.67554443,34.57890002],[105.67560843000001,34.57813703],[105.67472343,34.57790004],[105.67470043,34.57759304],[105.67475943,34.57741904],[105.67508843000002,34.57716905],[105.67623943,34.57665905],[105.67626543,34.57611306],[105.67646343,34.57573807],[105.67659543000002,34.57509208],[105.67670443,34.57499208],[105.67761843,34.57503008],[105.67776943,34.57495508],[105.67773543,34.57463208],[105.67784643,34.57453208],[105.67799643,34.57452308],[105.67826743,34.57454708],[105.67835843,34.57464608],[105.67837143,34.57496908000001],[105.67861343,34.57501008],[105.67865443,34.57512608],[105.67888543,34.57514808],[105.67898443000001,34.57509108],[105.67903343,34.57477608],[105.67913343,34.57465108],[105.67982243,34.57497108],[105.68020043000001,34.57463808],[105.68137543,34.57440609],[105.68259843,34.5736581],[105.68270243,34.5735921],[105.68225943,34.5734211],[105.68146543,34.57199812],[105.68257943000002,34.57199412],[105.68270243,34.57231611],[105.68350843,34.57264511],[105.68466443,34.57278911],[105.68505343,34.57240811],[105.68487743,34.57184412],[105.68453943,34.56969015],[105.68149243000002,34.57005614],[105.68094743,34.57022514],[105.68090543,34.56994415],[105.68080443,34.56993615],[105.68073043,34.56878216],[105.68059843,34.56788317],[105.68083843,34.56545121],[105.68082143,34.56453922],[105.68086943,34.56424922],[105.68133643,34.56360823],[105.68132443000002,34.56341824],[105.68096243,34.56329524],[105.68042943,34.56331324],[105.68025843,34.56321524],[105.68011543,34.56301624],[105.67969643,34.56195726],[105.67949443,34.56179126],[105.67928843,34.56122827],[105.67937243,34.56116827],[105.67923743,34.56071127],[105.67892743,34.55961529],[105.67836343,34.5586473],[105.67736843,34.55783531],[105.67609543,34.55324737],[105.67777043,34.54802345],[105.67824143,34.54655347],[105.67895443,34.54089954],[105.67991043,34.53333465],[105.68328443,34.53315265],[105.68296443,34.54081154],[105.68253543,34.5511064],[105.68343143,34.55500635],[105.68391643,34.55755532],[105.68436043000001,34.5590323],[105.68435443,34.55921629],[105.68437343,34.56031828],[105.68383543,34.56073427],[105.68389543,34.56090027],[105.68377743,34.56115027],[105.68340043000002,34.56129626],[105.68263343,34.56129826],[105.68236043000002,34.56113827],[105.68223743000001,34.56126326],[105.68179943,34.56119427],[105.68152443,34.56126926],[105.68140743,34.56138826],[105.68137143000001,34.56155226],[105.68154143000001,34.56207825],[105.68201843000001,34.56299724],[105.68338043,34.563136240000006],[105.68368543,34.56335524],[105.68452843000001,34.56318224],[105.68512843,34.56318024],[105.68657443,34.56293024],[105.68688643,34.56299524],[105.68733043,34.56327924],[105.68745143,34.56364723],[105.68909443,34.56407623],[105.68893743,34.56454522],[105.68958143,34.56482422],[105.69005043,34.56484322],[105.69135943,34.56528821],[105.69141243,34.56530721],[105.69159043,34.56508221],[105.69162143,34.56514821],[105.69233543,34.56532721],[105.69240843,34.565643210000005],[105.69268643,34.5659562],[105.69284143,34.5663372],[105.69293143,34.56640319],[105.69291243,34.56650719],[105.69337443,34.56653019],[105.69338743,34.5663352],[105.69370943,34.5663252],[105.69395543,34.5663412],[105.69394143,34.56654419],[105.69424743,34.56659719],[105.69489543,34.56664519],[105.69545643000001,34.56647619],[105.69582243,34.56654919],[105.69620143,34.56675119],[105.69627043,34.56686219],[105.69651243,34.56692819],[105.69713543000002,34.56691719],[105.69781543,34.56675319],[105.69819843,34.56680519],[105.70161643,34.56657019],[105.70171343,34.56663719],[105.70187943,34.56658019],[105.70211443,34.56703219],[105.70294243,34.56705819],[105.70316843,34.56645419],[105.70441143,34.56694619],[105.70488843,34.56723618000001],[105.70654043000002,34.56788217],[105.70673743,34.56778018],[105.70733643,34.56788617],[105.70765443,34.56803017],[105.70854443,34.56809117],[105.70889943,34.56835917],[105.70971043,34.56918916],[105.71012043,34.56936015],[105.71261243000001,34.56961015],[105.71319043,34.56979015],[105.71313543,34.57006614],[105.71355743,34.57020514],[105.71368143,34.57018614],[105.71376043,34.56966315],[105.71458343,34.56969415],[105.71495443,34.56954215],[105.71536443,34.56954315],[105.71544943,34.56900016],[105.71552343,34.56890016],[105.71655943,34.56909816],[105.71676343,34.56907716],[105.71704843,34.56890616],[105.71750043,34.56900116],[105.71770943,34.56912116],[105.71712543,34.56802217],[105.71720243,34.56785018],[105.71780343,34.56761318],[105.71884043000001,34.56737318],[105.71926443,34.56711719],[105.71905543,34.5661282],[105.71908843,34.5656622],[105.71980343,34.56200025],[105.72009643,34.56108227],[105.72020943,34.56113127],[105.72017843,34.56122427],[105.72090343,34.56131826],[105.72083143,34.56167626],[105.72067443,34.56178126],[105.72063043,34.56243525],[105.72044243,34.56293124],[105.72067043,34.56299824],[105.72056243,34.56311724],[105.72065343,34.56318124],[105.72019243,34.56372223],[105.72001243,34.56420222],[105.71981143,34.56440922],[105.71974643,34.56493921],[105.71984843,34.5660352],[105.72003443,34.56700119],[105.72001243,34.56732718],[105.72021943,34.56797117],[105.72034143,34.56806917],[105.72007943,34.56857217],[105.72021043,34.56908616],[105.72059043,34.56970615],[105.72092443000001,34.57005814],[105.72129243,34.57029714],[105.72182043,34.57026314],[105.72342343,34.57090013],[105.72440643,34.57120313],[105.72477543,34.57126113],[105.72546143,34.57107913],[105.72650443,34.57118413],[105.72632543,34.57176012],[105.72634443,34.57194212],[105.72833543,34.57242511],[105.72948843,34.57241611],[105.73066943000002,34.57232211],[105.73096843000002,34.57210112],[105.73175543,34.57173212],[105.73212043,34.57145613],[105.73332943,34.57141213],[105.73370343000002,34.57145613],[105.73404343,34.57159512],[105.73428043,34.57157512],[105.73446543,34.57147213],[105.73525743000002,34.57141413],[105.73547843000001,34.57107713],[105.73641143,34.57089613],[105.73647043,34.57109813],[105.73667043,34.57105813],[105.73701343,34.57111513],[105.73699543,34.57098513],[105.73712443,34.57093213],[105.73731543,34.57023814],[105.73756143,34.569789150000005],[105.73763743,34.56937615],[105.73789643,34.56946615],[105.73796443,34.56957715],[105.73832043,34.56958815],[105.73837043,34.57044214],[105.73806443,34.57099213],[105.73774643,34.57091413],[105.73771043,34.57110613],[105.73776143,34.57121213],[105.73795443,34.57122313],[105.73882543,34.57029614],[105.73910243,34.57036514],[105.73977443,34.569572150000006],[105.73978743,34.56873016],[105.73990943,34.56808117],[105.74142643,34.56658519],[105.74158943000002,34.56642319],[105.74342843,34.5659762],[105.74579843000001,34.5658632],[105.74254743,34.57105613],[105.74372643,34.57132013],[105.74431243,34.57160612],[105.74490643,34.57166112],[105.74539043,34.57179612],[105.74591743000002,34.57213412],[105.74585143,34.57250811000001],[105.74632543,34.57273711],[105.74651843,34.5730031],[105.74703043,34.57244811],[105.74778543,34.57270711],[105.74881243,34.57274411],[105.75086143000001,34.5730991],[105.75083843,34.57170712],[105.75240443,34.57160012000001],[105.75243943,34.57195912],[105.75277243,34.57205212],[105.75321843,34.57202012],[105.75348343,34.57148913],[105.75451443,34.57139713],[105.75457243,34.57082613],[105.75538943,34.57060214],[105.75589143,34.57070114],[105.75605143,34.57107013],[105.75625943,34.57130913],[105.75786143,34.57178712],[105.75824743,34.57212612],[105.75866043,34.57215812],[105.75889443,34.57231511],[105.75891243,34.57269411],[105.75905243000001,34.57289911],[105.75937743,34.57306710000001],[105.76030643,34.5734061],[105.76106843,34.5734971],[105.76058343,34.57411109],[105.75992643,34.57406009],[105.75901743,34.57429809],[105.75883843,34.57488108],[105.75875343,34.57496908000001],[105.75868543,34.57557807],[105.75961443,34.57581807],[105.76093143,34.57638806],[105.76115943,34.57626406],[105.76146543,34.57594006],[105.76185843,34.573890090000006],[105.76280543,34.57405709],[105.76427543,34.57401109],[105.76534443,34.57621606],[105.76600243,34.57636806],[105.76651943,34.57634706],[105.76649543,34.57604706],[105.76599243,34.57539307],[105.76601343,34.57462308000001],[105.76642643,34.57393209],[105.76663543000001,34.57275011],[105.76683143,34.57245511],[105.76753743,34.57212012000001],[105.76853843,34.57219612],[105.76916943,34.57207012],[105.76955643,34.57198312],[105.76972443,34.57165312],[105.77080043,34.57138613000001],[105.77093943,34.57110413],[105.77178443,34.57044014],[105.77195443,34.57043914],[105.77190143,34.57076814],[105.77201643,34.57095513],[105.77255443,34.57083413],[105.77269943,34.57111513],[105.77341643,34.57198012],[105.77434543000001,34.57457108],[105.77431643,34.57464708],[105.77452743,34.57485108],[105.77223043,34.57571407],[105.77242443,34.57609406],[105.77187343,34.57636706],[105.77321743000002,34.57827303],[105.77370743,34.57880403],[105.77431943,34.57902302],[105.77538843,34.57925302],[105.77544643,34.57928202],[105.77483743,34.57967001],[105.77301543,34.580406],[105.76760843,34.58266597],[105.76474743,34.58389596],[105.76467043,34.58385896],[105.76303643000001,34.58301397],[105.76084643,34.58206498],[105.76039143000001,34.58232398],[105.76016443,34.58245398],[105.76006443,34.58312197],[105.76048943,34.58325896],[105.76064143,34.58381896],[105.75981843,34.58413895],[105.75918443,34.58431895],[105.75842343,34.58435995],[105.75833643,34.58418495],[105.75748143,34.58422595],[105.75707943,34.58433395],[105.75716743,34.58461295],[105.75657443,34.58475694],[105.75633943,34.58446095],[105.75608443,34.58451495],[105.75615343,34.58493494],[105.75551743,34.58495694],[105.75551243,34.58432595],[105.75406843,34.58441395],[105.75352243,34.58447895],[105.75327643,34.58321797],[105.75262743,34.58325596],[105.75257843,34.58325896],[105.75261343,34.58479994],[105.75246643000001,34.584993940000004],[105.75204243,34.58497894],[105.75204543,34.58527694],[105.75151643000001,34.58527994],[105.75050043,34.58544393],[105.75041943,34.58584793],[105.74840743,34.58598293],[105.74779543,34.58640792],[105.74763143,34.58666292],[105.73611643,34.58640492],[105.73467143,34.58626092],[105.73454943,34.58699791],[105.73459043,34.58751091],[105.73438643,34.58752191],[105.73442143,34.588534890000005],[105.73266843,34.58872589],[105.73149143,34.58889489],[105.73088243,34.58882689],[105.72931343,34.58891189],[105.72864343,34.58914488],[105.72848943,34.58914588],[105.72841543,34.588967890000006],[105.72779143,34.58906689],[105.72760443,34.58884389],[105.72687643,34.58903489],[105.72597143,34.58924788],[105.72521643,34.58930288],[105.72487643,34.58922788],[105.72406643,34.58925188],[105.72358443,34.58933888],[105.72332643,34.58954588],[105.72295643,34.58924288],[105.72245443,34.58948988],[105.72245243,34.58995087],[105.72263943,34.59029587],[105.72187143,34.59067386],[105.72152343,34.59092386],[105.72148643,34.59109586],[105.72110343,34.59135885],[105.72091643,34.59134785],[105.72067143,34.59113486],[105.72029843,34.59130485],[105.72004343,34.59154385],[105.72004143,34.59162285],[105.72026943000002,34.59184885],[105.72044543000001,34.59174385],[105.72056843,34.59187985],[105.72056343,34.59201585],[105.72014743,34.59223284],[105.71983243,34.59224484],[105.71966543000002,34.59232684],[105.71952643,34.59262384],[105.71924843,34.59280783],[105.71899343,34.59278983],[105.71851743,34.59259784],[105.71798043000001,34.59203884],[105.71841843,34.59161085],[105.71898543,34.59120786],[105.71887543,34.59112686],[105.71854043,34.59086286],[105.71853043,34.59073786],[105.71954243,34.58977288],[105.72024443,34.58845789],[105.72027143,34.5879319],[105.71993943,34.5876389],[105.71925343,34.58728091],[105.71816743,34.58704191],[105.71697343,34.58666892],[105.71642843,34.58659792],[105.71566343,34.58633692],[105.71540643,34.58640092],[105.71435143,34.58614193],[105.71306443,34.58563393],[105.71273943000001,34.58548893],[105.71292743,34.58521294],[105.71290543000002,34.58503694],[105.71253243,34.58490894],[105.71207343,34.58504994],[105.71190543,34.58528794],[105.71168243,34.58542194],[105.71126043,34.58528994],[105.71108043,34.58478594],[105.71087943,34.58469594],[105.70991743,34.58504294],[105.70953443,34.58509194],[105.70927743,34.58481194],[105.70910043,34.58416895],[105.70904243,34.58414395],[105.70829643,34.58433395],[105.70775043000002,34.58483694],[105.70765443,34.58485794],[105.70768043,34.58458995],[105.70755943,34.58450395],[105.70724543,34.58452995],[105.70648643,34.58476694],[105.70602143,34.58456195],[105.70607643,34.58402695],[105.70550243000001,34.58364496],[105.70460843,34.58357596],[105.70417143,34.58342496],[105.70230343,34.58305697],[105.70219043,34.58252497],[105.70158243,34.58241098],[105.70085943,34.58242898],[105.70080043,34.58253097],[105.70030443,34.58246798],[105.70008843,34.58316097],[105.69995543,34.58328396],[105.69981743,34.58326196000001],[105.69952743,34.58311997],[105.69874343,34.58220898],[105.69833943,34.58197998],[105.69819343,34.58166999],[105.69841743,34.58151499],[105.69826343,34.58143099],[105.69752643,34.58127299],[105.69661843,34.58143299],[105.69626943000002,34.58135599],[105.69603243,34.58144799],[105.69580943,34.58143299],[105.69547343,34.58120599],[105.69548543000002,34.58101700000001],[105.69538543,34.580922],[105.69496543,34.580795],[105.69483443,34.580966],[105.69473043,34.58095],[105.69447243,34.580762],[105.69275043,34.58008801],[105.69232543,34.58012101],[105.69060943,34.57995001],[105.69047643,34.58005301],[105.68986943,34.58017101],[105.68958943,34.58010501],[105.68937043,34.57996401],[105.68916343,34.57998901],[105.68901243,34.58012801],[105.68921443,34.580334],[105.69002643,34.580697],[105.69016243000002,34.581005],[105.69127143,34.58109799],[105.69170443,34.58106099],[105.69186043,34.58114999],[105.69186143,34.58136899],[105.69137343,34.58165599],[105.69108043,34.58216298],[105.68994743000002,34.58278397],[105.68964543,34.58301897],[105.68960043,34.58319497],[105.68966843,34.58373396],[105.69003143000002,34.58460695],[105.68991243,34.58591293],[105.69007743,34.58610193],[105.69050443000002,34.58629792],[105.69074843,34.58651892],[105.69156243,34.5876939],[105.69205043,34.58878689],[105.69207643,34.58902789],[105.69150943000001,34.58980988],[105.69102943,34.59033287],[105.69101243,34.59042387],[105.69134943,34.59061886],[105.69137743,34.59072486],[105.69126443,34.59095586],[105.69064343000001,34.59116286],[105.69024043,34.59119086],[105.68922443,34.59156585],[105.68844343,34.59192085],[105.68802843,34.59222184],[105.68798943,34.592467840000005],[105.68943543,34.59314683],[105.68946543,34.59328883],[105.68925043,34.59335283],[105.68841143,34.59310083],[105.68714543,34.59344983],[105.68696043000001,34.59357682],[105.68645343,34.59422981],[105.68611743,34.59451981],[105.68361943,34.59589779],[105.68276643,34.59603679],[105.68113843,34.59608079],[105.68106843000001,34.59693078],[105.68097743,34.59717577],[105.68073243,34.59747877],[105.67970143,34.59837176],[105.67929943,34.59853176],[105.67577343,34.59943974],[105.67588743,34.60043973],[105.67579143,34.60122972],[105.67465243,34.60224071],[105.67448943,34.6022607],[105.67334743,34.60197171],[105.67281743,34.60191071],[105.67269443,34.60179871],[105.67264443,34.60149272000001],[105.67234743,34.60119472],[105.67212743,34.60112972],[105.67210843,34.60152772],[105.67202343,34.60155271],[105.67182743,34.60134972],[105.67167543,34.60133372],[105.67123543000001,34.60189271],[105.67069943,34.60212971],[105.67016643,34.60207271],[105.66920043,34.60176471],[105.66917043,34.60181671],[105.66934243,34.60214771],[105.66921843,34.6024947],[105.66920543,34.6028777],[105.66908743,34.60303269],[105.66889343000001,34.60315169],[105.66864043,34.60318769],[105.66818643,34.60307769],[105.66798743,34.6029557],[105.66776643,34.6029607],[105.66745143,34.60311869],[105.66687943,34.60357069],[105.66642743,34.60362569],[105.66587643,34.60346569],[105.66571943,34.60335869],[105.66569643,34.60310069],[105.66554243,34.6029267],[105.66515943,34.6026467],[105.66496043,34.6026187],[105.66476343,34.6028917],[105.66492243,34.60308869],[105.66493743,34.60340369],[105.66517143,34.60371368],[105.66539843,34.60509867],[105.66494743,34.60579566],[105.66441343,34.60615465],[105.66425243000002,34.60636965],[105.66421243,34.60661365],[105.66442743,34.60728464],[105.66441843,34.60753063],[105.66477943,34.60787363],[105.66544443,34.60868862],[105.66594443,34.60961060000001],[105.66649443,34.6099826],[105.66679243,34.6102996],[105.66678043,34.61045159],[105.66717243,34.61073859],[105.66884343,34.61102459],[105.67017343,34.61175458],[105.67143543,34.61188557],[105.67174043,34.61182157],[105.67179343,34.61166458],[105.67195243,34.61153958],[105.67198243,34.61137358],[105.67177943,34.61095859],[105.67143443,34.61059859],[105.67168843,34.61048559],[105.67147243,34.60954361],[105.67102943,34.60917561],[105.67112643,34.60867062],[105.67135743,34.60857162],[105.67170643000001,34.60860262],[105.67217343,34.60837962],[105.67357143000001,34.60810862],[105.67389643,34.60815962],[105.67431943,34.60849862],[105.67446343,34.60849262],[105.67524843,34.60732364],[105.67542143,34.60630065],[105.67553543,34.60605265],[105.67568043,34.60596765],[105.67605743,34.60601565],[105.67626743,34.60627465],[105.67638443000001,34.60716764],[105.67652843,34.60738163],[105.67672043,34.60742963],[105.67726743,34.60732364],[105.67732843,34.60723664000001],[105.67684743,34.60653765],[105.67676943,34.60609865],[105.67816243,34.60564766],[105.67824543000002,34.60530466],[105.67801243,34.60498767],[105.67793743,34.60464467],[105.67797543,34.60444667],[105.67820043000002,34.60414468],[105.67840043,34.60404468],[105.67880743,34.60336069],[105.67927143,34.6028497],[105.67958643,34.6023667],[105.68164143,34.6025997],[105.68194343,34.6025567],[105.68216343,34.6024517],[105.68280443,34.60162471],[105.68312143,34.60137272],[105.68311743,34.60176971],[105.68287443,34.60205671],[105.68281143,34.6023527],[105.68318943000001,34.6029027],[105.68319243,34.60335569],[105.68326043,34.60350169],[105.68337743,34.60354669],[105.68355643,34.60339469],[105.68368643,34.60338269],[105.68403643,34.60362469],[105.68431343000002,34.60325769],[105.68455543,34.60323169],[105.68488343,34.60335969],[105.68529043,34.60394368],[105.68546343,34.60380668],[105.68663043,34.60330469],[105.68669943,34.60321869],[105.68672443,34.6029007],[105.68689543,34.6028037],[105.68712143,34.6029327],[105.68723043,34.60324269],[105.68755343,34.60369469],[105.68765143,34.60399368],[105.68778343000001,34.60540966],[105.68838543,34.60681064],[105.68870443,34.60724664],[105.68967143,34.60758863],[105.69022843,34.60790863],[105.69088843,34.60847162],[105.69147343,34.60941161],[105.69164943,34.60955061],[105.69194343000001,34.60952461],[105.69229543,34.60938961],[105.69378243,34.60929361],[105.69393243,34.60936461],[105.69400643,34.60950161],[105.69401143,34.6100016],[105.69348543,34.61033059],[105.69326043,34.61063659],[105.69283043,34.61080959],[105.69259243,34.61098759],[105.69198543,34.61169658],[105.69178843,34.61214057],[105.69114443,34.61242457],[105.69162343,34.61277256],[105.69161043,34.61367755],[105.69174643,34.61428354],[105.69170143,34.61450154],[105.69137943,34.61494153],[105.69131543,34.61514253],[105.69134543,34.61526253],[105.69145843,34.61533653],[105.69158243,34.61573252],[105.69135343,34.61593252],[105.69129143,34.61612152],[105.69143943,34.61677451],[105.69132743,34.6170555],[105.69130443,34.6175075],[105.69139243,34.61779249],[105.69165643,34.61801249],[105.69206943,34.61820049],[105.69258643000002,34.61904548],[105.69301443,34.61944447],[105.69270743,34.62027146],[105.69229743,34.62061745],[105.69231343,34.62099245],[105.69304543,34.62105345],[105.69379943,34.62083245],[105.69457543,34.62046946],[105.69500043,34.62047446],[105.69543643,34.62074545],[105.69585243,34.62134644],[105.69828343,34.62076845],[105.69891443000002,34.62037146],[105.69986543,34.61949047],[105.70032643,34.61926347],[105.70059943,34.61920347],[105.70515743,34.61924247],[105.70561843,34.61901248],[105.70673343,34.61795249],[105.70767143,34.61668551],[105.70790943,34.61647351],[105.70813243,34.61644151],[105.70844043,34.61648451],[105.70866343000002,34.61665151],[105.70898043,34.6174575],[105.70939443000002,34.61794949000001],[105.70973843,34.61810349],[105.71045943,34.61819949],[105.71150343,34.61815149],[105.71172443,34.617995490000006],[105.71189443,34.61775549],[105.71199343,34.6174435],[105.71200543,34.61672251],[105.71213643,34.61604252],[105.71249143,34.61548852000001],[105.71281443,34.61530353],[105.71349943,34.61525753],[105.71423943,34.61565252],[105.71460243000001,34.61606052],[105.71489843,34.61658251],[105.71529843,34.6173425],[105.71575543,34.61884048],[105.71597043,34.61992846],[105.71614643,34.62017046],[105.71659343,34.62066145],[105.71721043,34.62075745],[105.71799743,34.62055446],[105.71859243,34.62008546],[105.71920143,34.61923547],[105.71968743,34.61812949],[105.72073943,34.6169655],[105.72133043,34.61605552],[105.72157843,34.61521153],[105.72185843,34.61357855],[105.72180142,34.61299956],[105.72186443,34.61241957],[105.72193143,34.61217757],[105.72213443,34.61195157],[105.72279943,34.61166458],[105.72324543,34.61169058],[105.72437743,34.61189657],[105.72604043000001,34.61239957],[105.72735943,34.61241957],[105.72782043,34.61231757],[105.72817743,34.61218957],[105.72845143,34.61197557],[105.72860143,34.61174758],[105.72870343,34.61146558],[105.72874543,34.61040459],[105.72897543,34.60938361],[105.72954943,34.60847662],[105.73103943,34.60737963],[105.73126643,34.60722364],[105.73166043,34.60713864],[105.73244843,34.60718964],[105.73299543,34.60736964],[105.73401143,34.60790263],[105.73650743,34.6096836],[105.73693443,34.6096826],[105.73741743,34.60940861],[105.73890143000001,34.60879162],[105.73974843,34.60877562],[105.74115443,34.60904961],[105.74179443,34.60897761],[105.74195643,34.60890461],[105.74220943,34.60851962],[105.74216543,34.60744663],[105.74200243,34.60647065],[105.74206843,34.60600365],[105.74267443000001,34.60503967],[105.74352043,34.60404468],[105.74375843,34.60387468],[105.74444243,34.60368569],[105.74627043,34.60367469],[105.74644143000002,34.60360369],[105.74679643,34.60319069],[105.74692943,34.6027937],[105.74707343,34.60171771],[105.74725743,34.60130672],[105.74747943000001,34.60105172],[105.74773443,34.60089472],[105.74857043,34.60073373],[105.75029643000002,34.60066573],[105.75098343,34.60010973000001],[105.75168343,34.59956474],[105.75225243,34.59931375],[105.75290243,34.59907075],[105.75372643,34.59895975],[105.75409043,34.59898475],[105.75481043,34.59918475],[105.75654543,34.60018273],[105.75751143,34.60038673],[105.75790443,34.60033973],[105.75969643,34.59907975],[105.76027643,34.59877675],[105.76155743,34.59860476],[105.76321043000002,34.59881475],[105.76385843,34.59892575],[105.76455743000001,34.59917375],[105.76645843,34.60010473],[105.76709343,34.60027873],[105.76803243,34.60031573],[105.76938043,34.60018173],[105.76938043,34.60026873],[105.77232143,34.59962074],[105.77279143,34.59958474],[105.77352843,34.59966374],[105.77507843,34.60017773],[105.77556243,34.60026973],[105.77657543,34.60010373],[105.77836843000001,34.59936974],[105.77921743,34.59909675],[105.78223343,34.59895875],[105.78263843,34.59888575],[105.78356043,34.59849776],[105.78400043000002,34.59807276],[105.78462643,34.59712378],[105.78506243,34.59617479],[105.78553843,34.5955938],[105.78699843,34.59458381],[105.78775343,34.59440381],[105.78932643,34.59405082],[105.79198343,34.59359882],[105.79298843,34.59359182],[105.79364943,34.59364782],[105.79481243,34.59395982],[105.79748943,34.5953498],[105.79806243,34.5955478],[105.79916343,34.5956648],[105.79983443,34.5955248],[105.80258543,34.59447181],[105.80395143,34.59418382],[105.80449643,34.59394882],[105.80562343000001,34.59184585],[105.80582643,34.59131285],[105.80583043,34.59076886],[105.80578243,34.59005487],[105.80559943,34.58943688],[105.80534043,34.58894389],[105.80490443,34.5883279],[105.80395743,34.58745391000001],[105.80328443,34.58725891],[105.80266343,34.58723291],[105.80234843,34.58728891],[105.80092043,34.5878469],[105.80059243,34.5878809],[105.80035043,34.5877369],[105.80028643,34.58759091],[105.80026243,34.58730191],[105.80049943,34.58680892],[105.80057843,34.58641092],[105.80044443,34.58561393],[105.80047343,34.58469795],[105.80092043,34.58378196],[105.80160843,34.58283097],[105.80172143000001,34.58136799],[105.80163843,34.580593],[105.80059343000002,34.57879603],[105.80043243,34.57786204],[105.80032643,34.57598106],[105.80017843,34.57490408],[105.80003343,34.57443009],[105.79968543,34.57393909],[105.79931643,34.5736371],[105.79884543,34.5734001],[105.79796843,34.5731441],[105.79718343,34.5732251],[105.79559643,34.57392109],[105.79478743,34.574453080000005],[105.79385243,34.57492208],[105.79276643,34.57513008],[105.79040343,34.57580907],[105.78892843,34.57611506],[105.78753943,34.57631106],[105.78750443,34.57631606],[105.78478343,34.57669905],[105.78448943,34.57650706],[105.78412543,34.57552407],[105.78365343,34.57253311],[105.78336743,34.57144513],[105.78332943,34.57130213],[105.78291743,34.56973415],[105.78265743000001,34.56899116],[105.78212943,34.56805917],[105.78133543,34.56715618],[105.78002743,34.56534721],[105.77957343,34.56452922],[105.77914443,34.56349323],[105.77915643,34.56216225],[105.77983943,34.55969229],[105.77993743,34.5590343],[105.77986243,34.5588323],[105.77942743,34.5583733],[105.77908343,34.55821931],[105.77824543000001,34.55801531],[105.77706543,34.55789031],[105.77547743,34.55757432],[105.77486643,34.55733732],[105.77368143,34.55671433],[105.77317443000001,34.55670833],[105.77293643,34.55697232],[105.77280043,34.55730932],[105.77275343,34.55776231],[105.77349843,34.55934529],[105.77371843,34.56053827],[105.77359143,34.56072827],[105.77279543,34.56113727],[105.77136743,34.56235425],[105.77076143,34.56269425],[105.76919943,34.56334824],[105.76834443,34.56361123],[105.76751943,34.56369223],[105.76702443,34.563612230000004],[105.76655243,34.56345724],[105.76531643,34.56275124],[105.76494443000001,34.56231225],[105.76478943,34.56198825],[105.76482143,34.56135226],[105.76577343,34.5587143],[105.76576843,34.55814731],[105.76567743000001,34.55784331],[105.76549843,34.55767531],[105.76421843,34.55774831],[105.76379843,34.55755032],[105.76372043000002,34.55729232],[105.76382643,34.55703332],[105.76414143,34.55678933],[105.76516343,34.55634233],[105.76541643,34.55616033],[105.76570443,34.55578334],[105.76576943,34.55538534],[105.76571643,34.55516535],[105.76556243,34.55498635],[105.76537143,34.55491535],[105.76387443,34.55485135],[105.76368343000001,34.55472835],[105.76347743,34.55445436],[105.76340943,34.55400436],[105.76355643000001,34.55224439],[105.76351343,34.5514814],[105.76310743,34.55007742],[105.76278443,34.54927043],[105.76268943,34.54865144],[105.76278043,34.54813144],[105.76315443,34.54733245],[105.76381643,34.54626847],[105.76384343,34.54600647],[105.76370343,34.54580948],[105.76262043,34.54527948],[105.76221043,34.54487449],[105.76192443,34.5439825],[105.76188143,34.54334151],[105.76189943,34.54273252],[105.76154043,34.542272520000004],[105.76106943,34.54204653],[105.75893343,34.54156653],[105.75848743000002,34.54137954],[105.75801543,34.54106954],[105.75758043,34.54063055],[105.75709543000002,34.54011355],[105.75697843,34.53983156],[105.75712943,34.53897557],[105.75755143,34.53784658],[105.75769443,34.53717659],[105.75772343,34.53529262],[105.75787943000002,34.53409464],[105.75820743,34.53331665],[105.75905043000002,34.53203366],[105.75950843,34.53093568],[105.75959943,34.53024869],[105.75955343,34.52986469],[105.75926343000002,34.52897371],[105.75845743,34.52761672],[105.75799543,34.52605874],[105.75756043,34.52531976],[105.75729543,34.52466976],[105.75714243000002,34.52389577],[105.75719643,34.52302279],[105.75688643000001,34.5223638],[105.75567743,34.52080282000001],[105.75499943,34.52016983],[105.75475843,34.52010083],[105.75436743,34.51984583],[105.75433443,34.51962283],[105.75418243,34.51942484],[105.75366843,34.51903384],[105.75277043,34.51875284],[105.75251343000001,34.51859685],[105.75117643,34.51824685]]]},"properties":{"gml_id":"layer_township_pg.33061","Name":"玉泉镇","layer":"乡镇","code":"620502100000","grade":4,"2015_POP":72000,"2020_POP":73300,"2023_POP":74000,"area_km2":37.5,"2015_GDP":15.47874,"2020_GDP":22.965048,"2023_GDP":28.3195}},{"type":"Feature","geometry":{"bbox":[105.51018243,34.47474644,105.67129143,34.61295556],"type":"Polygon","coordinates":[[[105.62883043,34.49406018],[105.62890543,34.49311619],[105.62882743,34.4925272],[105.62868343,34.49224821],[105.62742643,34.49096122],[105.62635643,34.48924225],[105.62593943,34.48830626],[105.62582643,34.48809126],[105.62545743,34.48774327],[105.62462143,34.48606529],[105.62439043000002,34.48387332],[105.62441243,34.48337333],[105.62412443,34.48266634],[105.62398843,34.48256034],[105.62280143000001,34.48234034],[105.62133343,34.48243334],[105.62113343,34.48239234],[105.61886043,34.48264934],[105.61848643,34.48284733],[105.61800543,34.48286633],[105.61779443,34.48274534000001],[105.61629243,34.48088036],[105.61617643,34.48082136],[105.61600343,34.48083936],[105.61594543,34.48091336],[105.61590143,34.48123436],[105.61583043,34.48130136],[105.61558043,34.48126736],[105.61522343,34.48140935],[105.61451943,34.48106636],[105.61332643,34.48066236],[105.61301543,34.48068836],[105.61250643,34.48095236],[105.61207143,34.48088436],[105.61076543,34.48126436],[105.61047743,34.48125136],[105.60961243,34.48099636],[105.60936643,34.48084836],[105.60897543,34.48048037],[105.60830243,34.47959638],[105.60814243,34.47956238],[105.60787543,34.47961538],[105.60773843,34.47983938],[105.60787543,34.48017737],[105.60766343,34.48061236],[105.60730743,34.48078536],[105.60710543000002,34.48080636],[105.60689643,34.48052737],[105.60701943,34.48012237],[105.60697543,34.47995137],[105.60678943,34.47976038],[105.60654543,34.47970638],[105.60635143,34.47985737],[105.60601943,34.47997037],[105.60433443,34.47948138],[105.60351643000001,34.47901739],[105.60279443,34.47845639],[105.60178443000001,34.47754541],[105.60135143,34.47701641],[105.60107243,34.47689942],[105.60060343,34.47742541],[105.59977343,34.4778764],[105.59937943,34.4783184],[105.59903543,34.47844539],[105.59876543,34.47845339],[105.59834943,34.4779604],[105.59812743,34.4778154],[105.59796743,34.4778004],[105.59682743,34.4783104],[105.59657343,34.4782064],[105.59625643,34.47761441],[105.59593543000001,34.47749041],[105.59530543,34.4778284],[105.59485843,34.4779294],[105.59464743,34.4778814],[105.59457043,34.4776304],[105.59341743000002,34.47651942],[105.59295043,34.47597643],[105.59289643,34.47548043],[105.59209143,34.47476644],[105.59179643,34.47474644],[105.59147343,34.47557943],[105.59093943,34.47651042],[105.59076843,34.47728641],[105.59074943,34.4782784],[105.59109243,34.47903039],[105.59134743,34.47934338],[105.59136643,34.47968538],[105.59163843000002,34.47992137],[105.59220343,34.48010537],[105.59354443,34.48121636],[105.59301343,34.48125436],[105.59240543,34.48112436],[105.59163843000002,34.48110736],[105.59151343000002,34.48139435],[105.59154243,34.48190435],[105.59146943,34.48230234],[105.59147343,34.48288833],[105.59164443000002,34.48323733],[105.59131643,34.48328833],[105.59054743,34.48304733],[105.59033743,34.48316033],[105.59018943,34.48364232],[105.59025043,34.48395732],[105.59070943,34.48447131000001],[105.59056843,34.48488331],[105.59021043,34.4852343],[105.58943043,34.48574129],[105.58913543,34.48579229],[105.58879243,34.48609329],[105.58680343,34.48724227],[105.58640143,34.48739127],[105.58622343000002,34.48729427],[105.58575143,34.48729027],[105.58566043000002,34.48747927],[105.58591443,34.48870325],[105.58591043,34.48871025],[105.58543843,34.48943524],[105.58476643,34.48977424],[105.58429643,34.49014623],[105.58412243,34.49055323],[105.58406643,34.49101422],[105.58377543,34.49154522],[105.58303643,34.49199521],[105.58230343,34.4926212],[105.58223843,34.4928452],[105.58211243,34.4928952],[105.58204143,34.49335619],[105.58190643,34.49365019],[105.58132743,34.49410018],[105.58112643,34.49413618],[105.58079043,34.49458517],[105.58078643,34.49532516],[105.58044243,34.49556416],[105.58007243,34.495706160000005],[105.57968743,34.49607215],[105.57941743,34.49602415],[105.57897743,34.49581716],[105.57888343,34.49567816],[105.57877943000001,34.49509917000001],[105.57797543,34.49421718],[105.57753543,34.49404418],[105.57733443,34.49407318],[105.57725743,34.49417818],[105.57713143000001,34.49420818],[105.57689643,34.49414518],[105.57664243,34.49398018],[105.57646343,34.49375019],[105.57627143,34.49387718],[105.57598843,34.49445818],[105.57477343,34.49635715],[105.57348243,34.49744714],[105.57345143,34.49785913],[105.57263243,34.498513120000005],[105.57233943,34.49901111],[105.57228043,34.49940911],[105.57185643,34.500285100000006],[105.57124743,34.50111208],[105.57045143000002,34.50171808],[105.56996443,34.50190107],[105.56942543000001,34.50194007],[105.56868343,34.50229307],[105.56782043000001,34.50249307],[105.56754043,34.50249207],[105.56714943,34.50260206],[105.56688843,34.50252807],[105.56661143,34.50147408],[105.56648043,34.50128308],[105.56617943,34.50113509],[105.56538443,34.50100809],[105.56439243,34.50105009],[105.56147643,34.50183408],[105.55941443,34.50146608],[105.55848443,34.50112108],[105.55767843000001,34.5002631],[105.55749043,34.4998171],[105.55748743,34.49945411],[105.55739443,34.49943411],[105.55660943,34.4996981],[105.55416343000002,34.5002201],[105.55123343,34.50107209],[105.55122943,34.50174608],[105.55131643,34.50210207],[105.55007943,34.50469304],[105.55009843,34.50502003],[105.54999743,34.50509803],[105.54953543,34.50518503],[105.54907143,34.50464304],[105.54815943,34.50409204],[105.54755243,34.50406104],[105.54695143,34.50474904],[105.54659443,34.50540803],[105.54522343,34.50587002],[105.54498043,34.50608902],[105.54466343,34.50647401],[105.54439643,34.50665101],[105.54411543000002,34.507348],[105.54437443,34.50843099],[105.54472343000002,34.50908598],[105.54504443,34.50929397],[105.54520543,34.509528970000005],[105.54520643000001,34.50973197],[105.54499243,34.51052196],[105.54499043,34.51135295],[105.54467443,34.51200494],[105.54447843,34.51297692],[105.54429543,34.51317392],[105.54401243,34.51375491],[105.54367843,34.51412091],[105.54346243000002,34.5145409],[105.54281043,34.51525689],[105.54081943,34.51665987],[105.54001443,34.51704187],[105.53983843,34.51724587],[105.53453343,34.51903484],[105.53339143,34.51923084],[105.53331743,34.51942784],[105.53277043,34.51945884],[105.53263643000001,34.51957183],[105.53242043,34.51990083],[105.53238043,34.52024482],[105.53142043,34.52135381],[105.53082043,34.52240579],[105.53051143000002,34.52402777],[105.53003043,34.52502976],[105.52946143,34.52680773],[105.52940743,34.52759072],[105.52916143,34.52849171],[105.52922043,34.52874571],[105.52906743,34.52879871],[105.52854043,34.52874771],[105.52801543,34.52878871],[105.52718543,34.529095700000006],[105.52639943,34.5291847],[105.52496043,34.5296317],[105.52433443,34.5296127],[105.52374543,34.5293897],[105.52295743,34.5292207],[105.52238443,34.52894871],[105.52112843,34.52899971],[105.52071243,34.52883171],[105.51946843,34.52797072],[105.51912543,34.52764972],[105.51883943,34.52774472],[105.51780343,34.52864171],[105.51749443,34.5293577],[105.51630443,34.53045869],[105.51619143,34.53082568],[105.51599843,34.53089368],[105.51575543,34.53120568],[105.51550743,34.53175967],[105.51487443,34.53227766],[105.51399543,34.53249666],[105.51363843,34.53253766],[105.51336943,34.53246966],[105.51279143,34.53169867],[105.51273943,34.53124467],[105.51233143,34.53057468],[105.51152443,34.53014669],[105.51107443,34.53018169],[105.51082243,34.53030869],[105.51042943,34.53075268],[105.51018243,34.53156767],[105.51048643,34.53241166],[105.51085843,34.53280865],[105.51149043,34.53298565],[105.51206943,34.53409864],[105.51251743,34.53456363],[105.51299243,34.53470563],[105.51342843,34.53445063000001],[105.51421843,34.53438963],[105.51542943,34.53439563],[105.51589243,34.53448963],[105.51579243,34.53463763],[105.51548243,34.53477263],[105.51603643,34.53543062],[105.51613943,34.53598861],[105.51660743,34.5367546],[105.51707543,34.53857357],[105.51690043,34.53888957],[105.51676243,34.53965156],[105.51603143,34.54105254],[105.51630243,34.54122454],[105.51676443,34.54134054],[105.51837343,34.54158653],[105.51905143,34.54110054],[105.51930343,34.54122354],[105.51911343,34.54169453],[105.51885543,34.54205853],[105.51910243,34.54287352],[105.51906143,34.54303551],[105.51868443,34.54323351],[105.51791143,34.54338451],[105.51776843,34.54354051],[105.51795643,34.5438535],[105.51836943,34.5440445],[105.51861443,34.5443165],[105.51867643,34.54469249],[105.51858443,34.54486049],[105.51836743,34.54505749],[105.51639543,34.54549748],[105.51617743,34.54561148],[105.51582643000002,34.54609547],[105.51580343,34.54633947],[105.51595443,34.54630447],[105.51641443,34.54586747],[105.51666643,34.54578148],[105.51681743000002,34.54583048],[105.51690543,34.54630447],[105.51727043,34.54690246],[105.51686943,34.54735945],[105.51697743,34.54745645],[105.51743143000002,34.54734745],[105.51754143,34.54741645],[105.51757443,34.54756345],[105.51731643,34.54789945],[105.51746543,34.54803045],[105.51728143,34.54813044],[105.51724743,34.54831244],[105.51733243,34.54847844],[105.51745243,34.54856144],[105.51790543,34.54863544],[105.51821943,34.54880743],[105.51856743,34.54948343000001],[105.51912843,34.54992542],[105.51924843,34.55035041],[105.51976243,34.55041741],[105.51994843,34.55051441],[105.52010143,34.55077841],[105.52000543,34.5515544],[105.52003043,34.5516514],[105.52036843,34.55187339],[105.52045543,34.55227739],[105.52029942,34.55299038],[105.52028843,34.55395336],[105.51979243,34.55515835],[105.51958443,34.55548034],[105.51919043,34.55587434],[105.51875543,34.55617033],[105.51865743,34.55660433],[105.51883443,34.55676433],[105.52014143,34.55725032],[105.52031843,34.55738832],[105.52042243000001,34.55780731],[105.52038043,34.55800931],[105.52015543,34.55826231],[105.52008243,34.5586063],[105.52017743,34.5589753],[105.52050843,34.55948229],[105.52103643,34.56056727],[105.52128543,34.56081127],[105.52139743,34.56127826],[105.52117243,34.56159326],[105.51987743,34.56164526],[105.51858343,34.56178626],[105.51811443,34.56191626],[105.51766143,34.56223325],[105.51765943,34.56325224],[105.51828143,34.56324024],[105.51826143,34.56393923],[105.51832943,34.56422522],[105.51845743,34.56435622],[105.51897843,34.56440122],[105.51959343000001,34.56440522],[105.51971243,34.56331424],[105.52084743,34.56330624000001],[105.52071643,34.56510921],[105.52091743,34.56507921],[105.52106143,34.56518321],[105.52149243,34.56699519],[105.52256043,34.56701619],[105.52264543,34.56714118],[105.52268343,34.56776918],[105.52288043,34.56833917],[105.52386343,34.56904516],[105.52453943,34.56932615],[105.52436643,34.56994015],[105.52453043,34.57073014],[105.52349943,34.571387130000005],[105.52266843,34.57180412],[105.52233443,34.57206612],[105.52227343,34.5731701],[105.52192243,34.5735141],[105.52164043,34.57414409],[105.52158343000002,34.57443908],[105.52189943,34.57523207],[105.52220443,34.57542607],[105.52364443,34.57564507],[105.52463843,34.57589606],[105.52500943,34.57608306],[105.52545043,34.57653406],[105.52566443,34.57709005],[105.52549443,34.57825803],[105.52510343,34.57882602],[105.52483743,34.57942202],[105.52446843,34.57976401],[105.52452043,34.57990601],[105.52447243,34.580283],[105.52537843,34.57987801],[105.52580943,34.58019001],[105.52598643,34.58007701],[105.52612543,34.57978901],[105.52653043,34.57973101],[105.52696043,34.57984001],[105.52734343,34.57939002],[105.52772043,34.57922702],[105.52879943,34.57936602],[105.52931943,34.579292020000004],[105.52955343000002,34.57909602],[105.53010643,34.57839903],[105.53031443,34.57828003],[105.53085343,34.57821303],[105.53107243,34.57828203],[105.53148843,34.57897702],[105.53163443,34.57936002],[105.53199743,34.57970701],[105.53232643,34.57990601],[105.53284943,34.58002801],[105.53293243,34.57993601],[105.53277943,34.57967301],[105.53283743,34.57956102],[105.53299743,34.57949702],[105.53329143,34.57946002],[105.53385743,34.57964401],[105.53434443,34.57956402],[105.53451943,34.57961101],[105.53480143,34.58028001],[105.53472143,34.58088800000001],[105.53560743,34.58112699],[105.53581043,34.58144599],[105.53599743,34.58161199],[105.53616843,34.58165899],[105.53589143,34.58208798],[105.53582543,34.58235398],[105.53592843000001,34.58263297],[105.53585243,34.58275997],[105.53477043,34.58324196],[105.53457843,34.58352196],[105.53479243,34.58392596],[105.53468543,34.58439395],[105.53472043000001,34.58465295],[105.53493143000001,34.58476894],[105.53519443,34.58506094],[105.53527043,34.58545993],[105.53539143,34.58565393],[105.53593443000001,34.58606393],[105.53664243,34.58629792],[105.53672043,34.58648292],[105.53652643,34.58669192],[105.53638743,34.58666792],[105.53473343,34.58578093],[105.53463243,34.58596593],[105.53457043,34.58644592],[105.53382443,34.58668692],[105.53376843000001,34.58682292],[105.53441843,34.5878069],[105.53537043,34.58759691],[105.53601243,34.58757891],[105.53663943,34.5880619],[105.53684243,34.58862789],[105.53718943000001,34.58868689],[105.53748743,34.58906189],[105.53799243,34.589055890000004],[105.53879543,34.58863389],[105.53936843,34.58844789],[105.53952143,34.58844189],[105.53953343,34.58849389],[105.53928443,34.58940588],[105.53865543000002,34.58960888],[105.53817343,34.58993787],[105.53783243,34.59036587],[105.53746843,34.590999860000004],[105.53724143,34.59045287],[105.53658443,34.59072986],[105.53627943,34.59074486],[105.53581443,34.59064486],[105.53551543,34.59068386],[105.53585043,34.59131085],[105.53643543,34.59139585],[105.53647743,34.59149385],[105.53641743,34.59190885],[105.53451543,34.59339083],[105.53429743,34.59366682],[105.53480043000002,34.59422981],[105.53496743,34.59456181],[105.53547743,34.59574079],[105.53563143000001,34.59646778],[105.53581343,34.59669478],[105.53751943,34.59602279],[105.53787443,34.59574979],[105.53839943000001,34.59572279],[105.54133743,34.59608279],[105.54220743000002,34.59602479],[105.54301643,34.59635079],[105.54386843,34.59657278],[105.54394943000001,34.59676078],[105.54387843,34.59705778],[105.54328643,34.59784377],[105.54319243,34.59829376],[105.54301343,34.59852476],[105.54282643,34.59899475],[105.54265143,34.59917275],[105.54259443,34.59954474],[105.54233943,34.59980074],[105.54220243,34.60018573],[105.54173943,34.60077973],[105.54160243,34.60115972],[105.54110143,34.60173271],[105.54084943,34.60186071],[105.54066543,34.60207871],[105.54050543,34.60321069],[105.54021343,34.60368469],[105.53966143,34.60434268000001],[105.53955743,34.60487967],[105.53957943,34.60524766000001],[105.53939943,34.60542766],[105.53935343,34.60590566],[105.53910143,34.60606665],[105.53869743,34.60698764],[105.53926143,34.60699764],[105.53968943,34.60715064],[105.54018743,34.60771163],[105.54065343,34.60858662],[105.54067243,34.60899661],[105.54059143,34.60940561],[105.53999843,34.61013160000001],[105.53961243,34.61112458],[105.53968843,34.61229757],[105.53989443,34.61262156],[105.54013443,34.61281856],[105.54064743000002,34.61295556],[105.54117643,34.61292356],[105.54155043,34.61276556],[105.54221043,34.61213857],[105.54305643,34.61095759],[105.54329043,34.61030659],[105.54336343,34.60915661],[105.54360343,34.60857962],[105.54384243,34.60854862],[105.54406443,34.60863262],[105.54625743,34.6099896],[105.54707043,34.61075359],[105.54833743,34.61169158],[105.54912843,34.61214357],[105.55070743,34.612293570000006],[105.55179843,34.61254156],[105.55220743,34.61197457],[105.55190843,34.61143658],[105.55213343,34.61095759],[105.55230443000002,34.6102816],[105.55244143,34.6100546],[105.55278243,34.6097926],[105.55270943,34.60920261],[105.55254443,34.60883761],[105.55257243,34.60873562],[105.55348243,34.60726664],[105.55389343,34.60620665],[105.55412243000002,34.60600165],[105.55488143,34.60562166],[105.55504243,34.60535666],[105.55531143,34.60315169],[105.55515443,34.6024977],[105.55518543,34.60181371],[105.55534343,34.60128572],[105.55537743,34.60040573],[105.55554143,34.59990274],[105.55686043,34.59954874],[105.55779943,34.59901975],[105.55871343,34.59865075],[105.55916243,34.59858476],[105.55977643,34.59857076],[105.56024843,34.59864075000001],[105.56046043,34.59859775],[105.56066343000002,34.59827676],[105.56116543,34.59789176],[105.56164843,34.59698578],[105.56212843,34.59655978],[105.56297343,34.59599479],[105.56339143,34.59585879],[105.56369343,34.59591579],[105.56397543,34.59587679],[105.56534343,34.5952668],[105.56685543,34.5950868],[105.56752643,34.59468681],[105.56776343,34.59423381],[105.56842743,34.59395482],[105.56875943,34.59375182],[105.56892543,34.59353782],[105.56928143,34.59335983],[105.56928843000001,34.59335683],[105.56951043,34.59316183],[105.57164643,34.59233284],[105.57613643,34.59041587],[105.57706843,34.58993987],[105.57726543,34.59000787],[105.57759443,34.59043087],[105.57832743,34.59182985],[105.57886843,34.59231384],[105.57921043,34.59320783],[105.57986743,34.59385682],[105.58005343,34.59432681],[105.57998943000001,34.59490881],[105.58010043,34.5950368],[105.58087343,34.59472881],[105.58119243,34.59416082],[105.58176443000002,34.59366582],[105.58200243,34.59361782],[105.58273643,34.59388482],[105.58292143,34.59377982],[105.58301243,34.59330783],[105.58324043000002,34.59309483],[105.58360443,34.59306583],[105.58415943,34.59337283000001],[105.58503443,34.59307283],[105.58516743,34.59298983],[105.58518143000002,34.59240584],[105.58569043,34.59220884],[105.58694743,34.59145185],[105.58712543,34.59139585],[105.58743143,34.59158185],[105.58758743,34.59158385],[105.58797343,34.59100386],[105.58866443,34.59107386],[105.58903643,34.59059086],[105.58905343,34.59022587],[105.58914343,34.59020087],[105.58957243,34.59047687000001],[105.58943843,34.59007887],[105.58963543,34.59018187],[105.59041843,34.59031387],[105.59109943,34.59082986],[105.59140943,34.59087786],[105.59160043,34.59115086],[105.59197243,34.59121486],[105.59272243,34.59156785],[105.59429843,34.59173885],[105.59507243,34.59209184],[105.59568743,34.59253484],[105.59585743,34.59274783],[105.59596943,34.59281683],[105.59638543,34.59261084],[105.59621243,34.59244284],[105.59590243,34.59233584],[105.59487143,34.59135585],[105.59431143,34.59100986],[105.59334543,34.58925588],[105.59299943,34.58894189],[105.59334043,34.58902389],[105.59340543,34.58897389],[105.59334743,34.58871989],[105.59304543,34.5881189],[105.59298143,34.5876609],[105.59301443,34.58712491],[105.59288543,34.58656592],[105.59291343,34.58594093],[105.59199943,34.58544193],[105.59108643,34.58450195],[105.59041443,34.58394596],[105.59042343,34.58387696],[105.59155643000001,34.58390996],[105.59299743,34.58375596],[105.59346143,34.58359896],[105.59385943000001,34.58323896],[105.59403643,34.58320297],[105.59479043,34.58327296],[105.59716643,34.58322996],[105.59725243,34.58295297],[105.59723743,34.58270497],[105.59672543,34.58228798],[105.59580443000002,34.58185298],[105.59573043,34.58178798],[105.59574343,34.58157999],[105.59801643,34.580466],[105.59829643,34.58018301],[105.59888943,34.57924702],[105.60015943,34.57860103],[105.60059443,34.57798204],[105.60079943,34.57785404],[105.60140343,34.57777004],[105.60152643,34.57813503],[105.60150043,34.57835503],[105.60172943,34.57857403],[105.60171443,34.57883302],[105.60157043,34.57943002],[105.59998443,34.58125499],[105.59998743,34.58155199],[105.60017743000002,34.58170699],[105.60078043,34.58181098],[105.60099943,34.58178398],[105.60107043,34.58163199],[105.60105443,34.58124599],[105.60126243,34.58082],[105.60289843,34.57957201],[105.60396143,34.57932902],[105.60444243,34.57939002],[105.60456943,34.57956702],[105.60455743,34.57974601],[105.60441943,34.57995901],[105.60393543,34.580355],[105.60366443,34.580735],[105.60365843,34.580977000000004],[105.60451143000002,34.58193098],[105.60466843,34.58224998],[105.60475643,34.58228198],[105.60512443,34.58217298],[105.60533243000002,34.58220498],[105.60590343000001,34.58246498],[105.60614143,34.58282997],[105.60620043000002,34.58314997],[105.60613443,34.58361996],[105.60603543,34.58374696],[105.60515843000002,34.58385196],[105.60500143,34.58388496],[105.60493243,34.58397495],[105.60497843,34.58442095],[105.60551043000001,34.58459595],[105.60567243,34.58483094],[105.60565643,34.58510994],[105.60535643,34.58535594],[105.60526743,34.58561393],[105.60557943,34.58570693],[105.60563643,34.58596693],[105.60541043,34.58610993],[105.60479743,34.58620192],[105.60471743,34.58627692],[105.60474243,34.58642092],[105.60543243,34.58658192],[105.60592843,34.58655392],[105.60608643,34.58647892],[105.60631843,34.58605593],[105.60749843000002,34.58552893],[105.60762943000002,34.58562493],[105.60785643,34.58631092],[105.60800343,34.58653792],[105.60819043,34.58655892],[105.60928243,34.58634992],[105.60952343,34.58636592],[105.60981943,34.58650692],[105.61014743000001,34.58712391],[105.61024143,34.5877249],[105.61033843,34.5877819],[105.61109643,34.5877089],[105.61170943,34.587800900000005],[105.61197143,34.58771290000001],[105.61255243,34.58676992],[105.61286043,34.58613093],[105.61326543000001,34.58591993],[105.61354543,34.58534694],[105.61436443,34.58458695],[105.61507443,34.58463895],[105.61539043,34.58434595],[105.61557743,34.58428495],[105.61593443,34.58435695],[105.61624943,34.58467195],[105.61691043,34.58476494],[105.61701143,34.58468295],[105.61703443,34.58449595],[105.61693843,34.58358796],[105.61684143,34.58345596],[105.61661143,34.58336696],[105.61656043,34.58318597],[105.61663743,34.58310597],[105.61701643,34.58306497],[105.61708343000001,34.58299597],[105.61735743,34.58260797],[105.61735443,34.58225698],[105.61811143,34.58200998000001],[105.61834143,34.58188698],[105.61853343,34.58166799],[105.61864743,34.58168499],[105.61880943000001,34.58185998],[105.61870043,34.58229898],[105.61870743,34.58249997],[105.61877743,34.58255897],[105.61922143,34.58243498],[105.62050143,34.58242798],[105.62103443,34.58272097],[105.62130743,34.58256597],[105.62210143000001,34.58181698],[105.62242943,34.58177999],[105.62266843,34.58206098],[105.62330143,34.58207798],[105.62333643,34.58307497],[105.62360843,34.58327896],[105.62443743000001,34.58332696],[105.62470643,34.58350196],[105.62489343,34.58431295],[105.62529143,34.58474694],[105.62554443,34.58554793],[105.62573843,34.58574293],[105.62613643,34.58588693],[105.62653643,34.58615892],[105.62642043,34.58652292],[105.62628043,34.58668892],[105.62646243,34.58688591],[105.62663343,34.5877559],[105.62685143,34.5878589],[105.62731543,34.5882829],[105.62766443,34.58846689],[105.62799243,34.58889489],[105.62822643,34.58936688],[105.62812343,34.58954688],[105.62761443,34.58969388],[105.62678343,34.58898489],[105.62647143,34.58882989],[105.62630343,34.58883789],[105.62583943,34.58924688],[105.62536343,34.59012087],[105.62520343,34.59049787],[105.62523043,34.59107586],[105.62630943,34.59157385],[105.62729043,34.59165985],[105.62775143,34.59185185],[105.62814443,34.59214484],[105.62862143,34.59256084],[105.62998243,34.59315583000001],[105.63028943,34.59299483],[105.63010543,34.59290583],[105.62995843,34.59261684],[105.63013543,34.59220684],[105.62995643,34.59188185],[105.62998043,34.59141785],[105.63017943,34.59107686],[105.63162443,34.59234984],[105.63186643,34.59243784],[105.63243543,34.59244384],[105.63284243,34.59267484],[105.63315743,34.59262384],[105.63338343,34.59246684],[105.63351643,34.59218384],[105.63351843,34.59179885],[105.63329543,34.59096486],[105.63332643000001,34.59081886],[105.63398443,34.59051887],[105.63409843,34.59057386],[105.63417343,34.59085586],[105.63432243,34.59088586],[105.63434643,34.59033187],[105.63476743,34.59013387],[105.63493243,34.59020087],[105.63495543,34.59040487],[105.63502543,34.59042187],[105.63707343,34.58854689],[105.63762443,34.5883119],[105.63872743,34.5881529],[105.64003943000002,34.5878359],[105.64041743,34.5879379],[105.64049843,34.5880279],[105.64045343,34.58860789],[105.64083243,34.58892289],[105.64094943,34.58914988],[105.64104143,34.58965088],[105.64110443,34.58968388],[105.64180543,34.58926288],[105.64231143,34.58909788],[105.64214743,34.58859489],[105.64234043,34.58841189],[105.64404643,34.5880879],[105.64484643000002,34.5878179],[105.64639443,34.58921988],[105.64666843,34.59010387],[105.64687743000002,34.58966988],[105.64730943000002,34.58956888],[105.64726443000002,34.58924288],[105.64734943,34.58899289],[105.64793343,34.58901489],[105.64809943,34.58878589],[105.64840943,34.58872989],[105.64843843,34.5882919],[105.64861343,34.5882679],[105.64907443,34.58840389],[105.64918543,34.5878789],[105.64978943,34.58757191],[105.64997443,34.5876109],[105.65026243,34.5880449],[105.65041843,34.5881079],[105.65151643000002,34.5877839],[105.65270743,34.5879259],[105.65347843,34.5878259],[105.65397543,34.5876739],[105.65413343,34.58756191],[105.65399043,34.58672092],[105.65408243,34.58546993],[105.65425943,34.58543893],[105.65531943,34.58560893],[105.65556543,34.58463395],[105.65586243,34.58396695],[105.65580243,34.58325996],[105.65548243,34.58224798],[105.65551543,34.58207598],[105.65526743,34.58154599],[105.65538243,34.58119199],[105.65572343000001,34.580821],[105.65639543,34.58027901],[105.65751543,34.580433],[105.65764943,34.580391],[105.65770943,34.58024001],[105.65761243,34.57985501],[105.65792143,34.57936702],[105.65789443,34.57910602],[105.65757043,34.57849003],[105.65757543,34.57811803],[105.65791643,34.57720405],[105.65795243,34.57660706],[105.65399643,34.57610106],[105.65390143000002,34.57528907],[105.65394243000001,34.57501908],[105.65362843,34.57488808],[105.65340943,34.57460208],[105.65362443,34.5733871],[105.65353943,34.57233311000001],[105.65328643,34.57131513],[105.65366343,34.57117613],[105.65514543,34.57122413],[105.65585143,34.57106213],[105.65673043,34.57073914],[105.65694943,34.57037014],[105.65697143,34.56968415],[105.65796943,34.56977015],[105.65788043,34.56778018],[105.65701243,34.56773618],[105.65704143,34.5658212],[105.65814543000002,34.5657372],[105.65822443,34.56563921],[105.65824243,34.56512321],[105.65672743,34.56512121000001],[105.65668443,34.56563421],[105.65488143,34.5656362],[105.65472243000002,34.56519221],[105.65463443000002,34.56417623],[105.65477843,34.56193826],[105.65408443,34.56082827],[105.65311043,34.55986428],[105.65494443,34.55997028],[105.65513243,34.56015128],[105.65562843,34.56091727],[105.65592143,34.56160026],[105.65616143,34.56185126],[105.65636443,34.56193426],[105.65644743,34.56165426],[105.65650743,34.56078927],[105.65687343,34.56004728],[105.65737843,34.55966829],[105.65861143,34.55955329],[105.65891743,34.55967829],[105.65934243,34.56000928],[105.65946443,34.56037228],[105.65855143,34.56048728],[105.65841743,34.56055827],[105.65836743,34.56068327],[105.65842043,34.56090727],[105.65869343,34.56125526],[105.65893143000001,34.56145026],[105.65954043,34.56142026],[105.66013643,34.56180826],[105.66033943,34.56186426],[105.66112943,34.56179826],[105.66080843,34.56034628],[105.66037643,34.56016428],[105.66029043,34.56003128],[105.66038443,34.55988228],[105.66076443,34.55976929],[105.66073743,34.55954229],[105.66067943,34.55948529],[105.66048843,34.55950429],[105.66003143,34.55963129],[105.65987643,34.55953229],[105.65990543,34.55935629],[105.66036143,34.55914529],[105.66063143,34.5587233],[105.66100143,34.55794731],[105.66108343,34.55718232],[105.66099943,34.55704232000001],[105.66123043,34.55668833],[105.66184043,34.55618233],[105.66213843,34.55571634],[105.66240143,34.55547834],[105.66282443,34.55530035],[105.66364943,34.55531535],[105.66405643,34.55543234],[105.66497743,34.55593534],[105.66603943,34.55606134],[105.66772243000001,34.55599534],[105.66779843,34.55552734],[105.66718443,34.55542134],[105.66714543,34.55530535],[105.66757043,34.55499735],[105.66796743,34.55438136],[105.66821743,34.55431136],[105.66885943,34.55459436],[105.66902543,34.55423136],[105.66941543,34.55377237],[105.67008343,34.55375937],[105.67039043,34.55355637],[105.67039743,34.55337737],[105.67003043,34.55298438],[105.67000643,34.55209439],[105.66974843,34.5511714],[105.66884543,34.55044341],[105.66804243,34.55048141],[105.66790943,34.55039441],[105.66769643,34.54974142],[105.66799443,34.54835244],[105.66881743,34.54735845],[105.66892543,34.54712046],[105.66899343,34.54681146],[105.66894343,34.54618047],[105.66898543,34.54579648],[105.66920743,34.54539748],[105.66983743,34.54474549],[105.66995243,34.5443205],[105.66986743,34.54416950000001],[105.66842143,34.54314551],[105.66792843,34.54222852],[105.66772943,34.54155553],[105.66763443,34.54144053],[105.66747743,34.54130154],[105.66580243,34.54061655],[105.66537843000002,34.54009155],[105.66458443,34.53843558],[105.66437743,34.53782458],[105.66431543,34.53743059],[105.66435543,34.5367596],[105.66469743,34.53602761],[105.66408443000002,34.53578161],[105.66400443,34.53580261],[105.66398143,34.53602661],[105.66388143,34.53604961],[105.66346743,34.53590761],[105.66289743,34.53507462],[105.66269243000002,34.53499562],[105.66250043,34.53515362],[105.66245543,34.53550962],[105.66223543,34.53586461],[105.66117843,34.5366646],[105.66018943,34.53709059],[105.65944943000001,34.53709259],[105.65824543,34.5365296],[105.65760043,34.5363446],[105.65650943,34.53633761],[105.65589843,34.53586961],[105.65557243,34.53538462],[105.65537343000001,34.53474863],[105.65496443,34.53424163],[105.65482043,34.53367264],[105.65484443,34.53301865],[105.65462943,34.53231266],[105.65473743,34.53068068],[105.65454843000002,34.53040469],[105.65370443,34.5296507],[105.65362343,34.5292037],[105.65389643,34.52854671],[105.65447243,34.52832671],[105.65637543,34.52803372],[105.65699043,34.52774872],[105.65704443,34.52765072],[105.65698443000001,34.52746873],[105.65659843,34.52728173],[105.65642543,34.52709673],[105.65602143,34.52694373],[105.65560843,34.52696973],[105.65555343,34.52661274],[105.65570043,34.52652774],[105.65627843,34.52686773],[105.65683243,34.52710073],[105.65712143,34.52714273],[105.65709943,34.52695773],[105.65677043,34.52677874],[105.65694843,34.52661674],[105.65687143,34.52612174],[105.65707143,34.52595875],[105.65822343,34.52576775],[105.65870143,34.525771750000004],[105.65991543,34.52600975],[105.66081343,34.52627874],[105.66136743,34.52663074],[105.66185443,34.52674274],[105.66265143000001,34.52630874],[105.66296443,34.52635174],[105.66322743,34.52626174],[105.66344943,34.52575875],[105.66341543,34.52490376],[105.66349543,34.52483876],[105.66463343,34.52466376],[105.66534643,34.52426677],[105.66610643,34.52409377],[105.66660543,34.52403977000001],[105.66719343,34.524215770000005],[105.66760843,34.52424277],[105.66773443,34.52404477],[105.66793643,34.52391077000001],[105.66944743,34.52311878],[105.66988643000002,34.52307179],[105.67019343000001,34.52312279],[105.67038843,34.52323378],[105.67048543,34.52321278],[105.67069943,34.52296979],[105.67062543000002,34.5223258],[105.67045243,34.5220768],[105.66910643000001,34.52133981],[105.66877343,34.52099981],[105.66845243,34.52012383],[105.66791743,34.51957783],[105.66776743000001,34.51872684],[105.66737643,34.51778486],[105.66732943,34.51749086],[105.66675143,34.51674887],[105.66656943,34.51625288],[105.66655243,34.51594988],[105.66670743,34.51563989],[105.66707943,34.51545589],[105.66752443,34.51534689],[105.66816443,34.51534589],[105.66862743000002,34.51545889],[105.66961643,34.51528389],[105.66966843,34.51520989],[105.66960343,34.5150329],[105.66919543,34.5149309],[105.66960443,34.5143489],[105.66913843,34.51415991],[105.66932643,34.51370891],[105.66930443,34.51347692],[105.66879843,34.51344092],[105.66819543,34.51365891],[105.66800443,34.51348492],[105.66811343,34.51341392],[105.66835643,34.51342592],[105.66868643,34.51321992],[105.66951943,34.51303292],[105.66954943,34.51289792],[105.66930743,34.51229693],[105.66932743000001,34.51217593],[105.66943343,34.51210394],[105.67009443,34.51198794],[105.67021943,34.51193994],[105.67042743,34.51169294],[105.67119743,34.51158294],[105.67129143,34.51145294],[105.67111943,34.51128195],[105.67059043,34.51100295],[105.67052343,34.51079095],[105.67054343000001,34.51046096],[105.67032543,34.51013896],[105.66970543,34.51005096],[105.66849843000001,34.51036296],[105.66822543,34.51035296],[105.66804043,34.50983197],[105.66761543,34.50959097],[105.66640743,34.50934497],[105.66526243,34.50927597],[105.66422143,34.50936397],[105.66353243,34.50917798],[105.66310243,34.50913698],[105.66277143,34.50895398],[105.66220243,34.50821499],[105.66198243,34.50805899],[105.66173243,34.50800299],[105.66138543,34.50804299],[105.66094343,34.50822099],[105.66053543,34.50826199],[105.66028843,34.50861898000001],[105.66009043,34.50859198],[105.66018543,34.50830699],[105.65995443,34.508276990000006],[105.65992643000001,34.50820599],[105.65999143,34.50810699],[105.66018743,34.50804599],[105.66016743,34.507667],[105.66025543,34.507339],[105.66016843,34.507198],[105.66002543,34.507135],[105.65932743,34.507014],[105.65924143,34.50679301],[105.65937343,34.50649801],[105.65935143,34.50637401],[105.65911043,34.50605602],[105.65958643,34.50563802],[105.66055943,34.50429604],[105.66041143,34.50378005000001],[105.66016443,34.50335505],[105.65949243000001,34.50313106],[105.65951143,34.50268906],[105.65968843,34.50248007],[105.65947143,34.50220507],[105.65807343,34.50168808],[105.65783443,34.50136808],[105.65760843,34.50135608],[105.65745643,34.50157408],[105.65741343,34.50183408],[105.65718643,34.50203607],[105.65628943,34.50229207],[105.65589143,34.50178908],[105.65579343,34.50141608],[105.65580643,34.50127308],[105.65597443,34.50105709],[105.65599543,34.50085509],[105.65557843,34.50118208],[105.65537443,34.50112709],[105.65522043,34.50055809],[105.65651243,34.50046609],[105.65675843,34.5000341],[105.65650343000001,34.4999871],[105.65502943000001,34.5000581],[105.65481843,34.4998371],[105.65488343,34.49967511],[105.65516743,34.49950311],[105.65628343,34.49920111],[105.65669143,34.49930711],[105.65693443,34.49946811],[105.65696343,34.49938711],[105.65665043,34.49884212],[105.65638343,34.49865412],[105.65586243,34.49846012],[105.65355443,34.49815113],[105.65341343,34.49802213],[105.65329643,34.49769113000001],[105.65350443,34.49700414],[105.65509843,34.49657315],[105.65519343,34.49649215],[105.65515143,34.49633215],[105.65446543,34.49613915],[105.65415343,34.49577016],[105.65384643,34.49556516],[105.65306143,34.49542116],[105.65194243,34.49472217],[105.65183143,34.49471817],[105.65155043,34.49492417],[105.65101243,34.49484717],[105.64934543,34.49492217],[105.64906543,34.49502217],[105.64859843,34.49547116],[105.64845643,34.49548816000001],[105.64830243,34.49535216],[105.64882343,34.49454218],[105.64875643,34.49426718],[105.64856643,34.49410318],[105.64825043,34.49409418],[105.64683543,34.49467417],[105.64675643000001,34.49461417],[105.64679343000002,34.49439318],[105.64649543,34.49421818],[105.64657643,34.493979180000004],[105.64715343,34.49422218],[105.64815643,34.49371019],[105.64821743,34.49355219],[105.64739943,34.4929132],[105.64743243,34.4928552],[105.64792943,34.49305219],[105.64827943,34.49336419],[105.64907543,34.49335619],[105.64976843,34.49390018],[105.65023643,34.49386518],[105.65078443,34.49352319],[105.65081743,34.49341319],[105.65071943,34.49323419],[105.65033443,34.4928692],[105.64971943,34.4925572],[105.64931343,34.4925652],[105.64923643,34.4925032],[105.64947943000001,34.49224721],[105.64947243,34.49209721],[105.64864442,34.49079423],[105.64848343,34.49067923],[105.64798643,34.49059223],[105.64788843,34.49045523],[105.64800643,34.49036123],[105.64828843,34.49031323],[105.64886743,34.49040823],[105.64910743,34.49053323],[105.64989343,34.49154422],[105.65022843,34.49221321],[105.65128143,34.49304419],[105.65212943,34.49327119],[105.65248943,34.49323119],[105.65251643,34.4930002],[105.65242243,34.4927012],[105.65220843000002,34.4923692],[105.65150843,34.49153222],[105.65126543,34.49138622],[105.65026543,34.49044923],[105.65034243,34.49039123000001],[105.65103943,34.49041723],[105.65203543,34.49023523],[105.65246943,34.48999224],[105.65326943,34.48977124],[105.65319043,34.48956824],[105.65163543,34.48865625],[105.65054543,34.48847926],[105.65005143,34.48847026],[105.64873743,34.48861726],[105.64661543,34.48957424],[105.64546243,34.49046623],[105.64460043,34.49145422],[105.64403643,34.49170121],[105.64255043,34.49188821],[105.64243243,34.49196421],[105.64235843,34.49223121],[105.64203043,34.4924412],[105.64067443,34.49208321],[105.63997743,34.49205821],[105.63909643,34.4923602],[105.63865143000001,34.4927672],[105.63859743,34.49320519],[105.63846243,34.49325719],[105.63854943,34.49357519],[105.63818943,34.49354819],[105.63782043,34.49329119],[105.63753543,34.49358919],[105.63686943,34.49371319],[105.63231743,34.49406718],[105.62883043,34.49406018]]]},"properties":{"gml_id":"layer_township_pg.33062","Name":"太京镇","layer":"乡镇","code":"620502101000","grade":4,"2015_POP":25500,"2020_POP":26300,"2023_POP":26600,"area_km2":134.86,"2015_GDP":5.4792,"2020_GDP":8.2312,"2023_GDP":10.04055}},{"type":"Feature","geometry":{"bbox":[105.21674543,34.48051237,105.54394943000001,34.63434827],"type":"Polygon","coordinates":[[[105.40906443,34.49820412],[105.40846843000001,34.49788313],[105.40773943,34.49702214],[105.40729243,34.49628815],[105.40659143,34.49576516],[105.40660543000001,34.49553716],[105.40646343,34.49535116],[105.40641143,34.49489617],[105.40631243,34.49470417],[105.40565443,34.49416318],[105.40551943,34.49390118],[105.40539943,34.49383118],[105.40501943,34.49385618],[105.40492543,34.49361119],[105.40429543,34.49306019],[105.40275543,34.49197921],[105.40257143,34.49194521],[105.40184543000001,34.49205821],[105.40157043,34.491948210000004],[105.40164743,34.49179021],[105.40191443,34.49169621],[105.40203943,34.49141022],[105.40191843,34.49109422],[105.40193743,34.49063923],[105.40256943,34.49020523],[105.40303943,34.48965524],[105.40317943,34.48938725],[105.40411443,34.48878225],[105.40415443,34.48865726],[105.40396443000002,34.48842626],[105.40385143,34.48840326],[105.40362643,34.48856226],[105.40345043,34.48855126],[105.40337843,34.48831226],[105.40324443,34.48820126],[105.40260843,34.48806826],[105.40198243,34.48815926],[105.40149343000002,34.48776427],[105.40093043000002,34.48783027],[105.40039243,34.48749327],[105.39989343,34.48764627],[105.39940543,34.48754327],[105.39920843,34.48742127],[105.39854943000002,34.48654228],[105.39801343,34.48642729],[105.39736943,34.48599129],[105.39727043,34.48597329],[105.39713043,34.48616029],[105.39685543,34.48630229],[105.39653143,34.48628529],[105.39644443,34.48605829],[105.39616843,34.48594729],[105.39559443,34.4853893],[105.39533143,34.4850163],[105.39523243,34.4850053],[105.39507843,34.4851683],[105.39478943,34.4852103],[105.39360243,34.48480631],[105.39288943,34.48469031],[105.39255043,34.48442331],[105.39209043,34.48419032],[105.39172943,34.48416532],[105.39140343,34.48446431],[105.39128043,34.48439131],[105.39104143,34.48402432],[105.39033243,34.48410332],[105.39019543,34.48406032],[105.38964743,34.48348633],[105.38964043,34.48336733],[105.38974843,34.48319733],[105.38972643,34.48296133],[105.38964443,34.48284833],[105.38949043,34.48287033],[105.38923343,34.48311633],[105.38863243,34.48305133],[105.38821843,34.48287733],[105.38780643,34.48291733],[105.38716343,34.48275434],[105.38666843,34.48242234],[105.38466643,34.48179835],[105.38412943,34.48107336],[105.38370443,34.48071036],[105.38310943,34.48053137],[105.38249643,34.48051237],[105.38168243,34.48071036],[105.38162143,34.48079236],[105.38175243,34.48165235],[105.38163443,34.48189935],[105.38157243,34.48194635],[105.38142843,34.48175435],[105.38126143,34.48170535],[105.38090543,34.48166835],[105.38062943,34.48172235],[105.38015543,34.48223634],[105.37999743,34.48277434],[105.37973343,34.48278833],[105.37842843,34.48216934],[105.37815943,34.48211534],[105.37803143,34.48216334],[105.37773143,34.48239834000001],[105.37802643,34.48278633000001],[105.37866343,34.48335233],[105.37866743,34.48385032],[105.37825743,34.48457831],[105.37693943,34.4850573],[105.37727943,34.4854723],[105.37719543,34.4856333],[105.37706243,34.48564030000001],[105.37741143000001,34.48621129],[105.37717543,34.48712728],[105.37703343,34.48735427],[105.37678043,34.48757427],[105.37667043000002,34.48756327],[105.37660243,34.48733027],[105.37673143,34.48702228],[105.37669443,34.48693328],[105.37655843,34.48695328],[105.37522943,34.48815626],[105.37514943,34.48833526],[105.37489343000001,34.48844126],[105.37420743,34.48900125],[105.37396443,34.48908325],[105.37357643,34.48908625],[105.37349743,34.48902525],[105.37356943,34.48883725],[105.37345943,34.48869925],[105.37321943,34.48871325],[105.37299643,34.48891825],[105.37291843,34.48906025],[105.37303943,34.48918025],[105.37303543,34.48928325],[105.37231743,34.49008924],[105.37259043,34.49065523],[105.37247143,34.490825230000006],[105.37279643,34.49117622],[105.37310743,34.49168721],[105.37343943,34.49195721],[105.37355743,34.49221521],[105.37345343,34.4926302],[105.37351243,34.49329819],[105.37338243,34.49345319],[105.37326743,34.49386818],[105.37328443,34.49409818],[105.37317843,34.49428118],[105.37347643,34.49431418],[105.37358043,34.49405218],[105.37367243,34.49406218000001],[105.37458743,34.49491517],[105.37490043,34.49541816],[105.37496443,34.49568116],[105.37493943,34.49590416],[105.37459143,34.49641215],[105.37421243,34.49716114],[105.37417543,34.49763113],[105.37427343,34.49794313],[105.37540543,34.49857012],[105.37614943,34.49878612],[105.37692743,34.49877412],[105.37774043,34.49854612],[105.37816743,34.49858512],[105.37887243,34.49924411],[105.37903643,34.4996571],[105.37950243,34.4996491],[105.37977743,34.4997561],[105.38000443,34.4999621],[105.37998143,34.5001421],[105.37934543,34.50052309],[105.37932243,34.50073009],[105.38113643,34.50331106],[105.38109243000001,34.50357205],[105.38126343,34.50417804],[105.38170143,34.50467104],[105.38220043,34.50598902],[105.38314343,34.507401],[105.38297743,34.50795399],[105.38303043,34.50834799],[105.38414143,34.51025996],[105.38389543,34.51054496],[105.38327543,34.51073295],[105.38287243,34.51066096],[105.38218843,34.51031896],[105.38167843,34.50994196],[105.38143743,34.50993096],[105.38106943,34.51007896],[105.38023543,34.51022396],[105.38001943,34.51045896],[105.37986543,34.51103595],[105.37984643,34.51145094],[105.37995243,34.51168694],[105.37990043,34.51182694],[105.37963443,34.51197094],[105.37880743,34.51209594],[105.37868643,34.51208794],[105.37856843,34.51197394],[105.37879243,34.51144794],[105.37864443,34.51085695],[105.37771843,34.51103995],[105.37737643,34.51085395],[105.37713343,34.51020696],[105.37645143000002,34.51019596],[105.37619943,34.51031996],[105.37494643,34.51051896],[105.37476543,34.51033596],[105.37457743,34.50991697],[105.37431543,34.50968997],[105.37426743,34.50993296],[105.37443943,34.51038696],[105.37442043,34.51079995],[105.37457743,34.51154294],[105.37438143,34.51176694],[105.37450643000001,34.51189294],[105.37454343000002,34.51208294],[105.37445243,34.51260693],[105.37424743,34.51266493],[105.37414243,34.51277393],[105.37408343,34.51304692],[105.37400643,34.51308092],[105.37358243,34.51283493],[105.37339343,34.51248893],[105.37302543,34.51240993],[105.37266743,34.51209694],[105.37190843,34.51205494],[105.37166943,34.51178194],[105.37154843,34.51156794],[105.37154243,34.51137494],[105.37142543000002,34.51129195],[105.37146843,34.51107895],[105.37178243,34.51091095],[105.37178143,34.51060796000001],[105.37152443,34.51016496],[105.37107443,34.50989997],[105.37093243,34.50956897],[105.37094143,34.50889998],[105.37075943,34.50817599],[105.37075443,34.50779299],[105.37093743,34.507229],[105.37087343,34.507124],[105.37076743,34.50714],[105.37058143,34.50792399],[105.37031243,34.50827399],[105.36996143,34.50850798],[105.36974143,34.50883498000001],[105.36952143,34.50899498],[105.36943843,34.50930197],[105.36894843,34.50958997],[105.36914243,34.50984897],[105.36896243000001,34.51007996],[105.36876443,34.51010396],[105.36871743,34.51021696],[105.36876243,34.51033696],[105.36902043,34.51052996],[105.36911843,34.51080995],[105.36892643,34.51100395],[105.36810443,34.51108195],[105.36773343,34.51120495],[105.36740943,34.51103895],[105.36721043,34.51059896],[105.36799043,34.51000196],[105.36828043,34.50993396],[105.36838443,34.50978397],[105.36827443,34.50960797],[105.36791443,34.50931797],[105.36790943,34.50916098],[105.36819443,34.50881698],[105.36823443,34.50854798],[105.36805543,34.50816299],[105.36801143,34.507562],[105.36751743,34.507203],[105.36692043,34.50712],[105.36660143,34.50699501],[105.36655543,34.50690801],[105.36673443,34.50656101],[105.36667743,34.50644501],[105.36641443,34.50625102],[105.36631743000001,34.50607802],[105.36592143,34.50595202],[105.36551543,34.50553603],[105.36513643,34.50552702],[105.36529843,34.50581602],[105.36558143,34.50611302],[105.36559443,34.50626601],[105.36525443,34.50617002],[105.36487043,34.50569802],[105.36479843,34.50549403],[105.36450243,34.50521503],[105.36497443,34.50680801],[105.36517743,34.50721],[105.36516243,34.50756],[105.36507843,34.507603],[105.36464243,34.507585000000006],[105.36419343,34.507359],[105.36416143,34.507635],[105.36439143,34.50829499],[105.36450843,34.50850798],[105.36465443,34.50855098],[105.36471943,34.50873098],[105.36467543,34.50917098],[105.36472043,34.50927797],[105.36490243,34.50933697],[105.36488343,34.50948997],[105.36513843,34.50976297],[105.36509043,34.50992597],[105.36495843,34.51000696],[105.36449643,34.50984697],[105.36427743,34.50935197],[105.36382643,34.50866598],[105.36371443,34.50797599],[105.36361643,34.50780199],[105.36311743,34.507356],[105.36280243000002,34.507384],[105.36285843,34.50698701],[105.36271543,34.50621702],[105.36277543,34.50605402],[105.36302543000001,34.50587302],[105.36275243,34.50542303000001],[105.36288243,34.50476304],[105.36285643,34.50439404],[105.36272843,34.50434404000001],[105.36112743,34.50448904],[105.36065243,34.50469704],[105.36041543,34.50497803],[105.36004543,34.50525103],[105.35959543,34.50513103],[105.35955843,34.50488803],[105.35984143,34.50414404],[105.35957643,34.50385205],[105.35941143,34.50377605],[105.35908943,34.50403905],[105.35889843,34.50399705000001],[105.35857343,34.50353405],[105.35826443,34.50396105],[105.35801243,34.50410904],[105.35781043,34.50407204],[105.35770443,34.50389905],[105.35776643,34.50336505],[105.35772943000002,34.50297206],[105.35751943,34.50250307],[105.35689743,34.50156308],[105.35597243,34.50132708],[105.35637143,34.50114708],[105.35754943,34.50114508],[105.35766243,34.50105909],[105.35656643000002,34.50065009],[105.35581843,34.5002401],[105.35534343,34.5003721],[105.35538543,34.50083109],[105.35591043,34.50255107],[105.35601243,34.50313106],[105.35634743000001,34.50404105],[105.35657543,34.50448304],[105.35711343,34.50523903],[105.35738543,34.50550803],[105.35826243,34.50611002],[105.35884043,34.50679601],[105.35823043,34.50665101],[105.35758643,34.50605102],[105.35702343,34.50565502],[105.35615943,34.50544303],[105.35579643,34.504907030000005],[105.35552943,34.50471504],[105.35547543,34.50444204],[105.35541143,34.50441104],[105.35480543,34.50478904],[105.35407543,34.50492003],[105.35401643,34.50500003],[105.35424543,34.50508003],[105.35433143,34.50519603],[105.35404743,34.50571302],[105.35491643000002,34.50526303],[105.35503043,34.50540303],[105.35470443,34.50562202],[105.35484843,34.50573402],[105.35482843,34.50580602],[105.35456643,34.50597302],[105.35458843,34.50605202],[105.35449843,34.50610802],[105.35419943,34.50598302],[105.35378343,34.50596602],[105.35289543,34.50570802],[105.35272243,34.50582202],[105.35268343,34.50597802],[105.35279643,34.50607102],[105.35333443,34.50621102],[105.35364543,34.50648301],[105.35363943,34.50695601],[105.35389443,34.507219],[105.35426143,34.507186],[105.35474143,34.50688201],[105.35510443,34.50685501],[105.35551343,34.507128],[105.35553343,34.507344],[105.35536343,34.507475],[105.35536343,34.507585000000006],[105.35576743,34.507667],[105.35596743,34.50800699],[105.35613243000002,34.50885698],[105.35678543000002,34.50907598],[105.35732143,34.50912898],[105.35741843,34.50920497],[105.35751243,34.50941197],[105.35748943,34.50960097],[105.35723543,34.50987197],[105.35724443,34.51012496],[105.35704143,34.51038196],[105.35721043,34.51051296],[105.35691243,34.51052596],[105.35652043,34.51072695],[105.35612143,34.51063396],[105.35606043,34.51056996],[105.35615643,34.51016396],[105.35645743,34.50999596],[105.35630443,34.50985997],[105.35631543,34.50969697],[105.35648443000001,34.50958297],[105.35646443,34.50944697],[105.35595843000002,34.50920097],[105.35544643,34.50942097],[105.35457443000001,34.50936897],[105.35442143,34.50927897],[105.35452943000001,34.50907898],[105.35442043,34.50892898],[105.35407743,34.50887198],[105.35372643,34.50907598],[105.35337943,34.50916998],[105.35309343,34.50912098],[105.35298443,34.50893398],[105.35268443,34.50887098],[105.35245443,34.50892198],[105.35237343,34.50908198],[105.35216743,34.50916098],[105.35200243,34.50920497],[105.35188043,34.50914198],[105.35177443,34.50885598],[105.35186943,34.50842799],[105.35223643,34.50832499],[105.35228843,34.50815499],[105.35195343,34.50789499],[105.35189443,34.50774199],[105.35208043,34.507578],[105.35227243,34.507181],[105.35226643,34.50695501],[105.35218143,34.50678901],[105.35172943,34.50657301],[105.35050243,34.50663501],[105.35034943,34.50655101],[105.35038043,34.50636401],[105.35046543,34.50631101],[105.35038843,34.50614102],[105.35005643,34.50600802],[105.34990843,34.50582802],[105.34995543,34.50570802],[105.34919543,34.50508303],[105.34845343,34.50473704],[105.34838443,34.50448404],[105.34851143,34.50416004],[105.34820143000002,34.50385005],[105.34819543,34.50348405],[105.34828843,34.50331706],[105.34912043,34.50346205],[105.34939443,34.50334905],[105.34960343,34.50314906],[105.35001943000002,34.50326806],[105.35028043,34.50309406],[105.35072043,34.50317106],[105.35095943,34.50313306000001],[105.35117643,34.50208007],[105.35159543,34.50188707],[105.35202343,34.50182608],[105.35218943,34.50123508],[105.35172843,34.50121608],[105.35023743,34.50143808],[105.34955943,34.50145208],[105.34879143,34.50119208],[105.34761943,34.50094109],[105.34644043,34.50047609],[105.34600643,34.50059709],[105.34510743,34.5000041],[105.34446943,34.5000051],[105.34424243,34.4998111],[105.34373443,34.4998251],[105.34341943,34.4996531],[105.34293443,34.4996731],[105.34229543,34.49943311],[105.34134243,34.49888112],[105.34081643,34.49866812],[105.34008143,34.49853612],[105.33996543,34.49802213],[105.33922543,34.49739614],[105.33836043,34.49714314],[105.33731943,34.49699214],[105.33827443,34.49852312],[105.33685843,34.4997781],[105.33453143,34.499247110000006],[105.32991143,34.49917211],[105.32800543,34.49893311],[105.32700243,34.49802713],[105.32373143,34.49615815],[105.32349943,34.49677614],[105.32329843000001,34.49702314],[105.32146243,34.49829812],[105.32040643,34.49832512],[105.32009143,34.49824612],[105.31917043,34.49838612],[105.31888943,34.49832612],[105.31881743,34.49841312],[105.31889043,34.49858712],[105.31877743,34.49881312],[105.31832743,34.49930011],[105.31781043,34.49946011],[105.31697643,34.49944811],[105.31670243000002,34.49954111],[105.31649243,34.49945511],[105.31674843,34.49888812],[105.31658543,34.49867412],[105.31580943,34.49825012],[105.31581643,34.49812213],[105.31602443,34.49779613],[105.31600843,34.49770213],[105.31583043,34.49754913],[105.31553843,34.49750713],[105.31543043,34.49760913],[105.31542243,34.49774313],[105.31556143,34.49817613],[105.31542543,34.49840312],[105.31550643,34.49862912],[105.31550043,34.49890212],[105.31508143,34.49940211],[105.31497043000002,34.4997091],[105.31472843,34.4998901],[105.31420443,34.4999901],[105.31351643,34.49954311],[105.31317043,34.5000111],[105.31281543,34.50085109],[105.31203543,34.50185107],[105.31161843,34.50266506],[105.31161243,34.50316506],[105.31201443,34.50454504],[105.31217543,34.50464504],[105.31238643,34.50492503],[105.31279943,34.50511803],[105.31324343,34.50547803],[105.31396943,34.50661101],[105.31406743000001,34.50715000000001],[105.31416743,34.507663],[105.31403143,34.50810999],[105.31391943,34.50823599],[105.31259543000002,34.50859098],[105.31203243,34.50882498],[105.31195243,34.50889798],[105.31187943,34.50925097],[105.31187043,34.50974397],[105.31312043,34.51149094],[105.31397743,34.51374391],[105.31395443,34.51384991],[105.31344643,34.51408991],[105.31313943,34.51403091],[105.31295143,34.51364391],[105.31243343,34.51305192],[105.31223043,34.51285093],[105.31176843000001,34.51258493],[105.31155843,34.51228593],[105.31149143,34.51199194],[105.31132243,34.51180594],[105.31091743,34.51190494],[105.31061343,34.51213893],[105.31003543,34.512639930000006],[105.30959243,34.51313892],[105.30954543,34.51355992],[105.30970643,34.51372591],[105.31089743,34.5144129],[105.31140343,34.5149519],[105.31152543,34.51522589000001],[105.31159243000002,34.51584388],[105.31152143,34.51627088],[105.31136143,34.51659787],[105.31056743,34.51684487],[105.31036543,34.51678587],[105.31036343,34.51640488],[105.31058043,34.51615188],[105.31056443,34.51605788],[105.31066043,34.51593888],[105.31049843,34.51583188],[105.31042443,34.51555989],[105.31017343,34.51524589],[105.31014043,34.51510689],[105.31000343,34.51512689],[105.30959443,34.51567989],[105.30928743,34.51582088],[105.30872143,34.51560789],[105.30837343,34.51533389],[105.30813843,34.5150409],[105.30812143,34.5148939],[105.30820143,34.5148209],[105.30876743,34.5147809],[105.30880543,34.51434091],[105.30860943,34.51376691],[105.30837643,34.51346792],[105.30791843,34.51308392],[105.30584143,34.51235593],[105.30536943,34.51234393],[105.30515843,34.51226293],[105.30491743,34.51227393],[105.30477143,34.51238093],[105.30482943,34.51277993],[105.30496343,34.51302592],[105.30478743,34.51340292],[105.30486443,34.51363091],[105.30517743,34.51371291],[105.30569043,34.51360392],[105.30591243,34.51380291],[105.30549843,34.5144009],[105.30541143,34.5148059],[105.30563243,34.5148899],[105.30595543,34.5144739],[105.30611943,34.5145019],[105.30599343,34.5149119],[105.30607343,34.51527889],[105.30600443,34.51543089],[105.30558243,34.51537989],[105.30465243,34.5147069],[105.30461143,34.5148339],[105.30468943,34.51524789],[105.30485143,34.51555889],[105.30532943,34.51590688],[105.30598943,34.51608888],[105.30629643,34.51626888],[105.30647543,34.51644988],[105.30624643,34.51660887],[105.30619943,34.51676787],[105.30641243,34.51697287],[105.30733643,34.51740086],[105.30758043,34.51757386],[105.30764443,34.51770086],[105.30691443000002,34.517737860000004],[105.30620443,34.51811985],[105.30512643,34.51848485],[105.30504443,34.51865285],[105.30516243,34.51896184],[105.30485443,34.519506830000005],[105.30499343,34.51988683],[105.30529243,34.52005583],[105.30578443,34.52010483],[105.30592943,34.52022982],[105.30592543,34.52034982],[105.30564843,34.52066582],[105.30553643,34.52095981],[105.30561943,34.52138381],[105.30615943,34.5221478],[105.30668343,34.52310579],[105.30685443,34.52325678],[105.30701843,34.52370078],[105.30697943,34.52372978],[105.30646043,34.52333478],[105.30623043,34.52333878],[105.30598343,34.52345278],[105.30582243,34.52365878],[105.30591643,34.52395077],[105.30587743,34.52399977],[105.30487243,34.52397977],[105.30416443,34.52358778],[105.30331943000002,34.52331178],[105.30310843000001,34.52337178],[105.30176443,34.52339678],[105.30136543,34.52331278],[105.30079743,34.52298379],[105.30055543,34.52305979],[105.29959443,34.52298079],[105.29893743,34.52302479],[105.29867543,34.52313478000001],[105.29855543,34.52338878],[105.29855843,34.52413177],[105.29865343,34.52449877],[105.29859243,34.52460877],[105.29840143,34.52465976],[105.29791843,34.52462277],[105.29741743,34.52475476],[105.29649143,34.52435277],[105.29626043000002,34.52415677],[105.29627043,34.52394677],[105.29636243,34.52374678],[105.29664243,34.52362778],[105.29740843,34.52385978],[105.29783643,34.52357178],[105.29803543000001,34.52320178],[105.29802243,34.52309879],[105.29753843,34.52292279],[105.29682343000002,34.52306979],[105.29624943,34.52263379],[105.29537343,34.5223748],[105.29522343,34.5222508],[105.29489043,34.5217258],[105.29470443000001,34.52159281],[105.29437343,34.52151881],[105.29394143,34.52154681],[105.29314743,34.5217008],[105.29229443,34.5220718],[105.29231343,34.5224118],[105.29222443,34.522617790000005],[105.29205543000002,34.52274879],[105.29196843,34.52302179],[105.29218443000002,34.52370478],[105.29205943000001,34.52390077],[105.29177743,34.52394377],[105.29164843,34.52388077],[105.29127143,34.52342478],[105.29112043,34.52309279000001],[105.29103643,34.52309979],[105.29105443,34.52348478],[105.29091443,34.523785780000004],[105.29097143,34.52401177],[105.29123943,34.524561770000005],[105.29152543,34.52546775],[105.29208743,34.52584075],[105.29246143,34.52631374],[105.29248143,34.52675374],[105.29230143,34.52693773],[105.29210643,34.52694473],[105.29180943,34.52683073],[105.29146443,34.52661174],[105.29157243,34.52621574],[105.29115643,34.52602175],[105.29065143,34.52599175],[105.29043843,34.52615274],[105.29029643,34.52704973],[105.29012643,34.52726273],[105.28986143,34.52734373],[105.28932943,34.52722073],[105.28880743,34.52727473],[105.28858943000002,34.52749873],[105.28852143,34.52780472],[105.28830843,34.52796172],[105.28819143,34.52792772],[105.28793243,34.52764272],[105.28760843,34.52742573],[105.28760743,34.52732273],[105.28769243,34.52725873],[105.28793843,34.52723873000001],[105.28788243,34.52711873],[105.28560343,34.52631774],[105.28541343,34.52614074],[105.28535043,34.52596475],[105.28511143,34.52579175],[105.28464543,34.52630274],[105.28445243,34.52627174],[105.28421443000002,34.52514276],[105.28433143,34.52505976],[105.28502143,34.52511276],[105.28503643,34.52487876],[105.28513743,34.52477276],[105.28501943,34.52461276],[105.28470443,34.52456277],[105.28473243000002,34.52434577],[105.28466343,34.52422277],[105.28436943,34.52440377],[105.28403643,34.52479376],[105.28382143000002,34.52476676],[105.28374143,34.52482376],[105.28339243,34.52530076],[105.28286743,34.52517176],[105.28262143,34.52530176],[105.28245343,34.52570175],[105.28246343,34.52593575],[105.28293043,34.52570775],[105.28301143,34.52582775],[105.28271843,34.52643774],[105.28230843000001,34.52672874],[105.28183143000001,34.52664274],[105.28149643,34.52654674000001],[105.28143543,34.526463740000004],[105.28135443,34.52617574],[105.28137743,34.52592075],[105.28171843,34.52545275],[105.28229043,34.52502276],[105.28270143,34.52482176],[105.28285443,34.52465776],[105.28284043,34.52445477],[105.28273243,34.52429477],[105.28218243,34.52399577],[105.28203043,34.52362178],[105.28234043,34.52334278],[105.28257043,34.52326878],[105.28330443,34.5221708],[105.28363743,34.52143081],[105.28354943,34.521320810000006],[105.28324943,34.52138081],[105.28257743,34.5216718],[105.28243943000001,34.52159781],[105.28243943000001,34.52136781],[105.28282543,34.52107481],[105.28355943,34.52083082],[105.28396643,34.52080982],[105.28398343,34.51996583],[105.28381243,34.51905584],[105.28326943,34.51885084],[105.28393043,34.51832785],[105.28410343,34.51806085],[105.28422643,34.51761686],[105.28338043,34.51790786000001],[105.28275943,34.51791486],[105.27972343,34.51846185],[105.27867843,34.51829885],[105.27815143,34.51807385],[105.27785843,34.51761186],[105.27744443,34.51738486],[105.27654643,34.51750586],[105.27639843,34.51771486],[105.27592343,34.51911384],[105.27577243,34.51941084],[105.27552943,34.51964683],[105.27450743,34.52010883],[105.27353443,34.52005683],[105.27293143,34.51987583],[105.27218143,34.51936384],[105.27209543,34.51914684],[105.27203743,34.51837685],[105.27164543,34.51790886],[105.27134643,34.51767486],[105.27080443,34.51741386],[105.27048243,34.51709387],[105.27035343,34.51673087],[105.27041243,34.51638788],[105.27034943,34.51611288],[105.26921643,34.5146219],[105.26909543,34.51427591],[105.26693943,34.51308792],[105.26682743,34.51322792],[105.26660343,34.51397291],[105.26657043,34.51434291],[105.26630943,34.5148629],[105.26556543,34.51687887],[105.26501043,34.51752786],[105.26489343,34.51757686],[105.26474343,34.51756186000001],[105.26441543000001,34.51697387],[105.26385243000001,34.51648288],[105.26267843,34.51625988],[105.26180343,34.51582288],[105.26114943,34.51534689],[105.26024443,34.5149229],[105.25942843,34.5146999],[105.25877843,34.5147429],[105.25857443000001,34.5148249],[105.25792343,34.51539089],[105.25732243,34.51574089],[105.25722543,34.515835880000004],[105.25715543,34.51609088],[105.25716743,34.51671787],[105.25764543,34.51892084],[105.25763543,34.51939584],[105.25536443000001,34.5220898],[105.25458043000002,34.52259279],[105.25388643,34.52284479],[105.25295843,34.52292479],[105.25250243,34.52289079],[105.25228243,34.52299579],[105.25192143,34.52335678],[105.25080943000002,34.52516176],[105.25007043,34.52564675],[105.24949943,34.52620174],[105.24939843,34.52647274],[105.24895743,34.52682373],[105.24851143,34.52698673],[105.24825643000001,34.52731173],[105.24728143,34.52877171],[105.24708443,34.5296807],[105.24715143,34.52979069],[105.24711943,34.53007569],[105.24632243,34.53035169],[105.24515543,34.53053168],[105.24418743,34.53086068],[105.24386943,34.53086268],[105.24267043,34.53058068],[105.24210543,34.53073868],[105.24118043,34.53067268],[105.24062543,34.53024369],[105.24005843,34.53001369],[105.23961743,34.52973569],[105.23927543,34.52987669],[105.23901843,34.52987069000001],[105.23729343,34.5292937],[105.23692043,34.5292377],[105.23599643,34.5291887],[105.23425443,34.5293777],[105.23314143,34.5293207],[105.23187843,34.5291127],[105.23013843,34.52895971],[105.22895143,34.52862471],[105.22661643,34.52859971],[105.22561743,34.52889571],[105.22511443000002,34.5291757],[105.22487443,34.5294257],[105.22443543,34.53058568],[105.22428843,34.53174267],[105.22420043,34.53369064],[105.22401643,34.53399864],[105.22333243,34.53421463],[105.22259043,34.53420063],[105.22138443,34.53375964],[105.22060543,34.53331865],[105.21933943,34.53278665],[105.21793243,34.53399164],[105.21725543,34.53498862],[105.21689743,34.5368086],[105.21674543,34.53726759],[105.21752043,34.5367126],[105.21890843,34.5363606],[105.21940843,34.53615161],[105.21963543,34.53612161],[105.22022743000001,34.53623261],[105.22100143000002,34.53620161],[105.22133143,34.53630461],[105.22174143,34.5365486],[105.22276543,34.5369036],[105.22297143,34.53711059],[105.22479543,34.53758659],[105.22599043000001,34.53774359],[105.22682243,34.53801358],[105.22718743,34.53827658],[105.22759743,34.53842658],[105.22828143,34.53856557],[105.22879243,34.53859357],[105.22948743,34.53876157],[105.23026043,34.53844858],[105.23064043,34.53840958],[105.23299743,34.53856357],[105.23382743000002,34.53842858],[105.23426243,34.53867257],[105.23428543,34.53894557],[105.23469543000002,34.53898257],[105.23587543,34.53862157],[105.23658043,34.53820558],[105.23783243,34.53806158],[105.23850443,34.53790858],[105.23884443,34.53774759],[105.23957243,34.53777359],[105.23999343,34.53800958],[105.24008443,34.53797158],[105.24032343000002,34.53805458],[105.24142843,34.53807158],[105.24285143,34.53788958],[105.24401243000001,34.53749059],[105.24546443,34.5364886],[105.24640943,34.53619461],[105.24774043000001,34.53609861],[105.24843343,34.53595661],[105.24931043,34.53598761],[105.24982043,34.53620261],[105.25033143,34.5367846],[105.25071043,34.5370216],[105.25160043,34.53735559],[105.25228143,34.53754859],[105.25259543,34.53756959],[105.25288343,34.53782858],[105.25365543,34.53790358],[105.25382543,34.53803158],[105.25428143,34.53814958],[105.25449043000002,34.53829058],[105.25502643,34.53802958],[105.25573043,34.53787658],[105.25665943,34.53784258],[105.25749643,34.53794958],[105.25795443,34.53782858],[105.25876343,34.53740659],[105.25884243,34.53729859],[105.25906443,34.53726559],[105.26255443000001,34.53767059],[105.26343043,34.53716059],[105.26396643,34.5370196],[105.26493843,34.5365206],[105.26688543,34.53613861],[105.26701543000001,34.53605261],[105.26914143,34.53599261],[105.26886443,34.53626761],[105.26849943,34.5363926],[105.26881043,34.53643660000001],[105.26886543,34.5365516],[105.26874743000002,34.5367206],[105.26882343,34.5367916],[105.26912243,34.5367726],[105.26926143,34.5366666],[105.26971243,34.536612600000005],[105.27017243,34.53616861],[105.27047143,34.53600861],[105.27097643,34.53622961],[105.27106143,34.53615861],[105.27108243,34.53598961],[105.27180143,34.53586461],[105.27175843,34.53608561],[105.27164043,34.53620161],[105.27153443,34.5364946],[105.27105443,34.5367606],[105.27142843,34.5366726],[105.27136543,34.5369646],[105.27073243,34.53715959],[105.27074343000001,34.53722159],[105.27043243,34.53739959],[105.27039043,34.53728459],[105.27025143,34.53733859],[105.26960943,34.53787958],[105.26915943,34.537951580000005],[105.26899843,34.53806758],[105.26891243,34.53839558],[105.26859243,34.53840458],[105.26851543,34.53820958000001],[105.26833343,34.53815658],[105.26805443,34.53818358],[105.26780843,34.53842358],[105.26755143,34.53847658],[105.26723043000001,34.53868157],[105.26720043,34.53876657],[105.26729843,34.53883757],[105.26707743,34.53899057],[105.26666043,34.53901157],[105.26662343,34.53889957],[105.26668443,34.53875757],[105.26660943,34.53855357],[105.26704043,34.53857357],[105.26705043,34.53844158],[105.26695343,34.53826758],[105.26674343,34.53813658],[105.26639843,34.53807558],[105.26619043,34.53823858],[105.26605743000002,34.53878857],[105.26545443,34.53915557],[105.26533243,34.53942956],[105.26537043,34.53980656],[105.26545643,34.53997956],[105.26560543,34.54005055],[105.26608543,34.54006955],[105.26618343,34.53999856],[105.26620643,34.53954056],[105.26640343,34.53945956],[105.26770843,34.53957956],[105.26781943,34.53971156],[105.26784343,34.53991356],[105.26777043,34.54000655],[105.26719843,34.54005755],[105.26707443,34.54013455],[105.26708543,34.54027055],[105.26721043,34.54039855],[105.26768543,34.54056055],[105.26796343,34.54052555],[105.26807743,34.54058555],[105.26814243,34.54096054],[105.26822543000002,34.54104554],[105.26847143,34.54057555],[105.26907043,34.54043755],[105.26937043,34.54021655],[105.26954643,34.54019055],[105.26965043,34.54025855],[105.26984743,34.54084754],[105.26995043,34.54089854],[105.27009543,34.54078654],[105.27020743,34.54039355],[105.27019643,34.54012055],[105.27003943,34.53976156],[105.27115943,34.53804358],[105.27178943,34.53746159],[105.27191043000002,34.53708559],[105.27182843000001,34.5369916],[105.27217843,34.5365216],[105.27238443,34.5364096],[105.27196143,34.5364026],[105.27195043,34.53621461],[105.27203243,34.53604261],[105.27283843,34.53576061],[105.27290943000001,34.53563161],[105.27333443,34.53565661],[105.27380943,34.53557162],[105.27471943,34.53562162],[105.27492643,34.53574061],[105.27469843,34.53586061],[105.27455343000001,34.53581861],[105.27430743,34.53598861],[105.27375943,34.53617761],[105.27402943,34.53620361],[105.27387443,34.5364176],[105.27407043,34.5365446],[105.27411043,34.5369346],[105.27419643,34.53712059],[105.27430843,34.53710859],[105.27432343,34.53728459],[105.27418243,34.53748359],[105.27425443000001,34.53762159],[105.27412743000001,34.53782058],[105.27379043,34.53797358],[105.27364943,34.53842858],[105.27338143,34.53870857],[105.27341043,34.53880257],[105.27367843,34.53870857],[105.27383243,34.53831158],[105.27394743,34.53824158],[105.27404443,34.53828758],[105.27391743,34.53842758],[105.27389143,34.53880157],[105.27370743,34.53897657],[105.27375043,34.53911657],[105.27365143,34.53908157],[105.27317243,34.53947956],[105.27321543,34.53958456],[105.27328543,34.53953756],[105.27347743,34.53959256],[105.27351243,34.53948056],[105.27384943,34.53923657],[105.27355543,34.53971256],[105.27354943,34.54046155],[105.27349043,34.54061555],[105.27336243,34.54065155],[105.27275143,34.54040655],[105.27252343,34.54039955],[105.27207443,34.54055455],[105.27187143,34.54077254],[105.27187243,34.54103854],[105.27161043,34.54138854],[105.27100643,34.54167753],[105.27060243,34.54348451],[105.27077243,34.54358951],[105.27107643,34.54331551],[105.27139943,34.54360951],[105.27161243,34.5439805],[105.27135243,34.54465249],[105.27158143,34.54470949],[105.27173043,34.54496449],[105.27211143,34.54519648],[105.27256643,34.54531248],[105.27339643,34.54540048],[105.27529143,34.54531448],[105.27639143,34.54551148],[105.27668943,34.54566148],[105.27754343,34.54634347],[105.27809843,34.54658947],[105.28097243,34.54824644],[105.28211443,34.54862744],[105.28277843,34.54905643],[105.28335043000001,34.54968542],[105.28511643,34.55083141],[105.28528343,34.5512754],[105.28580143,34.55184839],[105.28610343,34.55283938],[105.28664343,34.55385737],[105.28686043,34.55421236],[105.28762543,34.55503135],[105.28817743,34.55672533],[105.28865843,34.55715632],[105.28929143,34.55737332],[105.28969843,34.55772931],[105.29032143000002,34.55811831],[105.29083843,34.5585953],[105.29197843,34.56016728],[105.29272843,34.56071927],[105.29317843,34.56138726],[105.29384543,34.56272024],[105.29421543,34.56324524],[105.29458143,34.56422322],[105.29498043,34.56456522],[105.29593343,34.56489121],[105.29743043,34.5657512],[105.29773743,34.5660032],[105.29876543,34.56643319],[105.29896943,34.56672719],[105.29920343,34.56728018],[105.29971843,34.56799117],[105.30032243,34.56905616],[105.30124643,34.57023814],[105.30139043,34.57081413],[105.30171043,34.57157212],[105.30283543,34.57194912],[105.30372343,34.57204012],[105.30421443,34.57186912],[105.30440343,34.57186812],[105.30461043,34.57203912],[105.30582743,34.57392109],[105.30651143,34.57448208],[105.30684543,34.57508308],[105.30713343,34.57594606],[105.30737043,34.57642006],[105.30788243,34.57709605],[105.30895443,34.57814003],[105.30941443,34.57845303],[105.30962243,34.57868803],[105.30994143,34.57938102],[105.31118943,34.580988],[105.31169643,34.58131399],[105.31228443000002,34.58141799],[105.31345843,34.58211098],[105.31388543,34.58154799],[105.31401143,34.58152099],[105.31410643,34.58161299],[105.31394943,34.58200498],[105.31398743,34.58220898],[105.31389843,34.58243298],[105.31389843,34.58267897],[105.31391343,34.58305397],[105.31416143,34.58333196],[105.31470543,34.58329996],[105.31522343,34.58281797],[105.31618343,34.58231298],[105.31731243000002,34.58224798],[105.31767643,34.58232298],[105.31800343,34.58254797],[105.31823843,34.58313597],[105.31825243,34.58343696000001],[105.31780043,34.58398395],[105.31797143,34.58428395],[105.31869843,34.58447495],[105.31939843,34.58449695],[105.32052643,34.58415295],[105.32085143,34.58416295],[105.32143643,34.58442095],[105.32176643,34.58441895],[105.32196943,34.58437795],[105.32211043,34.584258950000006],[105.32231743,34.58391596],[105.32242143,34.58386196],[105.32366743,34.58392496],[105.32428643,34.58352096],[105.32457543,34.58302997],[105.32504543,34.58324796],[105.32576743000001,34.58324796],[105.32594443,34.58318497],[105.32609643,34.58309097000001],[105.32632343,34.58276697],[105.32781443,34.58171999],[105.32792643,34.58124899],[105.32804043,34.58108099],[105.32862543,34.58130099],[105.32899243,34.58132199],[105.32918143,34.58121699],[105.32948343,34.580558],[105.32944643000002,34.580392],[105.32972343,34.580505],[105.33011643,34.58029601],[105.33031843,34.58026401],[105.33055943,34.580359],[105.33085443,34.58101700000001],[105.33094243,34.58103799],[105.33108143,34.580912],[105.33130543000001,34.580431],[105.33174843,34.58018001],[105.33183543,34.57971901],[105.33212543,34.57943702],[105.33227543,34.57895602],[105.33254243,34.57907102],[105.33271943,34.57901902],[105.33299243000002,34.57793004],[105.33315543,34.57764804000001],[105.33464743,34.57680005],[105.33563443,34.57647506],[105.33576043,34.57649506],[105.33644443,34.57615006],[105.33683743,34.57620206],[105.33714143,34.57610806],[105.33738243,34.57617006],[105.33767343,34.57605506],[105.33815543000001,34.57611706],[105.33853543,34.57623206],[105.33918443,34.57663905],[105.33944843,34.57653406],[105.34010636,34.57601106],[105.34042343,34.57620906],[105.34048843,34.57669005],[105.34061543,34.57680505],[105.34072443,34.57690305],[105.34129943,34.57644406],[105.34187643,34.57625606],[105.34280143,34.57569407],[105.34286043,34.57520107],[105.34294243,34.57509908],[105.34329343,34.57525107],[105.34362343,34.57530207],[105.34387143,34.57550607],[105.34426343,34.57550507],[105.34514843,34.57526607],[105.34608643000001,34.57486908],[105.34638243,34.57472108],[105.34642343,34.57456808],[105.34673143000002,34.57439709],[105.34706143,34.57432809],[105.34734843,34.57410809],[105.34779943,34.5735291],[105.34866443,34.5731021],[105.34909543,34.57306810000001],[105.34969243,34.57271111],[105.35053043,34.57202912],[105.35065143,34.57153512],[105.35062943,34.57117813],[105.35006943,34.57043114],[105.35068843,34.57041414],[105.35108043,34.57031114],[105.35198643,34.57032714],[105.35336543,34.57022314],[105.35478643,34.57001715],[105.35521943000002,34.57006814],[105.35598143,34.56994815],[105.35636043,34.56996415],[105.35984043,34.56950015],[105.36274643,34.56981915],[105.36373443,34.56975615],[105.36412743,34.56988515],[105.36425043,34.57002115],[105.36423243,34.57041214],[105.36441843,34.57066514],[105.36563643,34.57112413],[105.36620943,34.57144513],[105.36716143,34.57229511],[105.36751343,34.57275211],[105.36784543,34.5733641],[105.36805243,34.5735351],[105.36824143,34.57475808],[105.36853143,34.57504708],[105.36906843,34.57528407],[105.37011943,34.57547007],[105.37059543,34.57602906],[105.37104143,34.57703105],[105.37126743,34.57716705],[105.37143343000001,34.57740504],[105.37207443,34.57765904],[105.37240243,34.57769204],[105.37260843,34.577606040000006],[105.37297743,34.57721405],[105.37349243,34.57724805],[105.37361643,34.57738305],[105.37440443,34.57724505],[105.37711343,34.57586007],[105.37978743,34.57587607],[105.38068443,34.57589906],[105.38105943,34.57627206],[105.38146643,34.57651306],[105.38150243,34.57680105],[105.38182143000002,34.57711305],[105.38228143,34.57731305],[105.38264143,34.57756804],[105.38351843000001,34.57748504],[105.38384543,34.57733505],[105.38423043,34.57734605000001],[105.38413643,34.57750404],[105.38388343,34.57762204],[105.38374343,34.57777504],[105.38404843,34.57818903],[105.38407343,34.57860003],[105.38400043,34.57872103],[105.38336043,34.57910402],[105.38329343,34.57947102],[105.38332643,34.57983001],[105.38347443,34.58044],[105.38384443,34.580843],[105.38397643,34.58153299],[105.38415843,34.58174499],[105.38416543000001,34.58194898],[105.3843394,34.58211198],[105.38478343,34.58217998],[105.38495243,34.58277397],[105.38477443,34.58319797],[105.38394743,34.58394496],[105.38395543,34.58402795],[105.38455743,34.58429895],[105.38477743,34.58451095],[105.38484143,34.58469494],[105.38486643,34.58550493],[105.38477543,34.58567993],[105.38443343,34.58594993],[105.38441743,34.58604193],[105.38513243,34.58727191],[105.38552343,34.58838889],[105.38581343000001,34.58865289],[105.38589343,34.58891089],[105.38574143,34.58921888],[105.38676443,34.58928988],[105.38761143,34.5882119],[105.38788943000002,34.5879429],[105.38847143,34.58760791],[105.38973443,34.587195910000005],[105.39085643,34.58737691],[105.39096143,34.58719991],[105.39139743,34.58693491],[105.39201843,34.58670992],[105.39312243,34.58671392],[105.39349043,34.58660292],[105.39385643,34.58665392],[105.39391043000002,34.58655892],[105.39374143,34.58605593],[105.39375743,34.58592193],[105.39405443,34.58544893],[105.39435043,34.58539494],[105.39442943,34.58545193],[105.39444343,34.58563593],[105.39502543,34.58638292],[105.39512643,34.58697391],[105.39532543,34.58703091],[105.39564343,34.58694891],[105.39635643,34.58744991],[105.39686443000001,34.58749891],[105.39755443000001,34.5879369],[105.39799443,34.58837989],[105.39794743,34.58891089],[105.39853443,34.58926188],[105.39862643,34.58945588],[105.39863243,34.58975888],[105.39852143,34.59011387],[105.39939943,34.59043187],[105.39993543000001,34.59082386000001],[105.39955043,34.59144785],[105.39936043,34.59202784],[105.39943243,34.59233684],[105.39979243,34.59271684],[105.40024543,34.592939830000006],[105.40066343,34.59293483],[105.40106143000001,34.59282183],[105.40198743,34.59280383],[105.40265043,34.59291883],[105.40298743,34.59274283],[105.40363043,34.59196485],[105.40380543,34.591904850000006],[105.40417043,34.59192785],[105.40468243,34.59232684],[105.40530443,34.59282683],[105.40568143,34.59298883],[105.40605443,34.59339983],[105.40662043,34.59367382000001],[105.40755743,34.59395882],[105.40862243,34.59398582],[105.40961843,34.59440681000001],[105.41019643,34.59454281],[105.41102343000001,34.59454281],[105.41152143,34.59486081],[105.41204443,34.5950338],[105.41212643,34.5952278],[105.41177643,34.5953588],[105.41171043,34.5954738],[105.41175143,34.5955788],[105.41226743,34.59572879],[105.41325043,34.59633979],[105.41425043,34.59668378],[105.41503943,34.59729277],[105.41638543,34.59806076],[105.41654143,34.59824976],[105.41690743,34.59902975],[105.41750143,34.59949574],[105.41774043,34.60031773],[105.41776843,34.60069073],[105.41785743,34.60077973],[105.41812343,34.60072573],[105.41894243,34.59995074],[105.41912043000002,34.59988574],[105.41946143,34.59995474],[105.41947143,34.60005173],[105.41914943,34.60058973],[105.41915843,34.60077973],[105.41939943,34.60128872],[105.41971643,34.60163071],[105.41973043000002,34.60189471],[105.41950643,34.6024327],[105.41976243,34.6025297],[105.42011343,34.60248670000001],[105.42119843,34.60194271],[105.42141043,34.60190571],[105.42304143,34.6024417],[105.42312143,34.6023897],[105.42317943,34.60181871],[105.42421443,34.60124472],[105.42426843,34.60075273],[105.42437243,34.60059373],[105.42449043,34.60062673],[105.42460943,34.60102072],[105.42476443000001,34.60109272],[105.42551043,34.60045073],[105.42597543,34.60023973],[105.42642543,34.60025973],[105.42672543,34.60036773000001],[105.42686643,34.60065373],[105.42679043,34.60144572],[105.42696543,34.60162471],[105.42707643,34.60188971],[105.42715743,34.60297969],[105.42722443,34.60310769],[105.42764343,34.60339469],[105.42786743,34.60373369],[105.42828543,34.60412868],[105.42859743,34.60415968],[105.42872943,34.60424268],[105.42943243000002,34.60512867],[105.42979743,34.60556966],[105.43171143,34.60677064],[105.43184543,34.60690764],[105.43189143,34.60717764],[105.43191243,34.60744963],[105.43179543,34.607930630000006],[105.43133543,34.60887261],[105.43090943,34.6099916],[105.43071343,34.6102126],[105.43001243,34.61073259],[105.42978643000001,34.61119458],[105.43028343,34.61132158],[105.43124743,34.61124958],[105.43260643,34.61156758],[105.43314943,34.61190957],[105.43405043,34.61228557],[105.43464443,34.61239657],[105.43543743,34.61345555],[105.43593943,34.61359655],[105.43615843,34.61355155],[105.43637043000001,34.61328755],[105.43660243,34.61314956],[105.43712543,34.61297956],[105.43744443,34.61301156],[105.43879243000002,34.61376755],[105.43914043,34.61363355],[105.43931743,34.61322856],[105.43939243,34.61283856],[105.43966443000001,34.61251657],[105.43976843,34.61248357],[105.44055143,34.61266256],[105.44104243,34.61261956],[105.44194743,34.61218857],[105.44236743,34.61186557],[105.44269743,34.61171058],[105.44296143,34.61165658],[105.44364343,34.61169458],[105.44417743,34.61222957],[105.44488843,34.61274256],[105.44522943,34.61274456],[105.44541543,34.61282256],[105.44538443,34.61308256],[105.44546643,34.61343955],[105.44577443,34.613807550000004],[105.44620343000001,34.61465454],[105.44639743,34.61478953],[105.44760543,34.61523953],[105.44806943,34.61529353],[105.44885043000001,34.61527953],[105.45034543,34.61493053],[105.45137843,34.61425154],[105.45249843,34.61382555],[105.45323543,34.61368255],[105.45396643000001,34.61375355],[105.45482743,34.61462954],[105.45515543,34.61523553],[105.45555843,34.61567452],[105.45633643,34.61595752],[105.45717043,34.61648351],[105.45727943,34.61671451],[105.45723743,34.6173375],[105.45734943,34.6174605],[105.45746743,34.61804949],[105.45780143,34.61865348],[105.45769143,34.61934747],[105.45750543,34.61962947],[105.45743343,34.62003946],[105.45739443,34.62087445],[105.45747343000001,34.62096245],[105.45762443,34.62103745],[105.45797343,34.62104445],[105.45890643,34.62085645],[105.45973543,34.62106545],[105.45907743,34.62133544],[105.45765643,34.62226543],[105.45650543,34.62285242],[105.45597843,34.62318342],[105.45450443,34.624344400000005],[105.45479043,34.6245424],[105.45601843,34.6243864],[105.45627543,34.6244924],[105.45659843,34.6244904],[105.45653443,34.6247024],[105.45693743,34.6247554],[105.45709843,34.6248464],[105.45724443,34.62499239],[105.45738943,34.62531139],[105.45751843000001,34.62540439],[105.45776043,34.62542939],[105.45776043,34.62533539],[105.45792143,34.62530839],[105.45843843,34.62557239],[105.45858743,34.62649037],[105.45881343,34.626809370000004],[105.45881543,34.62710337],[105.45818043,34.628494350000004],[105.45813343,34.62873434],[105.45781443,34.62937633],[105.45751143,34.62979133],[105.45739843,34.62987233],[105.45657943,34.62997033],[105.45646643000002,34.63003833],[105.45651643,34.63034432],[105.45734043000002,34.63089931],[105.45737243,34.63104631],[105.45700843,34.6321153],[105.45698343,34.63334128],[105.45688743,34.63354128],[105.45642243,34.63363728],[105.45635743,34.63377227],[105.45673043,34.63402327],[105.45692343,34.63426227],[105.45739043,34.63408527],[105.45789043,34.63434827],[105.45806743,34.63432127],[105.45835543,34.63395927],[105.45857943,34.63382527],[105.45875143,34.63384427],[105.45893543,34.63336628],[105.45938043,34.63278729],[105.45977143,34.6320993],[105.46036643,34.6316513],[105.46151043,34.63139931],[105.46351643,34.63079732],[105.46489743,34.62976233],[105.46562443,34.62903134],[105.46615343,34.62877034],[105.46664643,34.62873134],[105.46690843,34.62883834],[105.46950743,34.63106331],[105.46992943,34.63124131],[105.47021643,34.63126931],[105.47068743,34.63121131],[105.47107743000001,34.63102831],[105.47145343,34.63072532],[105.47240443,34.62949033],[105.47350843,34.62949433],[105.47401843,34.62944333],[105.47426643,34.62933434],[105.47461043,34.62893134],[105.47502843,34.62814735],[105.47521743,34.62798735],[105.47571043,34.62799835],[105.47667243,34.62862934],[105.47734043,34.62861334],[105.47787743,34.62846635],[105.47961043000001,34.62749336],[105.48112343000001,34.62709237],[105.48324343,34.62677837],[105.48354643,34.62665437],[105.48366343,34.62648137],[105.48374343,34.62524339],[105.48337043,34.62358341],[105.48292943,34.62274343],[105.48278043,34.62193744],[105.48280143,34.62151144],[105.48300643,34.62119645],[105.48374743,34.62049846],[105.48469643,34.61896348],[105.48525443,34.61771349],[105.48586043,34.6171185],[105.48680043000002,34.61648551],[105.48739043,34.61549352],[105.48802043,34.61398254],[105.48830143,34.61223257],[105.48853043,34.61164158],[105.48872843,34.61070159],[105.48891643,34.61050659],[105.48919443,34.61036459],[105.49056043,34.61054959],[105.49127643,34.61055759],[105.49263443,34.61036759],[105.49408043000001,34.61000260000001],[105.49458843,34.6100716],[105.49716643,34.61086859],[105.50014743,34.61250156],[105.50104743,34.61312856],[105.50210443,34.61344555],[105.50277043,34.61352455],[105.50317843,34.61340955],[105.50344943,34.61323755],[105.50370343,34.61276856],[105.50395743,34.61256756],[105.50434943,34.61249557],[105.50455243,34.61256456],[105.50475943,34.61273156],[105.50503643,34.61360655],[105.50524343,34.61388955000001],[105.50611743,34.61471553],[105.50661643,34.61508653],[105.50672643000001,34.61525953],[105.50676843,34.61658851],[105.50717043,34.61826949],[105.50756743,34.61899848],[105.50785343,34.61927847],[105.50842243,34.61959847],[105.50856443,34.61963447],[105.50899643,34.61954047],[105.51021543,34.61846548],[105.51085143,34.6171575],[105.51096043,34.61658851],[105.51093543,34.61512953],[105.51020843,34.61368655],[105.51012843,34.61333355],[105.51012543,34.61299856],[105.51092743,34.61191557],[105.51111243,34.61183257],[105.51170243,34.61186457],[105.51404943000001,34.61263556000001],[105.51444243000002,34.61280156],[105.51571143,34.61399454],[105.51661543,34.61415654],[105.51692343,34.61434054],[105.51719743,34.61440854],[105.51750343,34.61441954],[105.51775843,34.61430454],[105.51811443,34.61392155],[105.51819743,34.61366555],[105.51827443,34.61226457],[105.51855843,34.61135758],[105.51881043,34.61083259],[105.51909943,34.61048959],[105.51989043,34.6101726],[105.52085143,34.6101396],[105.52174043,34.61050059],[105.52257843,34.61101859],[105.52410443,34.61229457],[105.52447943,34.61241857],[105.52488943,34.61240157],[105.52683043000002,34.61204857],[105.52810743,34.61170058],[105.52922843,34.61106958],[105.53046643000002,34.6100426],[105.53123143,34.6096286],[105.53335843,34.60900461],[105.53405543,34.60887361],[105.53523243,34.60879262000001],[105.53625443,34.60859962],[105.53755843,34.60731964],[105.53810343,34.60703464],[105.53869743,34.60698764],[105.53910143,34.60606665],[105.53935343,34.60590566],[105.53939943,34.60542766],[105.53957943,34.60524766000001],[105.53955743,34.60487967],[105.53966143,34.60434268000001],[105.54021343,34.60368469],[105.54050543,34.60321069],[105.54066543,34.60207871],[105.54084943,34.60186071],[105.54110143,34.60173271],[105.54160243,34.60115972],[105.54173943,34.60077973],[105.54220243,34.60018573],[105.54233943,34.59980074],[105.54259443,34.59954474],[105.54265143,34.59917275],[105.54282643,34.59899475],[105.54301343,34.59852476],[105.54319243,34.59829376],[105.54328643,34.59784377],[105.54387843,34.59705778],[105.54394943000001,34.59676078],[105.54386843,34.59657278],[105.54301643,34.59635079],[105.54220743000002,34.59602479],[105.54133743,34.59608279],[105.53839943000001,34.59572279],[105.53787443,34.59574979],[105.53751943,34.59602279],[105.53581343,34.59669478],[105.53563143000001,34.59646778],[105.53547743,34.59574079],[105.53496743,34.59456181],[105.53480043000002,34.59422981],[105.53429743,34.59366682],[105.53451543,34.59339083],[105.53641743,34.59190885],[105.53647743,34.59149385],[105.53643543,34.59139585],[105.53585043,34.59131085],[105.53551543,34.59068386],[105.53581443,34.59064486],[105.53627943,34.59074486],[105.53658443,34.59072986],[105.53724143,34.59045287],[105.53746843,34.590999860000004],[105.53783243,34.59036587],[105.53817343,34.58993787],[105.53865543000002,34.58960888],[105.53928443,34.58940588],[105.53953343,34.58849389],[105.53952143,34.58844189],[105.53936843,34.58844789],[105.53879543,34.58863389],[105.53799243,34.589055890000004],[105.53748743,34.58906189],[105.53718943000001,34.58868689],[105.53684243,34.58862789],[105.53663943,34.5880619],[105.53601243,34.58757891],[105.53537043,34.58759691],[105.53441843,34.5878069],[105.53376843000001,34.58682292],[105.53382443,34.58668692],[105.53457043,34.58644592],[105.53463243,34.58596593],[105.53473343,34.58578093],[105.53638743,34.58666792],[105.53652643,34.58669192],[105.53672043,34.58648292],[105.53664243,34.58629792],[105.53593443000001,34.58606393],[105.53539143,34.58565393],[105.53527043,34.58545993],[105.53519443,34.58506094],[105.53493143000001,34.58476894],[105.53472043000001,34.58465295],[105.53468543,34.58439395],[105.53479243,34.58392596],[105.53457843,34.58352196],[105.53477043,34.58324196],[105.53585243,34.58275997],[105.53592843000001,34.58263297],[105.53582543,34.58235398],[105.53589143,34.58208798],[105.53616843,34.58165899],[105.53599743,34.58161199],[105.53581043,34.58144599],[105.53560743,34.58112699],[105.53472143,34.58088800000001],[105.53480143,34.58028001],[105.53451943,34.57961101],[105.53434443,34.57956402],[105.53385743,34.57964401],[105.53329143,34.57946002],[105.53299743,34.57949702],[105.53283743,34.57956102],[105.53277943,34.57967301],[105.53293243,34.57993601],[105.53284943,34.58002801],[105.53232643,34.57990601],[105.53199743,34.57970701],[105.53163443,34.57936002],[105.53148843,34.57897702],[105.53107243,34.57828203],[105.53085343,34.57821303],[105.53031443,34.57828003],[105.53010643,34.57839903],[105.52955343000002,34.57909602],[105.52931943,34.579292020000004],[105.52879943,34.57936602],[105.52772043,34.57922702],[105.52734343,34.57939002],[105.52696043,34.57984001],[105.52653043,34.57973101],[105.52612543,34.57978901],[105.52598643,34.58007701],[105.52580943,34.58019001],[105.52537843,34.57987801],[105.52447243,34.580283],[105.52452043,34.57990601],[105.52446843,34.57976401],[105.52483743,34.57942202],[105.52510343,34.57882602],[105.52549443,34.57825803],[105.52566443,34.57709005],[105.52545043,34.57653406],[105.52500943,34.57608306],[105.52463843,34.57589606],[105.52364443,34.57564507],[105.52220443,34.57542607],[105.52189943,34.57523207],[105.52158343000002,34.57443908],[105.52164043,34.57414409],[105.52192243,34.5735141],[105.52227343,34.5731701],[105.52233443,34.57206612],[105.52266843,34.57180412],[105.52349943,34.571387130000005],[105.52453043,34.57073014],[105.52436643,34.56994015],[105.52453943,34.56932615],[105.52386343,34.56904516],[105.52288043,34.56833917],[105.52268343,34.56776918],[105.52264543,34.56714118],[105.52256043,34.56701619],[105.52149243,34.56699519],[105.52106143,34.56518321],[105.52091743,34.56507921],[105.52071643,34.56510921],[105.52084743,34.56330624000001],[105.51971243,34.56331424],[105.51959343000001,34.56440522],[105.51897843,34.56440122],[105.51845743,34.56435622],[105.51832943,34.56422522],[105.51826143,34.56393923],[105.51828143,34.56324024],[105.51765943,34.56325224],[105.51766143,34.56223325],[105.51811443,34.56191626],[105.51858343,34.56178626],[105.51987743,34.56164526],[105.52117243,34.56159326],[105.52139743,34.56127826],[105.52128543,34.56081127],[105.52103643,34.56056727],[105.52050843,34.55948229],[105.52017743,34.5589753],[105.52008243,34.5586063],[105.52015543,34.55826231],[105.52038043,34.55800931],[105.52042243000001,34.55780731],[105.52031843,34.55738832],[105.52014143,34.55725032],[105.51883443,34.55676433],[105.51865743,34.55660433],[105.51875543,34.55617033],[105.51919043,34.55587434],[105.51958443,34.55548034],[105.51979243,34.55515835],[105.52028843,34.55395336],[105.52029942,34.55299038],[105.52045543,34.55227739],[105.52036843,34.55187339],[105.52003043,34.5516514],[105.52000543,34.5515544],[105.52010143,34.55077841],[105.51994843,34.55051441],[105.51976243,34.55041741],[105.51924843,34.55035041],[105.51912843,34.54992542],[105.51856743,34.54948343000001],[105.51821943,34.54880743],[105.51790543,34.54863544],[105.51745243,34.54856144],[105.51733243,34.54847844],[105.51724743,34.54831244],[105.51728143,34.54813044],[105.51746543,34.54803045],[105.51731643,34.54789945],[105.51757443,34.54756345],[105.51754143,34.54741645],[105.51743143000002,34.54734745],[105.51697743,34.54745645],[105.51686943,34.54735945],[105.51727043,34.54690246],[105.51690543,34.54630447],[105.51681743000002,34.54583048],[105.51666643,34.54578148],[105.51641443,34.54586747],[105.51595443,34.54630447],[105.51580343,34.54633947],[105.51582643000002,34.54609547],[105.51617743,34.54561148],[105.51639543,34.54549748],[105.51836743,34.54505749],[105.51858443,34.54486049],[105.51867643,34.54469249],[105.51861443,34.5443165],[105.51836943,34.5440445],[105.51795643,34.5438535],[105.51776843,34.54354051],[105.51791143,34.54338451],[105.51868443,34.54323351],[105.51906143,34.54303551],[105.51910243,34.54287352],[105.51885543,34.54205853],[105.51911343,34.54169453],[105.51930343,34.54122354],[105.51905143,34.54110054],[105.51837343,34.54158653],[105.51676443,34.54134054],[105.51630243,34.54122454],[105.51603143,34.54105254],[105.51676243,34.53965156],[105.51690043,34.53888957],[105.51707543,34.53857357],[105.51660743,34.5367546],[105.51613943,34.53598861],[105.51603643,34.53543062],[105.51548243,34.53477263],[105.51579243,34.53463763],[105.51589243,34.53448963],[105.51542943,34.53439563],[105.51421843,34.53438963],[105.51342843,34.53445063000001],[105.51299243,34.53470563],[105.51251743,34.53456363],[105.51206943,34.53409864],[105.51149043,34.53298565],[105.51085843,34.53280865],[105.51048643,34.53241166],[105.51018243,34.53156767],[105.51042943,34.53075268],[105.51082243,34.53030869],[105.51107443,34.53018169],[105.51152443,34.53014669],[105.51233143,34.53057468],[105.51273943,34.53124467],[105.51279143,34.53169867],[105.51336943,34.53246966],[105.51363843,34.53253766],[105.51399543,34.53249666],[105.51487443,34.53227766],[105.51550743,34.53175967],[105.51575543,34.53120568],[105.51599843,34.53089368],[105.51619143,34.53082568],[105.51630443,34.53045869],[105.51749443,34.5293577],[105.51780343,34.52864171],[105.51883943,34.52774472],[105.51912543,34.52764972],[105.51873343000001,34.52711573],[105.51833443,34.52696673],[105.51798243,34.52658074],[105.51777543000001,34.526159740000004],[105.51757543,34.52598275],[105.51707743,34.52582275],[105.51681243,34.52561175],[105.51629743,34.52480176],[105.51508143,34.52381578],[105.51470943,34.52310079],[105.51419043,34.52262779],[105.51390043,34.5219678],[105.51312143,34.52161481],[105.51243743,34.52149081000001],[105.51196943,34.52123181000001],[105.51108243,34.52111881],[105.51072243,34.52091382],[105.51047043,34.520544820000005],[105.50970943,34.51998783],[105.50895243,34.51924384],[105.50891943,34.51896684],[105.50850643,34.51875084],[105.50825143,34.51818285],[105.50842943,34.51770586],[105.50825143,34.51757586],[105.50825043,34.51743586],[105.50800943,34.51712587],[105.50777143,34.51662487],[105.50779943,34.51651388],[105.50832443,34.51653388],[105.50837343,34.51637488],[105.50829243000001,34.51580089],[105.50807543,34.51534089],[105.50813243,34.5149879],[105.50794743,34.5147259],[105.50764143,34.51457990000001],[105.50750943,34.5143649],[105.50743443,34.51388391],[105.50723343,34.51342592],[105.50725343,34.51302492],[105.50705243,34.51234893],[105.50707743,34.51200494],[105.50720643,34.51175694],[105.50723943,34.51147594],[105.50678143,34.51072595],[105.50685943,34.51027796],[105.50627143,34.50816699],[105.50625543000001,34.50736700000001],[105.50640343,34.50683001],[105.50629743,34.50633901],[105.50620843000002,34.50624902],[105.50631043,34.50552403],[105.50596643,34.50500303],[105.50471243,34.50456304],[105.50472543,34.50441204],[105.50551443000002,34.50313906],[105.50544743,34.50298406],[105.50378943,34.50205707],[105.50311643,34.50223407],[105.50190643,34.50204407],[105.50153143,34.50207307],[105.50103443,34.50181708],[105.50013243,34.50173308],[105.49914643,34.50134908],[105.49876543,34.50157908],[105.49805643000002,34.50161708],[105.49783743,34.50146908],[105.49692243,34.50150208],[105.49666243,34.50158908],[105.49642943,34.50134508],[105.49605343,34.50138408],[105.49576643,34.50093309],[105.49539943,34.50058509000001],[105.49526343,34.50055909],[105.49510743,34.5003481],[105.49498143,34.4999581],[105.49461643,34.49932611],[105.49457943,34.49901511],[105.49421843,34.49816013],[105.49412843,34.49772213],[105.49399743,34.49758913],[105.49307643,34.49802613],[105.49143243,34.49844012],[105.49127543,34.49855112],[105.49089243,34.49856712],[105.49050843,34.49871912],[105.48902343,34.49899611],[105.48836843,34.4996581],[105.48796843,34.4997751],[105.48756843,34.5000021],[105.48690943,34.50076809],[105.48651843,34.50160908],[105.48647443,34.50295206],[105.48658643,34.50343205],[105.48654043,34.50360005],[105.48622343,34.50362305],[105.48540443,34.50338605],[105.48509443,34.50336405],[105.48478843,34.50341805],[105.48449843,34.50364105],[105.48389143,34.50367305],[105.48381943,34.50375305],[105.48373243,34.50420404],[105.48374643,34.50469704],[105.48398843,34.50625401],[105.48407643,34.50636001],[105.48447843,34.50649201],[105.48469343,34.50675201],[105.48447043,34.507132],[105.48439543,34.507522],[105.48431443,34.507545],[105.48383443,34.50719200000001],[105.48239643,34.50691701],[105.48238043,34.507425],[105.48283343,34.50778199],[105.48289243000002,34.50790299],[105.48279143,34.50811199],[105.48261943,34.50818499],[105.48198743000002,34.50812999],[105.48206343,34.50882598],[105.48202243,34.50906098],[105.48188343,34.50929397],[105.48148743,34.50947397],[105.48081843000001,34.50940997],[105.48033843,34.50927597],[105.48014743,34.50965097],[105.48010343,34.51000196],[105.47959543,34.51021996],[105.47933343,34.51021096],[105.47917443000001,34.51028696],[105.47892943,34.51063996],[105.47837543,34.51055396],[105.47813143,34.51039496],[105.47788043,34.50972097],[105.47754943,34.50995296],[105.47704643,34.51074995],[105.47562243000002,34.51035996],[105.47509343,34.51052096000001],[105.47494743,34.51039796],[105.47471143000001,34.51037596],[105.47438243,34.51066496],[105.47394043,34.51057796],[105.47318143,34.51056296],[105.47263243,34.51092195],[105.47168843,34.51099395],[105.47133543000001,34.51118995],[105.47091843,34.51130295],[105.46867243,34.51152294],[105.46699143,34.51143094],[105.46679543,34.51157394],[105.46683943,34.51201394],[105.46638843,34.51167494],[105.46599443,34.51116095],[105.46592643,34.51094395],[105.46597743,34.51063496],[105.46662443,34.51025396],[105.46656643,34.50991297],[105.46638743,34.50978697000001],[105.46596443,34.50970497],[105.46572943,34.50935297000001],[105.46509743000001,34.50883098],[105.46478043,34.50807199],[105.46466043,34.50796499],[105.46423443,34.50781999],[105.46282443,34.50794999],[105.46241743,34.507708],[105.46126343,34.50794499],[105.46026843,34.50796299],[105.45912743,34.50777199],[105.45837343,34.507392],[105.45777043,34.507243],[105.45747243,34.50698201],[105.45679743,34.50691701],[105.45609443,34.50696701],[105.45511743,34.50679301],[105.45426043,34.50675601],[105.45379643,34.50685801],[105.45219743,34.507655],[105.45179743,34.50779299],[105.45143643,34.50807399],[105.44978943,34.50899998],[105.44942443,34.50907198],[105.44856443,34.50883798],[105.44862443,34.50917397],[105.44753543,34.50903098],[105.44740043,34.50904998],[105.44751943,34.50924797],[105.44749843,34.50934797],[105.44679143,34.50926397],[105.44656443,34.50933097],[105.44654643,34.50949697],[105.44660943,34.50958997],[105.44691843,34.50970897],[105.44683143,34.50982197],[105.44638843,34.50980697],[105.44616243000002,34.50968297],[105.44554043,34.50983997],[105.44428443,34.50936997],[105.44405443,34.50920997],[105.44382643,34.50876598],[105.44302943,34.50930297],[105.44247643,34.50948197000001],[105.44222143,34.50965097],[105.44151443,34.50989597],[105.44121843000002,34.51010596],[105.44116043,34.51055896],[105.44098543,34.51093095],[105.44032743,34.51109095],[105.43971243,34.51088495],[105.43965243,34.51056196],[105.43980943,34.51026896],[105.43855143,34.50875098],[105.43803643,34.50874998],[105.43753643,34.50829199],[105.43701643,34.50831699],[105.43660043,34.50821999],[105.43628043,34.507636],[105.43595443,34.507436],[105.43582043,34.507434],[105.43551043000001,34.507669],[105.43517243,34.507501],[105.43464043,34.507379],[105.43402643000002,34.507398],[105.43380943,34.507493],[105.43325143,34.507415],[105.43267243,34.507571],[105.43190443,34.50828199],[105.43165543,34.50817099],[105.43155043,34.50784099],[105.43139643,34.507718],[105.43107343,34.50783699],[105.43075843,34.50782499],[105.43029243,34.507523],[105.42979143,34.507401],[105.42983243,34.507014],[105.42965143000002,34.50624701],[105.43000843,34.50596002],[105.43002243,34.50567202],[105.42980743,34.50520603],[105.42982943000001,34.50502103],[105.43032343,34.50473804],[105.43102043,34.50469804],[105.43139643,34.50418504],[105.43227643,34.50397605],[105.43277743,34.50376305],[105.43270643,34.50358505],[105.43255743,34.50347305],[105.43236243,34.50294606],[105.43183943,34.50267406],[105.43197043,34.50258907],[105.43187043,34.50226407],[105.43199343000002,34.50174308],[105.43243143000001,34.50134008],[105.43251843,34.50106709],[105.43246243,34.50072809],[105.43230143,34.50047409],[105.43230143,34.5001371],[105.43197643,34.4999541],[105.43180243,34.49953611],[105.43157443,34.49943811],[105.43113243,34.49945211],[105.43094143,34.49921811],[105.43118843,34.49910111],[105.43110943,34.49902111],[105.43107243,34.49873712],[105.43110243,34.49798713],[105.43130143000002,34.49776213],[105.43136643,34.49754013],[105.43123243,34.49724314],[105.43112043,34.49711514],[105.43093143,34.49708114],[105.43018143,34.49716114],[105.42996043000001,34.49710714],[105.42955843,34.49632315],[105.42967243,34.49592016],[105.42956543,34.49564616],[105.42939943,34.49558216],[105.42930843,34.49563516],[105.42877943,34.49558616],[105.42833443,34.49565816],[105.42777243,34.49539216],[105.42735343,34.49542916],[105.42735343,34.49531116],[105.42766543,34.49507417],[105.42807043,34.49436918],[105.42808243,34.49388818],[105.42750143,34.49383718],[105.42706843,34.49389518],[105.42693843,34.49395718],[105.42685443,34.49412318],[105.42682843,34.49449518000001],[105.42666343,34.49467317],[105.42637243,34.49473317],[105.42555343,34.49455317],[105.42539243,34.49465517],[105.42522143,34.49495717],[105.42491843,34.49506617],[105.42437143000001,34.49472417],[105.42375043,34.49449118],[105.42318143,34.49396018],[105.42267343,34.49382218],[105.42224343,34.493590190000006],[105.42148043,34.49359719],[105.42027743,34.49401918],[105.42015443,34.49399018],[105.41984543,34.49357419],[105.41941643,34.49340219],[105.41900143000001,34.49341819],[105.41862043,34.49363519],[105.41844743,34.49360319],[105.41694343,34.4926942],[105.41682043,34.4927172],[105.41682743,34.4928432],[105.41701243,34.49316919],[105.41703143,34.49350119],[105.41633143,34.49420518],[105.41628643,34.49433318],[105.41653543,34.49479417],[105.41647243,34.49558216],[105.41639943000001,34.49573616],[105.41519543,34.49521917],[105.41475443,34.49512817],[105.41406343,34.49510417],[105.41343643,34.49535516],[105.41239743,34.49526216],[105.41138643,34.49585816],[105.41134443,34.49609215],[105.41144643,34.49648515],[105.41158943,34.49814813],[105.41169343,34.49847212],[105.41165543,34.49865912],[105.41116543,34.49882312],[105.41061443,34.49868612],[105.40915143,34.49766513],[105.40908743,34.49770013],[105.40912543,34.49814913],[105.40906443,34.49820412]]]},"properties":{"gml_id":"layer_township_pg.33063","Name":"藉口镇","layer":"乡镇","code":"620502102000","grade":4,"2015_POP":26500,"2020_POP":27200,"2023_POP":27500,"area_km2":142,"2015_GDP":5.75316,"2020_GDP":8.519292,"2023_GDP":10.55545}},{"type":"Feature","geometry":{"bbox":[105.59893143,34.36926188,105.80218443,34.53900057],"type":"Polygon","coordinates":[[[105.68558243,34.38579865],[105.68515043,34.38562066],[105.68513543,34.38534066],[105.68487343,34.38513666],[105.68484043,34.38500366],[105.68492543,34.38486967],[105.68475943,34.38472267],[105.68394543,34.38425468],[105.68246743,34.38363868],[105.68183543,34.38318869],[105.68169043,34.38294369],[105.68156743,34.38286969],[105.68073243,34.3826107],[105.68053743,34.3822927],[105.68009643,34.3822207],[105.67975843000002,34.38176371],[105.67941343,34.38173271],[105.67880643,34.38180771],[105.67815543,34.38162471],[105.67775343,34.38131871],[105.67756943,34.38098872],[105.67725643000001,34.38006273],[105.67678343,34.37995273],[105.67664943,34.37877775],[105.67617943,34.37761377],[105.67627443,34.37730777],[105.67733643,34.37593479],[105.67740443,34.3753968],[105.67779343,34.37409081],[105.67773143000001,34.37374482],[105.67757643,34.37334382],[105.67730643,34.37301183],[105.67673843,34.37253583],[105.67624943,34.37233684],[105.67576043,34.37231384],[105.67526143,34.37243784],[105.67483943,34.37234384],[105.67456443000002,34.37224484],[105.67415643,34.37190184000001],[105.67397943,34.37179484],[105.67371543,34.37122885],[105.67343543,34.37106185],[105.67305543,34.37103385],[105.67187543,34.37058586],[105.67011443,34.36958087],[105.66924743,34.36928388],[105.66781043,34.36931788],[105.66737343,34.36926188],[105.66689743000002,34.36964787],[105.66651943,34.36972087],[105.66612543000001,34.36993787],[105.66596943,34.37009087],[105.66604843,34.37056586],[105.66576043,34.37057986],[105.66538643000001,34.37048286],[105.66481543000002,34.37052686],[105.66341443,34.37009087],[105.66313043000001,34.37009487],[105.66261243000001,34.37030487],[105.66239743000001,34.37046686],[105.66212443,34.37083986],[105.66139743,34.371342850000005],[105.66108643,34.37168185],[105.66078543,34.37236084],[105.66074943000001,34.37287583],[105.66090543,34.37340382],[105.66076443,34.37391482],[105.66047643,34.37357682],[105.65998643,34.37339582],[105.65976743,34.37343182],[105.65935443,34.37374182],[105.65871243000001,34.37403581],[105.65836543,34.37454781],[105.65838343,34.3747858],[105.65781843,34.3753478],[105.65723343,34.37569979],[105.65688243,34.37608979],[105.65651343,34.37621678],[105.65593743,34.37668478],[105.65569343,34.37679878],[105.65545343,34.37749277],[105.65519043,34.37761977],[105.65474343,34.37763777],[105.65463343,34.37800576],[105.65472343,34.37851575],[105.65506743,34.37880175],[105.65507843,34.37914474],[105.65487243,34.37918074],[105.65453543,34.37900375],[105.65424743000001,34.37916874],[105.65392543,34.37951874],[105.65309143,34.37993173],[105.65162143,34.37979474],[105.65079343,34.37957574],[105.65051443,34.37960574],[105.65043843,34.37968174],[105.65038443,34.38038873],[105.65012643,34.38100972],[105.65001743,34.38178771],[105.65008943000001,34.3823997],[105.65040643,34.3826117],[105.65021143,34.38289869],[105.64685243,34.38378368],[105.64442843,34.38380368],[105.64313643,34.38393268],[105.64265543,34.38383768],[105.64214643,34.38345269],[105.64149243,34.38326169],[105.64053943,34.38316469],[105.63974943,34.38290869],[105.63962743,34.38292769],[105.63952043,34.38325569],[105.63910443,34.38326769],[105.63900343,34.38333369],[105.63895543,34.38345769],[105.63899343,34.38429067],[105.63867543,34.38469767],[105.63799943,34.38478667],[105.63669343,34.38477367],[105.63586643,34.38489167],[105.63563543,34.38507066],[105.63507943,34.38597665],[105.63363343,34.38656264],[105.63260143,34.38676864],[105.63221343,34.38701364],[105.63191043,34.38739663],[105.63113343,34.38802962],[105.63014843,34.38828662],[105.62959843000002,34.38851262],[105.62906743,34.38896961],[105.62854043,34.3898406],[105.62824343,34.3899626],[105.63016243,34.3898176],[105.63035343,34.3898796],[105.63048843,34.3899936],[105.63055943,34.39051659],[105.63034243,34.39078659],[105.63030343,34.39103558],[105.63087643,34.39199857],[105.63105343,34.39212257],[105.63192243,34.39241856000001],[105.63278143,34.39240656],[105.63304843,34.39248756],[105.63345143,34.39281856],[105.63366443,34.39317355],[105.63394643,34.39442054],[105.63406243,34.39457754],[105.63398843,34.39470653],[105.63285543,34.39523753],[105.63246043000001,34.39531352000001],[105.63230143,34.39552152],[105.63203643,34.39559652],[105.63192343,34.39570952],[105.63164543,34.39663351],[105.63136743,34.3970235],[105.63130443,34.3973265],[105.63100943,34.39795449],[105.63106043,34.39820649],[105.63128143000002,34.39824649],[105.63175043,34.39849848],[105.63224643,34.39860748],[105.63296643,34.39968647],[105.63291643,34.40008446],[105.63354043,34.40049245],[105.63351143,34.40057145],[105.63276143000002,34.40074845],[105.63193843,34.40119645],[105.63150343,34.40135044],[105.63132043,34.40152544],[105.63156943,34.40284642],[105.63167143,34.40299942],[105.63303443,34.40371041],[105.63308043,34.40382141],[105.63302143000001,34.40392641],[105.63241443,34.40401141],[105.63239043,34.40412341],[105.63269443,34.4044404],[105.63266643,34.4047234],[105.63240843,34.40507739],[105.63189743000001,34.40503739],[105.63171043,34.40575938],[105.63097943,34.40610138],[105.63074443,34.40604838],[105.63044643,34.40575138],[105.62876843,34.40562938],[105.62790843,34.40520639],[105.62757743,34.40511739],[105.62694343,34.40513639],[105.62682343,34.40508339],[105.62636343,34.40517139],[105.62566543,34.40519139],[105.62522643,34.40543339],[105.62510743,34.40555339000001],[105.62505843,34.40586038],[105.62452543000002,34.40627738],[105.62398943,34.40627938],[105.62263943,34.40575938],[105.62208743,34.40564938],[105.62153643000002,34.40560139],[105.62141843,34.40575138],[105.62122843,34.40581438],[105.62094243,34.40564538],[105.62083843000002,34.40579838],[105.62034343,34.40590838],[105.62014443,34.40610438],[105.61939643,34.40634438],[105.61907843,34.40741836],[105.61910443,34.40758436],[105.61898543000001,34.40764736],[105.61866543,34.40760736],[105.61839943,34.40767936],[105.61841343,34.40818835],[105.61788343,34.40821935],[105.61716043,34.40860734],[105.61708043,34.40875734],[105.61712143,34.40891934],[105.61744643,34.40950533],[105.61754443,34.40984033],[105.61783143,34.41019232],[105.61818243,34.4115173],[105.61813343,34.4116793],[105.61836043,34.4119223],[105.61840643,34.4120963],[105.61822843,34.41237829000001],[105.61783443,34.41270329],[105.61782643,34.41291929],[105.61836443,34.41389127],[105.61853643,34.41406827],[105.61890243,34.41414927],[105.61894443,34.41427027],[105.61862143,34.41470626],[105.61810543,34.41468326],[105.61784643,34.41483426],[105.61785243,34.41502826],[105.61811943000001,34.41542525],[105.61817743,34.41574025],[105.61830843,34.41595124],[105.61815443000002,34.41671423],[105.61829843,34.41718523],[105.61822543,34.41753422],[105.61795943,34.41794922],[105.61788843,34.41797922],[105.61769843,34.41787622],[105.61753143,34.41763622],[105.61744143,34.41706023],[105.61729643000001,34.41698323],[105.61682443,34.41698123],[105.61646043,34.41684523],[105.61635943,34.41673423],[105.61631643,34.41647324],[105.61525243,34.41589425],[105.61478043000001,34.41578725],[105.61454943,34.41546925],[105.61403143,34.41527625],[105.61287943,34.41519125],[105.61253843,34.41503426],[105.61239743000002,34.41481526],[105.61221743,34.41494126],[105.61182743,34.41569725],[105.61129143,34.41625024],[105.61087743,34.41636424],[105.61052243,34.41637024],[105.60992443000002,34.41621524],[105.60897443000002,34.41617824000001],[105.60768043,34.41632824],[105.60606343000002,34.41683323],[105.60584943,34.41699223],[105.60566443,34.41747322],[105.60537843,34.41752022],[105.60526443,34.41762022],[105.60522143,34.41797222],[105.60641943000002,34.41941920000001],[105.60654743,34.41968719],[105.60648343,34.41984119],[105.60626443,34.41990819],[105.60592343,34.41983919],[105.60553543,34.4195022],[105.60535543,34.4195142],[105.60514143,34.41972219],[105.60508543,34.42022519],[105.60524943,34.42083318],[105.60540743,34.42108517],[105.60542543,34.42155717],[105.60581343000001,34.42197816],[105.60613843,34.42198816],[105.60621443,34.42207916],[105.60615843,34.42266415],[105.60673543,34.42372614],[105.60682643,34.42439413],[105.60691843,34.42455513],[105.60746943,34.42479212],[105.60757543,34.42491212],[105.60759643,34.42542712],[105.60767243,34.42560011],[105.60738243,34.42620011000001],[105.60832843,34.42612611],[105.60913443,34.42614811],[105.60979043,34.4264831],[105.60985343,34.4265871],[105.60985643,34.42715009],[105.61010843,34.42771708],[105.61111343,34.42892307],[105.61204343,34.43075804],[105.61212443,34.43189303],[105.61117743,34.43227102],[105.61070243000002,34.43259402],[105.61062943,34.43274302],[105.61017643,34.43453799],[105.61032843,34.43554598],[105.61025243,34.43592697],[105.60971043,34.43623997],[105.60950943,34.43655496],[105.60925443,34.43730995],[105.60926143,34.43778895],[105.60972143,34.43839194],[105.60991443,34.43899293],[105.60983443000002,34.43941293],[105.60859043,34.43988592],[105.60839143,34.44002392000001],[105.60838743,34.44018491],[105.60872243,34.44077191],[105.60925143,34.4411509],[105.61174343,34.44418686],[105.61251643,34.44499385],[105.61293743,34.44573484],[105.61294543,34.44593284],[105.61262443,34.44605584],[105.61113143,34.44630883],[105.61080643,34.44670383],[105.61042543,34.44695182],[105.60982943,34.44709982],[105.60990143,34.44763681],[105.60971443,34.44794781],[105.60972343,34.44823581],[105.60964443,34.4484418],[105.60942343,34.4487688],[105.60939943,34.449139790000004],[105.60920043,34.44922279],[105.60914943,34.44939279],[105.60893943,34.44963479],[105.60863843,34.44984678],[105.60854043000002,34.45017978],[105.60863543,34.45051377],[105.60920543,34.45151876],[105.60915243000001,34.45190676],[105.60875643,34.45213775],[105.60829043,34.45223575],[105.60762543,34.45223975],[105.60794943,34.45362573],[105.60840543000002,34.45408873],[105.60830743,34.45450072],[105.60842243,34.45500171],[105.60891943,34.4555997],[105.60918843,34.4561167],[105.60970743000001,34.45641269],[105.61021643,34.45656369],[105.61047943,34.45681569],[105.61025743,34.45716968],[105.61041943,34.45721368000001],[105.61047643,34.45730668],[105.61003843,34.45751068],[105.61008543,34.45766368],[105.61046743,34.45778468],[105.61056543,34.45860266],[105.61042943,34.45859466],[105.61013943000002,34.45837367],[105.60916243,34.45855667000001],[105.60845343,34.45826767],[105.60817943,34.45834367],[105.60794043,34.45918666],[105.60776043000001,34.45929665],[105.60711543000001,34.45934965],[105.60676743,34.459854650000004],[105.60662443,34.46064964],[105.60647943,34.46077063],[105.60456243,34.46090963],[105.60325343,34.46074263],[105.60296243,34.46078963],[105.60275543,34.46150362],[105.60284543,34.46173462],[105.60324143,34.46202262],[105.60352543,34.46236261],[105.60350243,34.46249961],[105.60323543,34.46271961],[105.60331843,34.4632466],[105.60323343,34.4633816],[105.60263643,34.4633696],[105.60213443,34.4634496],[105.60163843,34.46413859],[105.60106343,34.46437959],[105.60098743,34.46485958],[105.60128343,34.46588556],[105.60122543,34.46691355],[105.60052143,34.46850453],[105.59969243,34.46954952],[105.59996343,34.46983651],[105.60089243,34.4704125],[105.60232343,34.471733490000005],[105.60271843,34.47220448000001],[105.60283343,34.47276447],[105.60258843,34.47315647],[105.60152343,34.47344746],[105.60124243,34.47359546],[105.60078743000001,34.47401745],[105.59972043,34.47458245000001],[105.59920143,34.47500644],[105.59895743,34.47547943],[105.59893143,34.47571943],[105.59939743,34.47673242],[105.59977343,34.4778764],[105.60060343,34.47742541],[105.60107243,34.47689942],[105.60135143,34.47701641],[105.60178443000001,34.47754541],[105.60279443,34.47845639],[105.60351643000001,34.47901739],[105.60433443,34.47948138],[105.60601943,34.47997037],[105.60635143,34.47985737],[105.60654543,34.47970638],[105.60678943,34.47976038],[105.60697543,34.47995137],[105.60701943,34.48012237],[105.60689643,34.48052737],[105.60710543000002,34.48080636],[105.60730743,34.48078536],[105.60766343,34.48061236],[105.60787543,34.48017737],[105.60773843,34.47983938],[105.60787543,34.47961538],[105.60814243,34.47956238],[105.60830243,34.47959638],[105.60897543,34.48048037],[105.60936643,34.48084836],[105.60961243,34.48099636],[105.61047743,34.48125136],[105.61076543,34.48126436],[105.61207143,34.48088436],[105.61250643,34.48095236],[105.61301543,34.48068836],[105.61332643,34.48066236],[105.61451943,34.48106636],[105.61522343,34.48140935],[105.61558043,34.48126736],[105.61583043,34.48130136],[105.61590143,34.48123436],[105.61594543,34.48091336],[105.61600343,34.48083936],[105.61617643,34.48082136],[105.61629243,34.48088036],[105.61779443,34.48274534000001],[105.61800543,34.48286633],[105.61848643,34.48284733],[105.61886043,34.48264934],[105.62113343,34.48239234],[105.62133343,34.48243334],[105.62280143000001,34.48234034],[105.62398843,34.48256034],[105.62412443,34.48266634],[105.62441243,34.48337333],[105.62439043000002,34.48387332],[105.62462143,34.48606529],[105.62545743,34.48774327],[105.62582643,34.48809126],[105.62593943,34.48830626],[105.62635643,34.48924225],[105.62742643,34.49096122],[105.62868343,34.49224821],[105.62882743,34.4925272],[105.62890543,34.49311619],[105.62883043,34.49406018],[105.63231743,34.49406718],[105.63686943,34.49371319],[105.63753543,34.49358919],[105.63782043,34.49329119],[105.63818943,34.49354819],[105.63854943,34.49357519],[105.63846243,34.49325719],[105.63859743,34.49320519],[105.63865143000001,34.4927672],[105.63909643,34.4923602],[105.63997743,34.49205821],[105.64067443,34.49208321],[105.64203043,34.4924412],[105.64235843,34.49223121],[105.64243243,34.49196421],[105.64255043,34.49188821],[105.64403643,34.49170121],[105.64460043,34.49145422],[105.64546243,34.49046623],[105.64661543,34.48957424],[105.64873743,34.48861726],[105.65005143,34.48847026],[105.65054543,34.48847926],[105.65163543,34.48865625],[105.65319043,34.48956824],[105.65326943,34.48977124],[105.65246943,34.48999224],[105.65203543,34.49023523],[105.65103943,34.49041723],[105.65034243,34.49039123000001],[105.65026543,34.49044923],[105.65126543,34.49138622],[105.65150843,34.49153222],[105.65220843000002,34.4923692],[105.65242243,34.4927012],[105.65251643,34.4930002],[105.65248943,34.49323119],[105.65212943,34.49327119],[105.65128143,34.49304419],[105.65022843,34.49221321],[105.64989343,34.49154422],[105.64910743,34.49053323],[105.64886743,34.49040823],[105.64828843,34.49031323],[105.64800643,34.49036123],[105.64788843,34.49045523],[105.64798643,34.49059223],[105.64848343,34.49067923],[105.64864442,34.49079423],[105.64947243,34.49209721],[105.64947943000001,34.49224721],[105.64923643,34.4925032],[105.64931343,34.4925652],[105.64971943,34.4925572],[105.65033443,34.4928692],[105.65071943,34.49323419],[105.65081743,34.49341319],[105.65078443,34.49352319],[105.65023643,34.49386518],[105.64976843,34.49390018],[105.64907543,34.49335619],[105.64827943,34.49336419],[105.64792943,34.49305219],[105.64743243,34.4928552],[105.64739943,34.4929132],[105.64821743,34.49355219],[105.64815643,34.49371019],[105.64715343,34.49422218],[105.64657643,34.493979180000004],[105.64649543,34.49421818],[105.64679343000002,34.49439318],[105.64675643000001,34.49461417],[105.64683543,34.49467417],[105.64825043,34.49409418],[105.64856643,34.49410318],[105.64875643,34.49426718],[105.64882343,34.49454218],[105.64830243,34.49535216],[105.64845643,34.49548816000001],[105.64859843,34.49547116],[105.64906543,34.49502217],[105.64934543,34.49492217],[105.65101243,34.49484717],[105.65155043,34.49492417],[105.65183143,34.49471817],[105.65194243,34.49472217],[105.65306143,34.49542116],[105.65384643,34.49556516],[105.65415343,34.49577016],[105.65446543,34.49613915],[105.65515143,34.49633215],[105.65519343,34.49649215],[105.65509843,34.49657315],[105.65350443,34.49700414],[105.65329643,34.49769113000001],[105.65341343,34.49802213],[105.65355443,34.49815113],[105.65586243,34.49846012],[105.65638343,34.49865412],[105.65665043,34.49884212],[105.65696343,34.49938711],[105.65693443,34.49946811],[105.65669143,34.49930711],[105.65628343,34.49920111],[105.65516743,34.49950311],[105.65488343,34.49967511],[105.65481843,34.4998371],[105.65502943000001,34.5000581],[105.65650343000001,34.4999871],[105.65675843,34.5000341],[105.65651243,34.50046609],[105.65522043,34.50055809],[105.65537443,34.50112709],[105.65557843,34.50118208],[105.65599543,34.50085509],[105.65597443,34.50105709],[105.65580643,34.50127308],[105.65579343,34.50141608],[105.65589143,34.50178908],[105.65628943,34.50229207],[105.65718643,34.50203607],[105.65741343,34.50183408],[105.65745643,34.50157408],[105.65760843,34.50135608],[105.65783443,34.50136808],[105.65807343,34.50168808],[105.65947143,34.50220507],[105.65968843,34.50248007],[105.65951143,34.50268906],[105.65949243000001,34.50313106],[105.66016443,34.50335505],[105.66041143,34.50378005000001],[105.66055943,34.50429604],[105.65958643,34.50563802],[105.65911043,34.50605602],[105.65935143,34.50637401],[105.65937343,34.50649801],[105.65924143,34.50679301],[105.65932743,34.507014],[105.66002543,34.507135],[105.66016843,34.507198],[105.66025543,34.507339],[105.66016743,34.507667],[105.66018743,34.50804599],[105.65999143,34.50810699],[105.65992643000001,34.50820599],[105.65995443,34.508276990000006],[105.66018543,34.50830699],[105.66009043,34.50859198],[105.66028843,34.50861898000001],[105.66053543,34.50826199],[105.66094343,34.50822099],[105.66138543,34.50804299],[105.66173243,34.50800299],[105.66198243,34.50805899],[105.66220243,34.50821499],[105.66277143,34.50895398],[105.66310243,34.50913698],[105.66353243,34.50917798],[105.66422143,34.50936397],[105.66526243,34.50927597],[105.66640743,34.50934497],[105.66761543,34.50959097],[105.66804043,34.50983197],[105.66822543,34.51035296],[105.66849843000001,34.51036296],[105.66970543,34.51005096],[105.67032543,34.51013896],[105.67054343000001,34.51046096],[105.67052343,34.51079095],[105.67059043,34.51100295],[105.67111943,34.51128195],[105.67129143,34.51145294],[105.67119743,34.51158294],[105.67042743,34.51169294],[105.67021943,34.51193994],[105.67009443,34.51198794],[105.66943343,34.51210394],[105.66932743000001,34.51217593],[105.66930743,34.51229693],[105.66954943,34.51289792],[105.66951943,34.51303292],[105.66868643,34.51321992],[105.66835643,34.51342592],[105.66811343,34.51341392],[105.66800443,34.51348492],[105.66819543,34.51365891],[105.66879843,34.51344092],[105.66930443,34.51347692],[105.66932643,34.51370891],[105.66913843,34.51415991],[105.66960443,34.5143489],[105.66919543,34.5149309],[105.66960343,34.5150329],[105.66966843,34.51520989],[105.66961643,34.51528389],[105.66862743000002,34.51545889],[105.66816443,34.51534589],[105.66752443,34.51534689],[105.66707943,34.51545589],[105.66670743,34.51563989],[105.66655243,34.51594988],[105.66656943,34.51625288],[105.66675143,34.51674887],[105.66732943,34.51749086],[105.66737643,34.51778486],[105.66776743000001,34.51872684],[105.66791743,34.51957783],[105.66845243,34.52012383],[105.66877343,34.52099981],[105.66910643000001,34.52133981],[105.67045243,34.5220768],[105.67062543000002,34.5223258],[105.67069943,34.52296979],[105.67048543,34.52321278],[105.67038843,34.52323378],[105.67019343000001,34.52312279],[105.66988643000002,34.52307179],[105.66944743,34.52311878],[105.66793643,34.52391077000001],[105.66773443,34.52404477],[105.66760843,34.52424277],[105.66719343,34.524215770000005],[105.66660543,34.52403977000001],[105.66610643,34.52409377],[105.66534643,34.52426677],[105.66463343,34.52466376],[105.66349543,34.52483876],[105.66341543,34.52490376],[105.66344943,34.52575875],[105.66322743,34.52626174],[105.66296443,34.52635174],[105.66265143000001,34.52630874],[105.66185443,34.52674274],[105.66136743,34.52663074],[105.66081343,34.52627874],[105.65991543,34.52600975],[105.65870143,34.525771750000004],[105.65822343,34.52576775],[105.65707143,34.52595875],[105.65687143,34.52612174],[105.65694843,34.52661674],[105.65677043,34.52677874],[105.65709943,34.52695773],[105.65712143,34.52714273],[105.65683243,34.52710073],[105.65627843,34.52686773],[105.65570043,34.52652774],[105.65555343,34.52661274],[105.65560843,34.52696973],[105.65602143,34.52694373],[105.65642543,34.52709673],[105.65659843,34.52728173],[105.65698443000001,34.52746873],[105.65704443,34.52765072],[105.65699043,34.52774872],[105.65637543,34.52803372],[105.65447243,34.52832671],[105.65389643,34.52854671],[105.65362343,34.5292037],[105.65370443,34.5296507],[105.65454843000002,34.53040469],[105.65473743,34.53068068],[105.65462943,34.53231266],[105.65484443,34.53301865],[105.65482043,34.53367264],[105.65496443,34.53424163],[105.65537343000001,34.53474863],[105.65557243,34.53538462],[105.65589843,34.53586961],[105.65650943,34.53633761],[105.65760043,34.5363446],[105.65824543,34.5365296],[105.65944943000001,34.53709259],[105.66018943,34.53709059],[105.66117843,34.5366646],[105.66223543,34.53586461],[105.66245543,34.53550962],[105.66250043,34.53515362],[105.66269243000002,34.53499562],[105.66289743,34.53507462],[105.66346743,34.53590761],[105.66388143,34.53604961],[105.66398143,34.53602661],[105.66400443,34.53580261],[105.66408443000002,34.53578161],[105.66469743,34.53602761],[105.66516443,34.53598961],[105.66556943,34.53582261],[105.66694943,34.53492162],[105.66716743,34.53486263],[105.66816243,34.53479363],[105.66943543,34.53493762],[105.67004743,34.53507662],[105.67038043,34.53521262],[105.67121443,34.53595161],[105.67175243,34.53630961],[105.67362543,34.5370206],[105.67415443,34.53729159],[105.67447943,34.53773459],[105.67483143,34.53840858],[105.67517343,34.53858957],[105.67541043,34.53855857],[105.67548843,34.53840558],[105.67540343,34.53618961],[105.67547143,34.53606461],[105.67595843000001,34.53610061],[105.67605943,34.53612461],[105.67609543,34.53622361000001],[105.67597043,34.5369536],[105.67607943000002,34.53735159],[105.67637343,34.53767459],[105.67716343,34.53900057],[105.67806743,34.53897657],[105.67796343,34.53782858],[105.67793043,34.53608561],[105.67839643,34.53328065],[105.68315743,34.53311765],[105.68321143,34.53303865],[105.68323043,34.53225566],[105.68304543,34.53188267],[105.68305343,34.53158867],[105.68343443,34.53151167],[105.68423243,34.53157167],[105.68446743,34.53150867],[105.68473143,34.53125967],[105.68467743,34.53081968],[105.68448043,34.53069668],[105.68428843,34.53043169],[105.68416143,34.53031569],[105.68366343,34.53023069],[105.68345643,34.53003669],[105.68337843,34.5296557],[105.68347743,34.5295767],[105.68411943,34.5295077],[105.68477343,34.5296057],[105.68501343000001,34.5295207],[105.68551243,34.52889271],[105.68560243,34.52888071],[105.68565243000002,34.52897571],[105.68556543,34.5293287],[105.68577643,34.5294477],[105.68602243,34.5293227],[105.68614043,34.52894971],[105.68626843000001,34.52880771],[105.68638443,34.52884471],[105.68642543,34.5295657],[105.68665643,34.5295437],[105.68691843,34.5296517],[105.68769243,34.5296567],[105.68843043000001,34.52975669],[105.68875043,34.5296317],[105.68918643,34.5292687],[105.68934043,34.52839371],[105.68934343000001,34.52741573],[105.68966843,34.52666374],[105.68955143,34.52662674],[105.68891143,34.52684873],[105.68787843,34.52602075],[105.68677743,34.52576375],[105.68673143,34.52556475],[105.68683043,34.52523676],[105.68674943,34.52510876],[105.68619843,34.52465576],[105.68570643,34.52438777],[105.68587443,34.52429177],[105.68626143,34.52433577],[105.68689043,34.52458177],[105.68786743000001,34.52415077],[105.68826943,34.52425377],[105.68885643,34.52424677],[105.68924543,34.52445277],[105.68983543,34.52444177],[105.68999743,34.52450377],[105.69005843,34.52466876],[105.69012543000001,34.52550075],[105.69038643,34.52577775],[105.69058143,34.52579375],[105.69068143,34.52575175],[105.69083443,34.52536975],[105.69075743,34.52447677],[105.69081943,34.52423577],[105.69090943,34.52414377],[105.69131043,34.52415077],[105.69152143,34.52429477],[105.69170743,34.52481576],[105.69177743,34.52545375],[105.69168043,34.52581475],[105.69178143,34.52597675],[105.69232343,34.52588575],[105.69273543,34.52533776],[105.69347343,34.52543475],[105.69386043,34.52554875],[105.69422343,34.52579275],[105.69463243,34.52628374],[105.69528743,34.52650074],[105.69546443,34.52671574],[105.69569043,34.526806730000004],[105.69625243,34.52689573],[105.69642843,34.52691473],[105.69711343,34.52660174],[105.69749043,34.52620174],[105.69776243,34.52575775],[105.69789343,34.52519676],[105.69922043,34.52332978],[105.70035743,34.52277079],[105.70093743,34.52240679],[105.70170643,34.5221068],[105.70345743,34.52110281000001],[105.70411343,34.52036282],[105.70486543,34.51967983],[105.70529343,34.51938384],[105.70769943,34.51807285],[105.70793843,34.51769086000001],[105.70819743,34.51743686],[105.70828543,34.51665987],[105.70842843,34.51638988],[105.70887843000001,34.51625188],[105.70894543,34.51611788],[105.70940143,34.5149359],[105.71003543,34.5147249],[105.71012443,34.5145299],[105.71017043,34.51394091],[105.71000443000001,34.51396291],[105.70959743,34.5143169],[105.70950243,34.51428791],[105.70929043,34.51368891],[105.70926843,34.51347592],[105.70937043,34.51309492],[105.70982643000002,34.51188294],[105.70980443,34.51159294],[105.70949143,34.51140294],[105.70902443,34.51136395],[105.70889243,34.51113595],[105.70873743,34.51111595],[105.70862743,34.51121195],[105.70853643000001,34.51177194000001],[105.70819043,34.51237093],[105.70767243,34.51204894],[105.70687643,34.51183294],[105.70637443,34.51177694],[105.70613343,34.51166694],[105.70613543,34.51116895],[105.70559243000001,34.51098095],[105.70615643,34.51069695],[105.70622543,34.51050196],[105.70614443,34.51041596],[105.70573243,34.51041696],[105.70545143,34.51033196],[105.70518143,34.51012796],[105.70507143,34.50993697],[105.70518443,34.50960297],[105.70588043,34.50925997],[105.70646243,34.50931897],[105.70685543,34.50919197],[105.70718443,34.509224970000005],[105.70800843000002,34.50973597],[105.70810843,34.50974797],[105.70825343,34.50962297],[105.70821543,34.50939097],[105.70804643,34.50917998],[105.70742943,34.50887398],[105.70692143,34.50878998],[105.70600743,34.50877198],[105.70593943,34.50861498],[105.70616043,34.50811499],[105.70651243,34.507508],[105.70660243,34.507468],[105.70982743,34.50860498],[105.71030743000001,34.50886098],[105.71050343,34.50920698],[105.71073843,34.50933597],[105.71086043,34.50926297],[105.71079043,34.50899598],[105.71086743,34.50867898],[105.71105643,34.50853198],[105.71114343,34.50849998],[105.71129843,34.50863798],[105.71141343,34.50861998],[105.71163543,34.50840799],[105.71290943000001,34.50822299],[105.71354143,34.50773399],[105.71398443,34.507216],[105.71442943,34.507324],[105.71492343,34.50771899],[105.71490643,34.50791599],[105.71521743,34.50816399],[105.71531243,34.50844799000001],[105.71577343,34.50847698],[105.71672443,34.50872398],[105.71707443,34.508406990000005],[105.71767043,34.50814699],[105.71787943,34.50797399],[105.71830943,34.507128],[105.71882543,34.507225],[105.71889843,34.507165],[105.71876543,34.50696101],[105.71895543,34.50666301],[105.71918043,34.50648801],[105.71966543000002,34.50635501],[105.71944143,34.50602702],[105.71952743,34.50560502],[105.71944143,34.50521703],[105.72038243,34.50555202],[105.72040043,34.505641020000006],[105.72030543,34.50573002],[105.72033843,34.50601802],[105.72061343,34.50624701],[105.72074543,34.50623602],[105.72072343,34.50566602],[105.72094643,34.50507303],[105.72152143,34.50488603],[105.72178443,34.50464604],[105.72201443,34.50414304],[105.72220243,34.50390205],[105.72220043,34.50377305],[105.72294943,34.50377405],[105.72317043,34.503698050000004],[105.72345743,34.50338805],[105.72369543,34.50339905],[105.72424943,34.50393705],[105.72437943,34.50430904],[105.72439643,34.50489103],[105.72446743,34.50503603000001],[105.72509243,34.50533103],[105.72583043,34.50604702],[105.72622243,34.50620702],[105.72698043,34.50588202],[105.72756243,34.50507203],[105.72779143,34.50434304000001],[105.72837743,34.50439604],[105.72908443,34.50476604],[105.73064743,34.50518703],[105.73090043,34.50533703],[105.73129843,34.50595402],[105.73169043,34.50606002],[105.73300443,34.50675401],[105.73375943,34.50691601],[105.73703743,34.507235],[105.73717143000002,34.507375],[105.73717043,34.507636],[105.73703843000001,34.50797599],[105.73640843,34.50853898],[105.73631643,34.50877698],[105.73633943,34.50885798],[105.73666443,34.50865098],[105.73730943,34.50883898],[105.73765943,34.50845198],[105.73788643,34.50835499],[105.73821643,34.50837399],[105.73831043,34.50937297],[105.73827143,34.50953897],[105.73797143,34.50987397000001],[105.73794843,34.51008096],[105.73833643000002,34.51089395],[105.73837543,34.51114795],[105.73820643,34.51232693],[105.73824343,34.51244693],[105.73835743,34.51247293],[105.73850043,34.51237093],[105.73879243,34.51204394],[105.73952343,34.51177794],[105.74036543,34.51173194],[105.74086943,34.51194994],[105.74199543,34.51206294],[105.74226143,34.51195094],[105.74278543,34.51187594],[105.74316243,34.51169094],[105.74347143,34.51140294],[105.74392443,34.51123495],[105.74443543,34.51125395],[105.74465243,34.51132995],[105.74472843,34.51147994],[105.74505643,34.51173394],[105.74517843,34.51204294],[105.74517543,34.51223793],[105.74532843,34.51251193],[105.74653443,34.51334892],[105.74758543,34.5146829],[105.74773243,34.5150509],[105.74768143,34.51585088],[105.74802943,34.51680987],[105.74796643,34.51703887],[105.74802843,34.51717887],[105.74928543,34.51727087],[105.74968743,34.51749886],[105.75060543000001,34.51782186],[105.75117643,34.51824685],[105.75251343000001,34.51859685],[105.75277043,34.51875284],[105.75366843,34.51903384],[105.75418243,34.51942484],[105.75433443,34.51962283],[105.75436743,34.51984583],[105.75475843,34.52010083],[105.75499943,34.52016983],[105.75567743,34.52080282000001],[105.75688643000001,34.5223638],[105.75681043,34.5220218],[105.75693243,34.5217118],[105.75715843,34.52136781],[105.75756043,34.52096181],[105.75809443000001,34.52061482],[105.75906043,34.52023782],[105.75994443,34.51969983],[105.76180643,34.51808385],[105.76205443,34.51767686],[105.76216343,34.51704187],[105.76202543,34.51531589],[105.76208843,34.51348592],[105.76219743,34.51242593],[105.76214543,34.51138295],[105.76236443,34.51008396],[105.76217543,34.50851398],[105.76227143,34.50697301],[105.76240743,34.50663101],[105.76373143,34.50522603],[105.76413243,34.50459204],[105.76434643,34.50395305],[105.76466043,34.50216107],[105.76512843,34.50137908],[105.76517943,34.50101209],[105.76507743,34.50081909],[105.76443143,34.49948411],[105.76432043,34.49883212],[105.76443243,34.49816713],[105.76443543,34.49676714],[105.76414243,34.49551616],[105.76446443,34.49509417],[105.76472943,34.49492217],[105.76597943,34.49433918],[105.76602043,34.49441018],[105.76796443,34.49380119],[105.77041343,34.4924812],[105.77130043,34.49219021],[105.77195143,34.49206421],[105.77469243,34.49198221],[105.77596543,34.49181221],[105.77758043,34.49172721],[105.77870843,34.49206321],[105.77892243,34.49203621],[105.77919343000002,34.49170321],[105.78004643,34.489227250000006],[105.78020343,34.48847026],[105.78005943,34.48732927],[105.77871343,34.48590129],[105.77835243,34.4853133],[105.77816943,34.48475131],[105.77818443,34.48396732],[105.77897943,34.48285633],[105.78039743,34.48236934],[105.78172843,34.48222334],[105.78253443000001,34.48278133],[105.78295043,34.48293733],[105.78410743,34.48313933],[105.78665243,34.48432431],[105.78705343,34.48440631],[105.78737843000002,34.48434331000001],[105.79202443,34.48232834],[105.79308543,34.48175435],[105.79365743,34.48118436],[105.79383143,34.48074136],[105.79388843000001,34.48026637],[105.79368143,34.47938738],[105.79345843,34.47865939],[105.79351543,34.47842639],[105.79417343,34.47754941],[105.79470843,34.47629142],[105.79530343,34.47513744],[105.79529943,34.47473144],[105.79519643,34.47461645],[105.79498943,34.47451945],[105.79430543,34.47424245],[105.79226643,34.47321547],[105.79070443,34.47234048],[105.79034543,34.47196348],[105.79020943,34.47169349],[105.78956543,34.4709005],[105.78889143000002,34.47015751],[105.78872243,34.46966751],[105.78854143,34.46909152],[105.78829643,34.46833153],[105.78813843,34.46733755],[105.78811643,34.46652656],[105.78829043,34.46522957],[105.78829743,34.46518557],[105.78848043,34.46428659],[105.78863943000002,34.46392959],[105.78902243,34.4634486],[105.78969443,34.46255661],[105.78992643,34.46212762],[105.79001243,34.46177062],[105.79002643,34.46170662],[105.79004743,34.46076264],[105.79010243,34.46042164],[105.79011643,34.46033164],[105.79032143,34.46000864],[105.79057143,34.45976065],[105.79092343,34.45948765],[105.79142543,34.45925166],[105.79199943,34.45901266],[105.79247143,34.45873766],[105.79277943,34.45846467],[105.79283743,34.45834267],[105.79289343,34.45818167],[105.79290743,34.45813967],[105.79290943,34.45813467],[105.79290543,34.45765468],[105.79275443000002,34.45740968],[105.79248643,34.45724068],[105.79214543,34.45707069],[105.79141543000001,34.45671869],[105.79065543,34.4562337],[105.78995543,34.4557227],[105.78899943,34.45487172],[105.78869943,34.45448172],[105.78851943,34.45422472],[105.78845743,34.45395473],[105.78846643,34.45378373],[105.78847143,34.45370773],[105.78864543,34.45346073],[105.78889543,34.45327474],[105.78916043,34.45314974],[105.78960343,34.45301074],[105.79012143,34.45292174],[105.79180843,34.45292174],[105.79204943,34.45288874],[105.79247443,34.45282874],[105.79318143,34.45255475],[105.79387543,34.45220475000001],[105.79451043,34.45202575],[105.79521943000002,34.451862760000004],[105.79588443,34.45179376],[105.79660743,34.45163076],[105.79756843,34.45146176],[105.79849743,34.45113377],[105.79891043,34.45092177],[105.79917543,34.45069777],[105.79949643,34.45028978],[105.79965643,34.45000678],[105.79966443,34.44997978],[105.79969443,34.44988378],[105.79974743,34.449701790000006],[105.79977243000002,34.44962379],[105.79982443,34.44936479],[105.79984243,34.44928079],[105.79982443,34.44917279],[105.79977843,34.4488868],[105.79965843,34.4486418],[105.79932943,34.4483268],[105.79894243,34.44790981],[105.79873143,34.44759481],[105.79857843,34.44720082],[105.79852943,34.44666283],[105.79860043,34.44625183],[105.79861443,34.44616983],[105.79875343,34.44523585],[105.79880443,34.44436186],[105.79879843,34.44380887],[105.79868843,34.44304988],[105.79830943,34.44215489],[105.79767643,34.4409559],[105.79702843,34.43974292],[105.79695143,34.43942393],[105.79693343,34.43908093],[105.79691343,34.43846594],[105.79691143,34.43840594],[105.79711643,34.43802194],[105.79761443000001,34.43755195],[105.79817343,34.43722695],[105.79864643000002,34.43713696],[105.79931143,34.43705996],[105.79978443,34.43695796],[105.80007143,34.43678796],[105.80007843,34.43678296000001],[105.80010443,34.43649897],[105.79977443000001,34.43591397],[105.79935443,34.43526598],[105.79930543,34.43489599],[105.79931543,34.43455499],[105.79931743,34.43450399],[105.79946143,34.434074],[105.79970943,34.433703],[105.79995843,34.43350401],[105.80034243,34.43332701],[105.80111043,34.43317501],[105.80146343000001,34.43308701],[105.80183343,34.43293701000001],[105.80209643,34.43272402000001],[105.80216743,34.43255302],[105.80218443,34.43251402],[105.80218243,34.43226902],[105.80216643,34.43207303],[105.80192543,34.43177903],[105.80123243,34.43049405],[105.79980443,34.42818508],[105.79868543000002,34.4262621],[105.79742643,34.42394014],[105.79718043,34.41982719],[105.79721743000002,34.4190542],[105.79775443,34.41799222000001],[105.79951743,34.41666323],[105.80000043,34.41616824],[105.80038243000001,34.41524725],[105.80069943,34.4118133],[105.80077343,34.41027732],[105.80091543,34.40951333],[105.80112943,34.40720136],[105.80112343,34.40650137000001],[105.80102943000001,34.40605838],[105.80068343,34.40541239],[105.80068043,34.40514239],[105.80084343,34.4045924],[105.80017543,34.40411941],[105.79874643,34.40390741],[105.79829643,34.40374441],[105.79675943,34.40378941],[105.79561043,34.40361641],[105.79427543000001,34.40287342],[105.79305443,34.40241843],[105.79257343,34.40207443],[105.79002543000001,34.40071145],[105.78867543,34.40030646],[105.78856643,34.40037346],[105.78786643,34.40027146],[105.78768743,34.40032246],[105.78743943,34.40051545],[105.78690743000001,34.40125744],[105.78605143,34.40149544],[105.78554943,34.40198043],[105.78541143,34.40225543],[105.78534543000002,34.40263743],[105.78519743,34.40287042],[105.78293443,34.40342642],[105.78176943,34.40292942],[105.78140643,34.40259243],[105.78088343,34.402272430000004],[105.77768343,34.40155844],[105.77469843,34.40044645],[105.77384343,34.39996246],[105.77340743,34.39992546],[105.77143143,34.40021246],[105.77085443,34.40021646],[105.77047643,34.40039346],[105.76978243,34.40095345],[105.76965043,34.40085545],[105.76932543,34.40015246000001],[105.76914843,34.39932547],[105.76863243,34.39873248],[105.76815243,34.39865248],[105.76788043000002,34.39839748],[105.76777843,34.39798349],[105.76771043,34.3971125],[105.76773643,34.39669851000001],[105.76796143,34.39614251],[105.76804443,34.39534652],[105.76792043,34.39498253],[105.76742143,34.39441354],[105.76764143,34.39327655],[105.76784943,34.39268656],[105.76852743,34.39240856],[105.76947143,34.39186257],[105.76962443000001,34.39116558],[105.76956243,34.39081759],[105.76921743,34.39037259],[105.76866643000001,34.3901526],[105.76769543,34.3898856],[105.76699543,34.3899076],[105.76658343,34.3895626],[105.76559943,34.38791963],[105.76524743,34.38764863],[105.76448443,34.38727163],[105.76435143,34.38691764],[105.76421043,34.38684064],[105.76385443,34.38655564],[105.76340343,34.38635165],[105.76214543,34.38655864],[105.76147843000001,34.38677064],[105.76119943,34.38695464],[105.76112843000001,34.38683964],[105.76119243,34.38610865],[105.76105543,34.38581965],[105.76062143,34.38529266],[105.76035843,34.38390968000001],[105.76086143,34.38312869],[105.76090043,34.38292069],[105.76083943,34.3827967],[105.75998043,34.3827857],[105.75972743,34.3824727],[105.75967443,34.3821827],[105.75913843000001,34.38146571],[105.75904543,34.38110172],[105.75936143,34.37959074],[105.75930043,34.37942474],[105.75905843,34.37923574],[105.75879243000001,34.37915074],[105.75814343,34.37895175],[105.75733543,34.37848475],[105.75661443,34.37831876],[105.75561743,34.37850775],[105.75488643,34.37897175],[105.75439543,34.37882575],[105.75428043,34.37873175],[105.75421843,34.37853775],[105.75434443,34.37800676],[105.75443843,34.37794876000001],[105.75446743,34.37780376],[105.75404043,34.37642978],[105.75392943,34.37635578],[105.75356943,34.37632078],[105.75325443,34.37613179],[105.75307443000001,34.37566079],[105.75290343,34.37547579],[105.75261743,34.3753908],[105.75237443000002,34.3750898],[105.75241443,34.3750058],[105.75270943,34.3749578],[105.75277743,34.3748508],[105.75272743,34.3747808],[105.75232243,34.3747778],[105.75168643,34.37464081],[105.75132843,34.3747878],[105.75043843,34.3748448],[105.75034443,34.3749028],[105.75034343000002,34.3752968],[105.75019943,34.37557079],[105.74949643,34.37588179],[105.74895243,34.37602179],[105.74851143,34.37601579],[105.74767643,34.37531280000001],[105.74757043,34.3751398],[105.74750243,34.3748998],[105.74785943,34.37441981],[105.74795643000002,34.37417481],[105.74767143,34.37356082],[105.74706143,34.37304983],[105.74679643,34.37305483],[105.74592543000001,34.37296983],[105.74551343,34.37284383],[105.74509943,34.37289983],[105.74434743,34.37314483],[105.74356943,34.37326582],[105.74277643,34.37363082],[105.74206843,34.37368082],[105.74191243,34.37358582000001],[105.74169943,34.37325882],[105.74152843,34.37321883],[105.74147543,34.37330182],[105.74150343000001,34.37373782],[105.74127043,34.37403681],[105.74111543,34.37448181],[105.74079843,34.3747238],[105.74016543,34.3748978],[105.74003843,34.3753708],[105.73959143000002,34.37572079],[105.73661143,34.37647578],[105.73553243,34.37640678],[105.73454243,34.37644978],[105.73360343,34.37654678],[105.73340443000001,34.37664978],[105.73332143,34.37685378],[105.73251043,34.37688678],[105.73195743,34.37703977000001],[105.73130643,34.37736977],[105.73093043,34.37747677],[105.73056243,34.37758177],[105.72912343,34.37773376],[105.72725343,34.37837476],[105.72508143,34.37825376000001],[105.72500843,34.37933674],[105.72473843000002,34.37965574],[105.72469343000002,34.38019973],[105.72421843000001,34.38022173],[105.72334343,34.38006773],[105.72212243,34.38013573],[105.72203943,34.38011873],[105.72197643,34.37994773],[105.72172743,34.37994973],[105.72168643,34.38016173],[105.72184743,34.38070972],[105.72198443,34.38088472],[105.72242043,34.38117372],[105.72234043,34.3821827],[105.72222343,34.3823747],[105.72189443,34.3826507],[105.72131243,34.3826127],[105.72078043,34.3827147],[105.72034343,34.38300769],[105.72000543,34.38339869],[105.71888343000002,34.38347269],[105.71855243,34.38449567],[105.71846043,34.38646564],[105.71794043,34.38879761],[105.71734843,34.39061159],[105.71735943,34.39174957],[105.71686543,34.39370655],[105.71651143,34.39451554],[105.71493043,34.39500153],[105.71376243,34.39551852],[105.71304843,34.39629451],[105.71293043,34.39661151000001],[105.71285943,34.39764149],[105.71295843,34.39790949],[105.71309943,34.39796749],[105.71353743,34.39796949],[105.71421043,34.39770849],[105.71437143,34.39776749],[105.71445043,34.39785149],[105.71458843,34.39859648000001],[105.71470443,34.39880148],[105.71501043,34.39896448],[105.71543343,34.39907047],[105.71661043,34.39918347],[105.71729543,34.39911247],[105.71761043,34.39923347],[105.71773443,34.39946047],[105.71767743000001,34.39959047],[105.71695943,34.40021846],[105.71680643,34.40055245],[105.71733343000001,34.40151544],[105.71830143,34.40240543],[105.71798543,34.40255043],[105.71725443,34.40243643],[105.71647943,34.40273342],[105.71578943,34.40265943000001],[105.71558643,34.40277442],[105.71531943,34.40276542],[105.71435243,34.40294542],[105.71418243,34.40318842],[105.71417943,34.40405641],[105.71387343,34.4045554],[105.71385743000002,34.4042594],[105.71311343,34.40327042],[105.71297743,34.40232643],[105.71253843,34.40138444],[105.71189843,34.40052345],[105.71150443,34.40039946],[105.71082343000002,34.40034746],[105.70948043,34.39947147],[105.70838043,34.39891648],[105.70679043,34.39863048],[105.70557243,34.39768949],[105.70423543,34.3970675],[105.70366843,34.39672851],[105.70314943,34.39600252],[105.70256043,34.39574752000001],[105.70135343,34.39540052],[105.70125243,34.39409854],[105.70068443,34.39345055],[105.70073543,34.39261456],[105.70037243,34.39138158],[105.70004043000002,34.39099358],[105.69950643,34.39055759],[105.69940743,34.39031959],[105.69944343,34.3899956],[105.70070843,34.38766663],[105.70070043,34.38727263],[105.70025843,34.38677864],[105.70020443,34.38655064],[105.70033343,34.38511666],[105.70084243,34.38437667],[105.70082943,34.38429567],[105.70004143,34.3825887],[105.69983443,34.38196471],[105.69970943,34.38187671],[105.69900643000001,34.38173571],[105.69894843,34.38110372],[105.69889843,34.38096072],[105.69879943,34.38093072],[105.69836043,34.38092272],[105.69696843,34.38128072],[105.69437043,34.38126172],[105.69271843,34.38142271],[105.69206443,34.38150671],[105.69125743,34.38179071],[105.68997043,34.3822687],[105.68858943,34.38295569],[105.68816043,34.38306969],[105.68785843,34.38332469],[105.68767343,34.38363568],[105.68726643,34.38407968],[105.68675643,34.38483567],[105.68665143,34.38518066],[105.68603243,34.38571266],[105.68558243,34.38579865]]]},"properties":{"gml_id":"layer_township_pg.33064","Name":"皂郊镇","layer":"乡镇","code":"620502103000","grade":4,"2015_POP":29500,"2020_POP":30300,"2023_POP":30600,"area_km2":118,"2015_GDP":6.43806,"2020_GDP":9.507036,"2023_GDP":11.58525}},{"type":"Feature","geometry":{"bbox":[105.53165943,34.07558085,105.70360443,34.28164907],"type":"Polygon","coordinates":[[[105.64052443,34.10245149],[105.64096743,34.1018175],[105.64125243,34.10118051],[105.64127543,34.10073951],[105.64106243,34.10043452],[105.63949343,34.09901654],[105.63925043,34.09822755],[105.63916343,34.09704556],[105.63886643,34.096302570000006],[105.63817043000002,34.09509959],[105.63811543,34.09479259],[105.63870343,34.09218063],[105.63924643,34.09077565],[105.63997643,34.08937267],[105.64044243,34.08809868],[105.64054243,34.08757069],[105.64048843,34.0872867],[105.64019443,34.0868067],[105.63920643,34.08540772],[105.63906843,34.08459573],[105.63819143,34.08381074],[105.63762343,34.08300975],[105.63731143,34.08256576],[105.63672643,34.08208577],[105.63614443,34.08186677],[105.63540543,34.08178377],[105.63500943,34.08185077],[105.63316743,34.08266876],[105.63161343,34.08304675],[105.63061143,34.08320475],[105.62913243,34.08318775],[105.62881743,34.08325675],[105.62855443,34.083388750000005],[105.62797643,34.08387274],[105.62755743,34.08402774],[105.62726643,34.08405174],[105.62649843,34.08381074],[105.62612843,34.08385774],[105.62560143,34.08379374],[105.62491143,34.08333675],[105.62323943,34.08175877],[105.62221143,34.08118978],[105.62195343,34.08114678],[105.62138843,34.08124678],[105.61957943,34.08185577],[105.61875643,34.08202677],[105.61802943,34.08202877],[105.61717143,34.08173077],[105.61258143,34.08198877],[105.61188743,34.08214376],[105.61129643,34.08250676],[105.61027643000001,34.08447673],[105.61007543,34.08509873],[105.61012543,34.08603871],[105.61042343,34.0870247],[105.61108043,34.08827968],[105.61133243,34.08860968],[105.61154943,34.08882567],[105.61346943,34.08992266],[105.61563843,34.09096265],[105.61658243,34.09164864],[105.61833543,34.09332861],[105.61973743,34.09576658],[105.61991643,34.09658257],[105.62019043,34.09726356],[105.62019243,34.09750556],[105.61997743,34.09777555],[105.61843943,34.09870654],[105.61675843,34.09942153],[105.61586343,34.09966853],[105.61511743,34.09965353],[105.61484643,34.09958253],[105.61455443,34.09937953],[105.61414043,34.09896954],[105.61331143,34.09786855],[105.61306143,34.09765256],[105.61241143,34.09742156],[105.61191443,34.09749556],[105.60916643,34.09987953],[105.60745443,34.10065751],[105.60680043000002,34.10132551],[105.60574243,34.10305348],[105.60479043,34.10427147],[105.60435043,34.10471946],[105.60289943,34.10563545],[105.60090643,34.10646944],[105.59921343,34.10676543],[105.59713443,34.10688643],[105.59503843,34.10723543],[105.59455243,34.10737242],[105.59360343,34.10728843],[105.59262543,34.10656444],[105.59135943,34.10592444],[105.59114143,34.10573845],[105.59091143,34.10537145],[105.59060943,34.10453546],[105.59017443,34.10329948],[105.59012743,34.10272549],[105.59009943,34.1019175],[105.59021543000001,34.09969153],[105.59028743,34.09947653],[105.59044943,34.09933153],[105.59098643,34.09911154],[105.59288343,34.09855554],[105.59320443000001,34.09828555],[105.59383443,34.09733056],[105.59413243,34.09670857],[105.59655843,34.0945776],[105.59678043,34.0940016],[105.59681743,34.09305962],[105.59666243,34.09249463],[105.59467843000002,34.09140964],[105.59357143,34.09052765],[105.59266743,34.08923767],[105.59230443,34.08838468],[105.59225543,34.08774269],[105.59235343,34.08599771],[105.59193843,34.08216876],[105.59182143,34.0793038],[105.59190543,34.07750783],[105.59186343,34.07682584],[105.59174843,34.07666484],[105.58982143,34.07564285],[105.58957143,34.07558085],[105.58848243,34.07560385],[105.58821643,34.07595685],[105.58800943,34.07898381],[105.58760443,34.08119378],[105.58753543,34.08201977],[105.58753043,34.08309675],[105.58775043,34.0866237],[105.58762243,34.0868137],[105.58616443,34.0869147],[105.58494943,34.08742869],[105.58417443,34.08739569],[105.58326943,34.0869927],[105.58246243,34.08636971],[105.58227243,34.08595171],[105.58207443,34.08493673],[105.58181443,34.08449873],[105.58152843,34.08427174],[105.58127843,34.08420974],[105.58102443,34.08426274],[105.58047843,34.08458873],[105.57985743,34.08473773],[105.57927843,34.08460773],[105.57831943,34.08394874],[105.57732043,34.08407374],[105.57560143,34.08452873],[105.57368943,34.08511672],[105.57250343,34.08566972],[105.56892043,34.08596571],[105.56728643,34.0867567],[105.56685943,34.0870237],[105.56624743,34.08758869],[105.55951143,34.08765469],[105.55923843,34.08981566],[105.55975443,34.09046565],[105.56051143,34.09097465],[105.56061943,34.09123764],[105.56068343,34.09177863],[105.56058443,34.09259262],[105.56040443,34.09308562],[105.56033043,34.09321162],[105.55986543,34.09352161],[105.55784643,34.0946686],[105.55624343,34.09570658],[105.55587443,34.09619158],[105.55550443,34.09718456],[105.55518043,34.09758156],[105.55500143,34.09804455],[105.55486243,34.09815655],[105.55414443,34.09850354],[105.55307043,34.09886854],[105.55281243,34.09904154],[105.55227343,34.09982753],[105.55161343,34.10102251],[105.55150843,34.1014895],[105.55147943000001,34.1021485],[105.55132343,34.10253149],[105.55133643,34.10297348],[105.55141943,34.10544945],[105.55114243,34.10727543],[105.55098443,34.10747242],[105.55012043,34.10807141],[105.54915143,34.1089994],[105.54896943000001,34.1093744],[105.54901543,34.11289035000001],[105.54895943,34.11398334],[105.54851743,34.1168203],[105.54825943,34.11769928],[105.54823643,34.11816128],[105.54837143,34.11873027],[105.54916943,34.12006425],[105.55018543000001,34.12220722],[105.55058343,34.12273222],[105.55098743,34.12348421],[105.55099943,34.12511018],[105.55129443,34.12596717],[105.55156143000002,34.12642717],[105.55134543,34.12781015],[105.55143543,34.12806215],[105.55167243,34.12816914],[105.55333443,34.12833414],[105.55372943000002,34.12853014],[105.55420943,34.12931513],[105.55427543,34.1312051],[105.55451843,34.13221109],[105.55475743,34.13249409],[105.55531843,34.13359007],[105.55590243,34.13428806],[105.55667743,34.13595204],[105.55699643,34.13627803],[105.55911443,34.13771402],[105.55977743,34.13841301],[105.56017743,34.139023],[105.56041843,34.13963799],[105.56069943,34.14067997],[105.56068943,34.14104697],[105.56064243,34.14130797],[105.56024743,34.14181196],[105.55935843,34.14227295],[105.55885343,34.14240495],[105.55798543,34.14246395],[105.55547943,34.14221695],[105.55484743,34.14222095],[105.55302943,34.14244995],[105.55242443,34.14265395],[105.55176843,34.14300094],[105.55072043,34.14397993],[105.54904443,34.14533791],[105.54880743,34.14557591],[105.54787143,34.14751088],[105.54722343,34.14911986],[105.54696443,34.15004185],[105.54681443,34.15103183000001],[105.54616143,34.15200082],[105.54587543,34.15257381],[105.54538343,34.15415879],[105.54525843,34.15501678],[105.54508943,34.15764975],[105.54518443,34.15873273],[105.54522943,34.15887973],[105.54581243000001,34.15944672],[105.54642443,34.16021171],[105.54901743,34.16183969],[105.54952143,34.16236368],[105.55116343,34.16351567],[105.55161343,34.16371066],[105.55388143,34.16387266],[105.55405043,34.16399966],[105.55417343,34.16423066],[105.55429343,34.16484465],[105.55462743,34.16578564],[105.55503243,34.16640063],[105.55509943,34.16640763],[105.55505143,34.16644463],[105.55508043,34.16782761],[105.55498443,34.1680766],[105.55463543,34.1684596],[105.55376443,34.16908559],[105.55293843,34.16983258],[105.55202943,34.17106156],[105.55179143,34.17153556],[105.55178443000001,34.17229055],[105.55188543,34.17247955],[105.55291543,34.17307554],[105.55331243,34.17339953],[105.55458743,34.17462952],[105.55607443,34.17622449],[105.55627743,34.17672049],[105.55626443,34.17743148],[105.55574643,34.17813347],[105.55492243,34.17899546],[105.55479343,34.17939745],[105.55479443,34.17968845],[105.55495143,34.18008644],[105.55497443,34.18039744],[105.55458743,34.18147242],[105.55443843,34.18213041],[105.55165043,34.18358539],[105.55119343,34.18391539],[105.55082543,34.18431939],[105.55062343,34.18523337],[105.55059543,34.18587736],[105.55060443,34.18737734],[105.55074043000002,34.18801434],[105.55111543,34.18881132],[105.55121443,34.18919332],[105.55183443,34.19173828],[105.55214643,34.19259127],[105.55228143,34.19319026],[105.55245843,34.19351626],[105.55298743,34.19400425],[105.55307643,34.19422225],[105.55303543,34.194750240000005],[105.55275243,34.19507424],[105.55281043,34.19527324],[105.55329643,34.19589923],[105.55344343,34.196522220000006],[105.55305543,34.1980202],[105.55324043,34.20046217],[105.55346343,34.20119516],[105.55414643,34.20247114],[105.55433043,34.20344913],[105.55418943,34.20436111],[105.55385743,34.2053421],[105.55397243,34.20664308],[105.55377243,34.207972070000004],[105.55369843,34.20924605],[105.55330443,34.21114802],[105.55303543,34.21179501],[105.55279743,34.21209001],[105.55209443,34.212706],[105.54958943,34.213011],[105.54895043,34.21319599],[105.54703843,34.21401098],[105.54643043,34.21454198],[105.54604443,34.21509997],[105.54455043,34.21808593],[105.54407543,34.21927091],[105.54365043,34.22074189],[105.54352743,34.22168988],[105.54354843,34.22218787],[105.54368743,34.22326086],[105.54388543,34.22362385],[105.54450043,34.22396485],[105.54598943,34.22439184],[105.54719343,34.22447584],[105.54795443,34.22433184],[105.54819843,34.224126850000005],[105.54823743,34.22390685],[105.54782043,34.22327886],[105.54782443,34.22245887],[105.54789643,34.22202288],[105.54768343,34.22058989],[105.54818643,34.2202189],[105.54870143,34.2200529],[105.54956943000002,34.22001790000001],[105.55241343,34.2203089],[105.55299043,34.2204419],[105.55412943,34.22094389],[105.55533443000002,34.22203788],[105.55588443,34.22266987],[105.55685543000001,34.22410185],[105.55685843,34.22444984],[105.55610443,34.22620182],[105.55567243,34.22689681],[105.55406643,34.22890878],[105.55287243,34.23029676],[105.55104643,34.23211274],[105.54967643,34.23321372],[105.54880743,34.23358272],[105.54543743,34.23380672],[105.54320743,34.23385872],[105.54246443,34.23400771],[105.54148743,34.2349067],[105.54094543,34.23563769],[105.54055943,34.23674868],[105.54020043,34.23881065],[105.54006443,34.24167061],[105.53983943,34.24414658],[105.53962743,34.24483757],[105.53910543,34.24556856],[105.53821643,34.24661454],[105.53769543,34.24741853],[105.53759043,34.24785653],[105.53757243,34.24856652],[105.53744343,34.24893151],[105.53705343,34.2494615],[105.53703243,34.2496615],[105.53723243,34.25020649],[105.53767343,34.25064049],[105.53817843000002,34.25102048],[105.53896843,34.25137748],[105.53982343,34.25171647],[105.54076443,34.25198447],[105.54495243,34.25357545],[105.54598543,34.25442544],[105.54660543,34.25483843000001],[105.54747843,34.25526842000001],[105.54913143,34.25588242],[105.54973743,34.25623741],[105.55022243000002,34.2568894],[105.55041943,34.2574034],[105.55054943,34.25852438],[105.55040643000001,34.25896138],[105.54960643,34.25909437],[105.54878543,34.25946737],[105.54815043,34.26007136],[105.54771143,34.26060735],[105.54751343,34.260974350000005],[105.54739943,34.26160834],[105.54712143,34.26211033],[105.54692343,34.26231033],[105.54668443,34.26242033],[105.54610543,34.26302032],[105.54548343,34.26333932],[105.54408143,34.26369031],[105.54373843,34.26384631],[105.54355443000001,34.2641983],[105.54349043,34.2645073],[105.54371443,34.26492329],[105.54404243,34.26512129],[105.54437343,34.26561029],[105.54435243,34.26582828],[105.54415743,34.26612128],[105.54357043,34.26669027],[105.54154543,34.26801525],[105.54093443,34.26832725],[105.54034443000002,34.26890424],[105.53987143000002,34.26895924],[105.53778543,34.26877324],[105.53738143,34.26888724],[105.53599243,34.27033522],[105.53506943,34.27114921],[105.53356843,34.27302918],[105.53244343,34.274147170000006],[105.53165943,34.27473516],[105.53248443,34.27557715],[105.53314543,34.27524915],[105.53326643,34.275444150000006],[105.53342043,34.27544615],[105.53409443,34.27484516],[105.53453743,34.27501116],[105.53498943,34.27474316],[105.53520343,34.27489216],[105.53555943,34.27451916],[105.53563943,34.27451116],[105.53656543,34.27459916],[105.53737443,34.27479216],[105.53842443,34.27530815],[105.53862543,34.27557615],[105.53850843,34.27604014],[105.53791343,34.27661314],[105.53777843,34.27708113],[105.53795743,34.27801312],[105.53789043,34.27853211],[105.53800243000002,34.27880411],[105.53756643,34.2791461],[105.53730243,34.2792311],[105.53890443,34.2790591],[105.54052143,34.27809112],[105.54116643,34.27784512],[105.54261843,34.27767912],[105.54502543,34.27727313],[105.54626543,34.27685013],[105.54663743,34.27663614],[105.54697643,34.27632014],[105.54786543,34.27582915],[105.54865443,34.27664814],[105.54866443000002,34.27681713],[105.54854743,34.27699313],[105.54825443,34.27717213],[105.54815243,34.27765812],[105.54819743,34.27840711],[105.54834843,34.27865111],[105.54919943,34.27966109],[105.54933943,34.27969709],[105.54981643,34.2795781],[105.55015043,34.27963409],[105.55081443,34.28070308],[105.55136643,34.28132107],[105.55184143,34.28164907],[105.55225743,34.28108308],[105.55252343000001,34.28090408],[105.55343443000001,34.28069008],[105.55385143,34.28050108],[105.55473043000002,34.2794351],[105.55505743,34.2792131],[105.55670343,34.27870511],[105.55698743,34.27866111],[105.55722643,34.27874711],[105.55766843,34.27867411],[105.55832443,34.27832211],[105.55922343,34.27812112000001],[105.55951943,34.27826911],[105.55977943,34.27854811],[105.56016743,34.2791101],[105.56031343,34.2794991],[105.56059543,34.27980809],[105.56098443,34.28002909],[105.56177843,34.28021409],[105.56221843,34.28040108],[105.56252243,34.28090608],[105.56278343,34.28112007],[105.56300743000001,34.28112607],[105.56445743,34.28019409000001],[105.56493343,34.27996209],[105.56672843,34.2794581],[105.56772543,34.2793611],[105.56815943,34.2794251],[105.57049043,34.2791581],[105.57153443,34.2791441],[105.57205943,34.27822911],[105.57227543000002,34.27765612],[105.57232143,34.27700913],[105.57297343,34.27619314],[105.57343043,34.27586815],[105.57288943,34.27563015],[105.57287843,34.27547415],[105.57326743,34.27538815],[105.57358543000001,34.27514516],[105.57370343,34.27514516],[105.57372543,34.27526115],[105.57381443,34.27526815000001],[105.57416243,34.27507616],[105.57451843,34.27458516],[105.57450643,34.27430417],[105.57458543,34.27422917],[105.57509643000002,34.27443317],[105.57581443,34.27458616],[105.57594543,34.27470116],[105.57572743,34.27517516],[105.57580743,34.27524015],[105.57648643,34.27528715],[105.57689643,34.27541715],[105.57702443,34.27513416],[105.57746943,34.27456016],[105.57914343,34.27314118],[105.57909943,34.27262019],[105.57890943,34.27246419],[105.57746343,34.27258919],[105.57735243,34.27253919],[105.57762843,34.2720482],[105.57782743000001,34.2718402],[105.57767643,34.2717502],[105.57726743,34.2716272],[105.57650243,34.2719632],[105.57629243,34.2720242],[105.57622343,34.2719662],[105.57613443000001,34.27127821],[105.57601243,34.27089721],[105.57554143,34.27060222],[105.57506043,34.27044722],[105.57513043,34.27028122],[105.57503843,34.27006622],[105.57539843,34.27010522],[105.57572143,34.26979723],[105.57668643,34.26994023],[105.57842743000002,34.27004722],[105.57907143,34.27039122],[105.57987643,34.27065622],[105.58057543,34.27073922],[105.58093443,34.27067922],[105.58141543,34.27026322],[105.58147143000001,34.26968623],[105.58159043000002,34.26944923],[105.58231543,34.26908824],[105.58263043,34.26907824],[105.58283043,34.26922724],[105.58300343,34.26918424],[105.58302743,34.26905224],[105.58291343,34.26891524],[105.58292743,34.26880424],[105.58330143,34.26837025],[105.58307143,34.26836025],[105.58281243,34.26820825],[105.58274243,34.26797625],[105.58285443,34.26759426],[105.58307543,34.26728226],[105.58333243,34.26709027],[105.58376043000001,34.26696327],[105.58387643,34.26685927],[105.58352043,34.26661727],[105.58288143,34.26645027],[105.58243743,34.26662627],[105.58214843,34.26663227],[105.58199843,34.26654627],[105.58197543,34.26616428],[105.58224143,34.26566228],[105.58268843,34.26541929],[105.58309143,34.26530429],[105.58336443,34.2642763],[105.58335543,34.26374431],[105.58314143,34.26302332],[105.58284943000001,34.26277932],[105.58219443,34.26256733],[105.58222243,34.26226033],[105.58239143,34.26209833],[105.58326343,34.26204733],[105.58376243000001,34.26193333],[105.58454043,34.26193333],[105.58590643,34.26229133],[105.58644543,34.26231133],[105.58788943,34.26258233],[105.58897343,34.26263033],[105.59024943,34.26305432],[105.59094543,34.26348631],[105.59101043,34.26340732],[105.59093743,34.26303032],[105.59071643,34.26283632],[105.58953043,34.26238633],[105.58923343,34.26206933],[105.58909143000001,34.26173834],[105.58907443,34.26141634],[105.58910143,34.26102635],[105.58926443,34.26049435000001],[105.58917443,34.26016036],[105.58942443,34.25982736],[105.58989043,34.25940637],[105.59071743,34.25902837],[105.59101343,34.25862938],[105.59136143,34.25837938000001],[105.59183943,34.25826938],[105.59212743,34.25810239],[105.59273143,34.2573774],[105.59457043,34.255660420000005],[105.59575743000002,34.25556342],[105.59697743000001,34.25583942],[105.59759543,34.25571242],[105.59786443,34.25560342],[105.59807143,34.25532042],[105.59876943,34.25508543],[105.59898743,34.254926430000005],[105.59946543,34.25484943],[105.59956743,34.25496543],[105.59952843000002,34.25513143],[105.59876243,34.25559042],[105.59855543,34.25590642],[105.59910943,34.25667541],[105.59934943,34.25655841],[105.59942643,34.25632541],[105.60004043,34.25550142],[105.60062643,34.25547442],[105.60087843,34.25570542],[105.60135843,34.25582742],[105.60180743,34.25573442],[105.60213543,34.25551742],[105.60242443,34.25542442],[105.60294343,34.25536442],[105.60318243,34.25523843],[105.60323143,34.25505643],[105.60315043,34.25488243],[105.60286743,34.25454444],[105.60187343,34.25380244],[105.60181343,34.25366145],[105.60185143,34.25360345],[105.60315943,34.25334045],[105.60363843,34.25334645],[105.60465743,34.25367345],[105.60468743000001,34.25373945],[105.60456843,34.25389744],[105.60466943,34.25402944],[105.60619343,34.25471943],[105.60634443,34.25495743],[105.60619543,34.25509143],[105.60596643,34.25513343],[105.60585743,34.25530042],[105.60587843,34.25550742],[105.60599943,34.25567242],[105.60642043,34.25596842],[105.60674843,34.25569442],[105.60684943,34.25571742],[105.60717543,34.25662841],[105.60746343000001,34.25652741],[105.60771243,34.25633541],[105.60820143,34.25620941],[105.60833243,34.25629941],[105.60851443,34.2568294],[105.60860443,34.2568874],[105.60874543,34.2569194],[105.60949043,34.2567344],[105.61012843,34.25675541],[105.61014043,34.2571374],[105.61070643,34.25792239],[105.61084643,34.25797139],[105.61095543,34.25789639],[105.61092343000001,34.25763039],[105.61073243,34.2573754],[105.61071143,34.2571514],[105.61159843,34.2569894],[105.61201943,34.2570544],[105.61214943,34.2571454],[105.61248343000001,34.25772339],[105.61266443,34.25779739],[105.61270943,34.25802039],[105.61283043,34.25814439],[105.61336043,34.25819239],[105.61372143,34.25833938],[105.61478943,34.25836838],[105.61522343,34.25880438],[105.61520243,34.25866338],[105.61530143,34.258597380000005],[105.61572443,34.25872438],[105.61573443,34.25836338],[105.61586243,34.25825638],[105.61588043,34.25799139000001],[105.61566543,34.2572374],[105.61580843,34.2570024],[105.61568043,34.2568214],[105.61592043,34.25662741],[105.61593743,34.25618341],[105.61612943,34.25608941000001],[105.61652143,34.25612541],[105.61680943,34.25636241],[105.61704643,34.2571014],[105.61733543000001,34.2572674],[105.61747743,34.25816539],[105.61769243,34.25832838],[105.61953443,34.25768039],[105.62017243,34.25755339],[105.62050143,34.2573444],[105.62077743,34.2572884],[105.62095443,34.2573414],[105.62125243,34.2572404],[105.62154143,34.2572674],[105.62184743,34.2574234],[105.62336043,34.25870338],[105.62361443000002,34.25861738],[105.62357443,34.25805839],[105.62365643,34.25781739],[105.62395143,34.25776239],[105.62463843,34.25784439],[105.62479943,34.25748339],[105.62516543,34.2569634],[105.62607743,34.25650441],[105.62643743000001,34.25599642],[105.62660943000002,34.25554042],[105.62669043,34.25493543],[105.62665143,34.25438544],[105.62626043,34.25288646],[105.62591843,34.25263446],[105.62527943,34.25238446],[105.62469543000002,34.25235446],[105.62419343,34.25215647],[105.62390643,34.25193847],[105.62369943,34.25160348],[105.62362643,34.25114148],[105.62362943,34.25085748],[105.62331643,34.2500175],[105.62277143,34.24932351],[105.62263843,34.24897651],[105.62266743,34.24874751],[105.62363243,34.24689654],[105.62402643,34.24536256],[105.62443443,34.24499156],[105.62477843,34.24487857],[105.62499043,34.24452557],[105.62515843,34.24438757],[105.62600443,34.24391658],[105.62657043,34.24412458],[105.62763343,34.24475457],[105.62807043,34.24516356],[105.62815643,34.24513856],[105.62832243,34.24452457],[105.62860243,34.24394758],[105.62884943,34.24371858],[105.62942243000002,34.24348058],[105.62971543,34.24325959],[105.63022943,34.24314959],[105.63113543,34.24328259],[105.63178143,34.24363258],[105.63212843,34.24396258],[105.63224943,34.24384258],[105.63241543000001,34.24338459],[105.63274743,34.24303659],[105.63282343,34.24305659],[105.63361243,34.24389058],[105.63389243,34.24463057],[105.63448843,34.24543656],[105.63624743,34.24618455],[105.63726543000001,34.24642154],[105.63774043,34.24643954],[105.63840843,34.24634955],[105.63899743000002,34.24616955],[105.63981143,34.24607955],[105.64026143,34.24615655],[105.64046143,34.24626355],[105.64063643,34.24681054],[105.64062143,34.24719953],[105.64054143,34.24734153],[105.64069643,34.24787853],[105.64071043,34.24843352],[105.64050243,34.24874451000001],[105.63977543000001,34.24896351],[105.64065143,34.24917151],[105.64089643,34.24909951],[105.64122443,34.24887151],[105.64125943,34.24835352],[105.64116743000001,34.24806752],[105.64119843,34.24753753],[105.64129243,34.24735853],[105.64177943,34.24700154],[105.64201143,34.24658554],[105.64235843,34.24557356],[105.64262443,34.24442457],[105.64267242,34.24279459],[105.64216243000001,34.24141661],[105.64219943000002,34.24038663],[105.64228543,34.24001263],[105.64246043,34.23973464],[105.64380943,34.23858665],[105.64480643,34.23762966],[105.64479643,34.23746367],[105.64466643,34.23736467],[105.64375443,34.23708567],[105.64406943,34.23661168],[105.64466743,34.23624568],[105.64418643,34.23606469],[105.64383643,34.23608268],[105.64264043,34.23667568],[105.64244143,34.23670968],[105.64181343,34.23571669],[105.64160943,34.23554269],[105.64115643,34.2348327],[105.64072943,34.23385571],[105.64038543000001,34.23340972],[105.63923043,34.23257773],[105.63848243,34.23217474],[105.63729043,34.23180574],[105.63675743,34.23146775000001],[105.63625343,34.23093975],[105.63599643,34.23030276],[105.63595243,34.22981277],[105.63600743,34.22921678],[105.63588343,34.22860379],[105.63568243,34.22848879],[105.63486243,34.22858179],[105.63433243,34.22855979],[105.63407143,34.22844579],[105.63399743,34.2278158],[105.63458943,34.22683581],[105.63479843,34.22664481],[105.63482643,34.22642082],[105.63473543,34.22622982],[105.63425243,34.22579182],[105.63380043,34.22571983],[105.63265343,34.22700081],[105.63247443,34.22711781],[105.63204343,34.22832079],[105.63075743,34.23014077],[105.63058743000002,34.23006577],[105.63035943,34.22888178],[105.62999143,34.2278148],[105.62931843,34.22717881],[105.62834943,34.22675381],[105.62803543,34.22662081],[105.62693843,34.22577882],[105.62665543,34.22521683],[105.62672343,34.22492684],[105.62701143,34.22485084],[105.62768243,34.22485684],[105.62783143,34.22479784],[105.62789043,34.22468984],[105.62761643,34.22397785],[105.62724043,34.22331686],[105.62699043000002,34.22326886],[105.62652843,34.22283986],[105.62643543000002,34.22246787],[105.62651243,34.22212687],[105.62687743,34.22138788],[105.62716643000002,34.22122089],[105.62750437000001,34.22113689],[105.62784443,34.22125989],[105.62935243,34.22235687],[105.62951243,34.22236387],[105.62969143,34.22223087],[105.62947543,34.22139488],[105.62923243,34.22096389],[105.62945543,34.2199609],[105.62979443,34.2198269],[105.63037243,34.21968291],[105.63122343,34.21978791],[105.63216343,34.2199839],[105.63245543,34.2202389],[105.63310543000001,34.2203939],[105.63378543,34.2203749],[105.63367243,34.2198789],[105.63333543,34.21915891],[105.63343443,34.21895892],[105.63410643,34.21905592],[105.63504843,34.21934291],[105.63575243000001,34.2198209],[105.63634243,34.21971891],[105.63654843,34.21925491],[105.63710743,34.21917691],[105.63728743,34.21926691],[105.63757743,34.21925891],[105.63818443,34.21894992],[105.63847243,34.21861692],[105.63855043,34.21840092],[105.63853943,34.21826893],[105.63822543,34.21778893],[105.63811643,34.21736694],[105.63820643,34.21728294],[105.63895343,34.21749194],[105.63912743,34.21747894],[105.63917143000002,34.21733794],[105.63895143,34.21665095000001],[105.63894043,34.21646495],[105.63900943,34.21635595],[105.63938643000002,34.21650495],[105.63962043,34.21649095],[105.63981743,34.21602596],[105.64020943000001,34.21577596],[105.64092043,34.21572796],[105.64181543,34.21581096],[105.64196843,34.21565696],[105.64187343,34.21543796],[105.64083243,34.21513497],[105.64052143,34.21486297],[105.64049543,34.21475997],[105.64087043,34.21465897],[105.64084843,34.21441798],[105.64059443,34.21403898],[105.63990843,34.21350199],[105.63986243,34.21320799],[105.63998943,34.212793],[105.64021343,34.212725],[105.64135743,34.21349699],[105.64153443,34.21359099],[105.64170343,34.21357399],[105.64174743,34.21341599],[105.64192143,34.21329499],[105.64194043,34.21315100000001],[105.64180343,34.212981000000006],[105.64073443,34.21221801],[105.64070043,34.21182901],[105.64085943,34.21161702],[105.64158143,34.21128702],[105.64219443,34.21176501],[105.64263143,34.21194601],[105.64274643,34.21193301],[105.64301743,34.21157202],[105.64279643,34.21129102],[105.64254043,34.21120102],[105.64241943,34.21101902],[105.64286243,34.21014304],[105.64417043,34.20803806],[105.64464343,34.20769707],[105.64492543,34.20733907],[105.64499743,34.20703208],[105.64609343,34.20589309],[105.64663043,34.20496611],[105.64661343,34.20466811],[105.64715643,34.20387912],[105.64745843,34.20329813],[105.64780143,34.20292413],[105.64804343,34.20259114],[105.64830143,34.20230414],[105.64867243,34.201707150000004],[105.64867443,34.20132016],[105.64858243,34.20102316],[105.64852943000001,34.20070016],[105.64854843,34.200584170000006],[105.64866243,34.20043817],[105.64900643000001,34.20034217],[105.64963043,34.20023617],[105.64999243,34.20008117],[105.65017743000001,34.19988617],[105.65043043,34.19974418],[105.65084643,34.19926718],[105.65193543,34.19883919],[105.65241443,34.19877119],[105.65261843,34.19863019],[105.65304243,34.19862419],[105.65379643,34.19850919],[105.65405043,34.19837219],[105.65493343,34.1981822],[105.65543043,34.1978822],[105.65567743,34.19757821],[105.65592143,34.19739621],[105.65602943,34.19721721],[105.65634843,34.19698821],[105.65674343,34.19649422],[105.65778643,34.19570823],[105.65822843,34.19549523],[105.65916543,34.19513924],[105.66090343,34.19509524000001],[105.66155543,34.19512924],[105.66270143,34.19532524],[105.66332743,34.19571223],[105.66349843,34.19588223],[105.66360543000002,34.19601023],[105.66376643,34.19626622],[105.66380943,34.19638722],[105.66391043000002,34.19652722],[105.66416143,34.19658422],[105.66429143000002,34.19657522],[105.66458943,34.19638322],[105.66485943,34.19634022],[105.66508943,34.19634922],[105.66522943,34.19638122],[105.66524943000002,34.19652622],[105.66511643,34.19658522],[105.66488343,34.19685522],[105.66484243,34.19736821],[105.66495943,34.1976752],[105.66516743000001,34.1979432],[105.66513843,34.1981012],[105.66533543,34.1983412],[105.66533643,34.19845719],[105.66575343,34.19911018],[105.66580443,34.19931718],[105.66610543,34.19965918],[105.66672643,34.20047717],[105.66734643,34.20095516],[105.66764643,34.20089716],[105.66787543,34.20069216],[105.66833343,34.19990117],[105.66844243,34.199850180000006],[105.66858443,34.19998917],[105.66865243,34.20040017],[105.66859743,34.20102216],[105.66864843,34.20121616],[105.66918343,34.201144160000005],[105.66937843,34.20119716],[105.67001743000002,34.20184215],[105.67036743000001,34.20195215],[105.67062243,34.20239914],[105.67104743,34.20257114],[105.67135143,34.20245114],[105.67164843,34.20198915],[105.67177343,34.20199715],[105.67191843,34.20208315],[105.67200843,34.20278814],[105.67230843,34.20284913],[105.67287843,34.20280114],[105.67320543,34.20306113],[105.67328743,34.20329313],[105.67320943,34.20371612],[105.67294843,34.204168120000006],[105.67283243000001,34.20473211],[105.67290143,34.2052371],[105.67318843,34.20604809],[105.67316943,34.20623809],[105.67330943000002,34.20676908],[105.67376843,34.20726407],[105.67459243,34.20779507],[105.67517443000001,34.20797607],[105.67592543,34.20798106],[105.67628143,34.20697008],[105.67697843,34.2055451],[105.67861543,34.20401012],[105.67929643,34.20294813],[105.67943243,34.20243814],[105.67988043,34.20169115],[105.68046543,34.20044517],[105.68061043,34.19998517],[105.68085943,34.19976418],[105.68110143,34.19938618],[105.68124943,34.19845719],[105.68147543,34.1980502],[105.68172443,34.19677222],[105.68182743,34.19655722],[105.68215143,34.19622422],[105.68206243,34.19570323],[105.68216043,34.19543323],[105.68233843,34.19530324],[105.68239743,34.19507924],[105.68232343000001,34.19473224],[105.68254743,34.19458625],[105.68143243,34.19327726],[105.68114143,34.19310027],[105.68083243,34.19266627],[105.68080343,34.19236328],[105.68116243,34.19174128],[105.68098243000001,34.19160829],[105.68071143,34.19156429],[105.68040243,34.1909813],[105.68019343,34.18997031],[105.68038643,34.18971831],[105.68074043,34.18957131],[105.68113043,34.18948731],[105.68143643,34.18961831],[105.68225743,34.18929632],[105.68234943,34.18899332],[105.68230143,34.18862533],[105.68195043,34.18780934],[105.68164943,34.18741734],[105.68152243,34.18705735],[105.68157543,34.18688835],[105.68170543,34.18682535],[105.68186043,34.18687435],[105.68269343,34.18728435],[105.68307443,34.18739934],[105.68347843,34.18736434],[105.68382243,34.18728035],[105.68540243000001,34.18634636],[105.68573643,34.18611236],[105.68708543,34.18457938],[105.68860043,34.18321540000001],[105.68911043,34.18231741],[105.68990643000001,34.18200042],[105.69052843,34.18152142],[105.69097143,34.18094743],[105.69117343,34.18042044],[105.69153543,34.18008744],[105.69234243,34.17989745],[105.69297843,34.17997344],[105.69371943,34.17974745],[105.69458943,34.17970645],[105.69581643,34.18003344],[105.69622443,34.17979545],[105.69715043,34.17884746],[105.69790043,34.17870746],[105.69826643,34.17884246],[105.69885043,34.17887646],[105.69897243,34.17845046],[105.69883043000002,34.17819447],[105.69857443000001,34.17816947],[105.69811343,34.17790647],[105.69786143,34.17760548],[105.69786443,34.17729048],[105.69762243000001,34.17658249],[105.69763143,34.17635049],[105.69864943,34.1755885],[105.69868243,34.17526151],[105.69845043,34.17445752],[105.69830943,34.17425552],[105.69826543,34.17392053],[105.69835743,34.17349353],[105.69860843,34.17307354],[105.69899143,34.17282354],[105.70000643,34.17238755],[105.70032143,34.17195255],[105.70092343,34.17151456],[105.70144943,34.17092857],[105.70187643,34.16987858],[105.70183143,34.16932359],[105.70188543,34.1686806],[105.70248343,34.16735961],[105.70277543,34.16687762],[105.70273143,34.16645163],[105.70282543,34.16571364],[105.70360443,34.16424266],[105.70315843000002,34.16420366],[105.70225743,34.16396666],[105.70199343000002,34.16398966],[105.70112443,34.16427766],[105.70059743,34.16434666],[105.70046243,34.16426166],[105.70016943000002,34.16366966],[105.69984843,34.16327667],[105.69806543,34.16190169],[105.69575843,34.1610337],[105.69493643,34.16062271],[105.69421743,34.16000971],[105.69323143,34.15891873],[105.69299243,34.15885473],[105.69238543,34.15887973],[105.69167043,34.15872973],[105.69092843,34.15840274],[105.68940943,34.15702675],[105.68895943,34.15676476],[105.68842943,34.15665776],[105.68798043,34.15683576],[105.68664043,34.15776074],[105.68627043000001,34.15784974],[105.68563743,34.15785174],[105.68513443000002,34.15770074],[105.68444243000002,34.15706775],[105.68374743,34.15619276],[105.68316143,34.15569177],[105.68260443,34.15538678],[105.68141343,34.15526078],[105.68014543,34.15533078],[105.67945743,34.15526778],[105.67884743,34.15502878],[105.67712143000001,34.15415779],[105.67590343000002,34.1537908],[105.67566543,34.1538578],[105.67500943,34.15425379],[105.67477043,34.15420979],[105.67423843,34.1538398],[105.67346643,34.15292281],[105.67240143,34.15211582],[105.67102343,34.15157283],[105.67094243,34.15137483],[105.67095743,34.14992885],[105.67073943,34.14909686],[105.67039143,34.14868087],[105.66996643,34.14837487],[105.66927643,34.14809387],[105.66708443,34.14829787],[105.66592043,34.14803988],[105.66496243,34.14732088],[105.66461643,34.14688289],[105.66408043000001,34.1459869],[105.66208443,34.14415193],[105.66163243,34.14393493],[105.66041643,34.14376393],[105.66031043,34.14364693],[105.66025643,34.14358794],[105.66030543,34.14314794],[105.66074743000001,34.14231595],[105.66068643,34.14119797],[105.66038943,34.14043198],[105.66043843,34.13992799],[105.66085443,34.139072],[105.66164043,34.13821401],[105.66179643,34.13783901],[105.66184543,34.13744502],[105.66173243,34.13639303],[105.66187643,34.13444306],[105.66182043,34.13411506],[105.66128643,34.13350307],[105.66115343,34.13321708],[105.66112143,34.13260408],[105.66127343000001,34.1317271],[105.66115643,34.13032511],[105.66102143,34.12993112],[105.66035343,34.12899013],[105.65976143,34.12765615],[105.65954843,34.12745915],[105.65909843,34.12733015],[105.65872843,34.12737415],[105.65775343,34.127707150000006],[105.65762043,34.127665150000006],[105.65743343,34.12731416],[105.65668743,34.12635117],[105.65634143,34.12617617],[105.65565443,34.12609117],[105.65369943,34.12614317],[105.65330243,34.12592617],[105.65181043,34.12441819],[105.65088243,34.1241152],[105.64950943,34.1241192],[105.64911143,34.1239472],[105.64876543,34.12353121],[105.64846843,34.12272022],[105.64815843,34.12015825],[105.64842143,34.1165623],[105.64872143,34.11428233],[105.64870343000001,34.11202436],[105.64829243,34.11123537],[105.64665143,34.10953339],[105.64473143,34.10737042],[105.64428243,34.10726143],[105.64330643,34.10731043],[105.64227543,34.10724643],[105.64190543,34.10709343],[105.64134743,34.10668243],[105.64073443,34.10584944],[105.64054443,34.10526045],[105.64047443,34.10293648],[105.64052443,34.10245149]]]},"properties":{"gml_id":"layer_township_pg.33065","Name":"汪川镇","layer":"乡镇","code":"620502104000","grade":4,"2015_POP":23600,"2020_POP":23900,"2023_POP":24100,"area_km2":192,"2015_GDP":4.93128,"2020_GDP":7.490392,"2023_GDP":9.2682}},{"type":"Feature","geometry":{"bbox":[105.45251043,34.36990887,105.61294543,34.5296317],"type":"Polygon","coordinates":[[[105.48218943,34.37620878],[105.48203743,34.37563579],[105.48200943,34.3749638],[105.48123543,34.37369282],[105.48099943,34.37357882],[105.48068743000002,34.37375082],[105.48056643000001,34.37372682],[105.48010643,34.37314883],[105.47997443,34.37283183],[105.47972043,34.37297783],[105.47927043,34.37269183],[105.47881043,34.37258683],[105.47890943,34.37150785],[105.47833343,34.37105685],[105.47824743,34.37091586],[105.47831543,34.37061786],[105.47808043,34.370220870000004],[105.47716443,34.36990887],[105.47684843,34.37094286],[105.47567543,34.37270483],[105.47528343,34.37308883],[105.47482843,34.37333082],[105.47314543,34.37382182],[105.47243943,34.37435381],[105.47182943,34.3749558],[105.47123443,34.37589979],[105.47096643,34.37711977],[105.47055743000001,34.37781076],[105.47005543,34.37842675],[105.46880043,34.37950074],[105.46855143,34.37986373],[105.46839343,34.38022873],[105.46832743,34.38078072],[105.46837043,34.38139671],[105.46858743,34.3822087],[105.46849643,34.3825527],[105.46831743,34.38286269],[105.46788043,34.38312769],[105.46704443000002,34.383526690000004],[105.46549543,34.38408168],[105.46460643,34.38429567],[105.46341543,34.38432167],[105.46254743,34.38413768],[105.46183143,34.38380068],[105.46106843000001,34.38327569],[105.46090743,34.38326969],[105.46051243,34.38451767],[105.46011743,34.38552466],[105.45986643,34.38596465],[105.45968743,34.38655864],[105.45959743,34.38716864],[105.45969743,34.38876761],[105.45963043,34.38914961],[105.45926643,34.39043859],[105.45883143,34.39138858],[105.45816743,34.39235357],[105.45771443,34.39284756],[105.45497143,34.39465853],[105.45310443,34.39605651],[105.45305943,34.39618951],[105.45318843,34.3968565],[105.45308543,34.39758949],[105.45251043,34.39845348],[105.45293743,34.39895048],[105.45350143,34.39928647],[105.45370043000001,34.39961247],[105.45371743,34.40009046],[105.45380243,34.40033446],[105.45418443,34.40083545],[105.45513643,34.40125444],[105.45554943,34.40132244],[105.45566943,34.40158344],[105.45590243,34.40183344],[105.45645743,34.40295142],[105.45710443,34.40312842],[105.45751343,34.40341142],[105.45783043,34.40386541],[105.45909343,34.40493039],[105.45940243,34.40509239],[105.46002243,34.40514139],[105.46030543,34.40562339],[105.46064243,34.40579638],[105.46178543,34.40550239],[105.46199543,34.40551339],[105.46215143,34.40572338],[105.46219143,34.40599138],[105.46246643,34.40632138],[105.46272743,34.40649537],[105.46317743,34.40646237],[105.46386343,34.40628438],[105.46466943,34.40592938],[105.46517943000002,34.40579738],[105.46625043,34.40502539],[105.46663343,34.4044344],[105.46713443,34.4048574],[105.46718343,34.40559139],[105.46756243000002,34.40596038],[105.46759443,34.40634738],[105.46727443,34.40682237],[105.46723443,34.40728736],[105.46697243,34.40780836],[105.46701843,34.40840635],[105.46693943,34.40866234000001],[105.46638843,34.40922034],[105.46607943,34.40996333],[105.46577943,34.41018132],[105.46565743,34.41039832],[105.46564143,34.41071932],[105.46523043,34.41125931],[105.46513143,34.4118723],[105.46502343,34.4120183],[105.46530243,34.4122303],[105.46533243,34.41259729],[105.46521443,34.41277329],[105.46487543,34.41290629],[105.46476343,34.41306828],[105.46499643,34.41332628],[105.46539443000002,34.41359528],[105.46542543,34.41368828],[105.46504643,34.41387427],[105.46484843,34.41420527],[105.46536343,34.41466626],[105.46503743,34.41479126],[105.46496543,34.41492226],[105.46480943,34.41544625],[105.46481943,34.41585725],[105.46447443,34.41647224],[105.46500643,34.41661724],[105.46526543000002,34.41657824],[105.46582543,34.41623424],[105.46634743,34.41657124],[105.46696543,34.41718823],[105.46725343,34.41793922],[105.46746443,34.41817421],[105.46753643,34.41844521],[105.46820843,34.41872721],[105.46852243000001,34.4190862],[105.46893143,34.4193532],[105.46895743,34.41959419],[105.46854743,34.42025719],[105.46824243,34.42122817],[105.46765843,34.42203116],[105.46750943,34.42240816],[105.46687743,34.42259415],[105.46654743,34.42254615],[105.46636143,34.42259915],[105.46605143000001,34.42248816],[105.46597943,34.42273015],[105.46558543,34.42251116],[105.46500343,34.42265415],[105.46484343,34.42325415],[105.46455943,34.42336714],[105.46446043,34.42366314],[105.46458643,34.42382414],[105.46460243,34.42475013],[105.46468543,34.42505512],[105.46480443,34.42520212],[105.46516043,34.42525312],[105.46695943,34.42490012],[105.46909043,34.42561911],[105.46973443,34.42607111000001],[105.47029643,34.42614111],[105.47013643,34.4263411],[105.47029443,34.4266991],[105.47031143,34.42721409],[105.47039043,34.42740809],[105.47107043,34.42817408],[105.47189943,34.42832608],[105.47170743,34.42870707],[105.47135743,34.42882607],[105.47151343,34.42929006],[105.47182243,34.42932506],[105.47154343,34.42944506],[105.47159343000001,34.42966306],[105.47185443,34.42962706],[105.47286843,34.43173603],[105.47354643000001,34.43181103],[105.47366943000002,34.431862030000005],[105.47377643,34.43205403],[105.47365943,34.43238202],[105.47312043,34.43301501],[105.47307943,34.43326701],[105.47328843000001,34.433751],[105.47312943,34.434074],[105.47335143,34.43433799],[105.47366043,34.43428799],[105.47374543,34.433753],[105.47389843,34.43348701],[105.47456043,34.43320801],[105.47469043,34.43322401],[105.47449543,34.433608],[105.47446143,34.433841],[105.47598943,34.433834],[105.47668143,34.433999],[105.47705843,34.43392],[105.47709643000002,34.433821],[105.47776943,34.433577],[105.47874043000002,34.43362],[105.47914243,34.43338101],[105.47881243,34.43326101],[105.47883843,34.43321001],[105.47944043000001,34.43316201],[105.48005343,34.43335001],[105.48040443,34.43329801],[105.48058743,34.43336101],[105.48074343,34.43353701],[105.48097443,34.433906],[105.48105943,34.434218],[105.48141743,34.434233],[105.48160143,34.43441799],[105.48175143,34.43475899],[105.48215343,34.43498999],[105.48216043,34.43548598000001],[105.48187943,34.43573798],[105.48264443000001,34.43601097],[105.48291543,34.43658096],[105.48338343,34.43703596],[105.48303543,34.43749895],[105.48272143,34.437780950000004],[105.48216843,34.43793395],[105.48112843,34.43850794],[105.48092343,34.43868794],[105.48289443,34.43902393],[105.48355743,34.43951392],[105.48378443,34.44013292],[105.48376043,34.44046291],[105.48351943,34.44092091],[105.48351343,34.4416079],[105.48329943,34.44200589],[105.48379343,34.44305788],[105.48393343,34.44404386],[105.48415243,34.44443986],[105.48485343,34.44507485],[105.48492743,34.44527185],[105.48543243,34.44576184],[105.48593043,34.44573384],[105.48650643,34.44583584],[105.48730143,34.44636983],[105.48720743,34.44652583],[105.48725343,34.44656383],[105.48793843,34.44659583],[105.48697443000002,34.44764781],[105.48672343,34.44808581],[105.48644443,34.4488498],[105.48594543,34.4488888],[105.48518143,34.4486198],[105.48402143,34.4486698],[105.48323843,34.4488118],[105.48313843,34.4490048],[105.48256243,34.44960679],[105.48166743,34.45014978],[105.48130543,34.45065977],[105.48134143,34.45087077],[105.48178043,34.45089077],[105.48219943,34.45177276],[105.48260043,34.45231475],[105.48279743,34.45242975],[105.48275543,34.45251475],[105.48249643,34.45260975],[105.48256843,34.45286074],[105.48208143000001,34.45313574],[105.48177643000001,34.45321374],[105.48135843,34.45314374],[105.48082643000001,34.45285474],[105.47972043,34.45301174],[105.47962143,34.45293074],[105.47879643,34.45348473],[105.47860343000002,34.45354173],[105.47820343,34.45472672],[105.47786743,34.45504071],[105.47745543,34.45524471],[105.47699843,34.45521671],[105.47678143,34.45532171],[105.47580243,34.45545171],[105.47536443000001,34.4556667],[105.47471143000001,34.4556017],[105.47450543,34.4557757],[105.47446443,34.4559417],[105.47461343,34.4560727],[105.47462343,34.4561887],[105.47372743,34.45650069],[105.47316343,34.45683169],[105.47308443,34.45695469],[105.47290143000001,34.45725368],[105.47280843,34.45758368],[105.47279243,34.45793167],[105.47299543,34.45836167],[105.47351143,34.45850767],[105.47373943,34.45835767],[105.47525043,34.45793867],[105.47558043,34.45802067],[105.47702843,34.45882466],[105.47752143,34.45925866],[105.47792643,34.45943665],[105.47834643,34.45992765],[105.47855143,34.45998765],[105.47901743,34.46030264],[105.47895843,34.46054164000001],[105.47855143,34.46064164],[105.47827943,34.46087563],[105.47758943,34.46110363],[105.47736343,34.46141663],[105.47698443,34.46161862],[105.47688043,34.46186662],[105.47642343,34.46190462],[105.47610843,34.46224861],[105.47558043,34.46248461],[105.47526443,34.46284161],[105.47546343,34.4630056],[105.47548843,34.4631276],[105.47534843,34.4632856],[105.47499443,34.46421359],[105.47481043,34.46454158],[105.47444043,34.46493258],[105.47424943,34.46532857],[105.47424643,34.46549157],[105.47373343,34.46619456],[105.47368043,34.46649056],[105.47341643,34.46659256],[105.47334843,34.46673355],[105.47344743,34.46698655],[105.47345343,34.46744754],[105.47333943,34.46770554],[105.47319243,34.46773554],[105.47281243,34.46762454000001],[105.47258443,34.46771054],[105.47258243,34.46780454],[105.47275843,34.46803254],[105.47275643000002,34.46840053],[105.47294843,34.46884652],[105.47303343,34.46889552],[105.47318443,34.46884152],[105.47345743,34.46865653],[105.47356343,34.46871653],[105.47404643,34.46940852],[105.47458543,34.46965551],[105.47470643,34.46999051],[105.47488243,34.47002151],[105.47495143,34.46986651],[105.47510543,34.46980051],[105.47496143,34.46960851],[105.47492043,34.46880353],[105.47543243,34.46806454],[105.47556543,34.46727055],[105.47566143000002,34.46716655],[105.47606843,34.46733255],[105.47636443,34.46736554],[105.47696343000001,34.46786654],[105.47717843,34.46834053],[105.47720643,34.46895652],[105.47735043000002,34.46900152],[105.47745543,34.46894652],[105.47763243,34.46905652],[105.47766543,34.46928652],[105.47752243,34.46957251],[105.47760343,34.46957851],[105.47785843,34.46993651],[105.47832143,34.46985651],[105.47891843000001,34.46932752],[105.47926943,34.46916452],[105.47993043,34.46936952],[105.48041243,34.47017251],[105.48062243,34.4707485],[105.48102443,34.4706325],[105.48113143,34.4706725],[105.48144043,34.4710425],[105.48178943,34.47121549],[105.48278343,34.4707705],[105.48370243,34.4704555],[105.48529643,34.4706225],[105.48616643,34.4704765],[105.48680643,34.4704715],[105.48715843,34.4708195],[105.48870243000002,34.47145949],[105.48943843,34.47193848],[105.49026543,34.47261547],[105.49071343,34.47279647],[105.49153543,34.47297547],[105.49077843000002,34.47346146],[105.49039843,34.47389346],[105.49021243,34.47397645],[105.48998143,34.47425945],[105.48970543000001,34.47442945],[105.48955543,34.47471245],[105.48925943,34.47479444],[105.48905943,34.47475344000001],[105.48892443,34.47492044],[105.48846043,34.47520744],[105.48636243,34.47612943],[105.48605743,34.47603543],[105.48607543,34.47616443],[105.48617243,34.476222420000006],[105.48617643,34.47633542],[105.48606843,34.47647642],[105.48616043,34.47706941],[105.48642043,34.47718141],[105.48653543,34.47745241],[105.48715943,34.47749641],[105.48732343,34.47757841],[105.48771043,34.4780284],[105.48808443,34.47899539],[105.48818543,34.47947738],[105.48818643000001,34.47963538],[105.48797643,34.48009937],[105.48799743,34.48021837],[105.48822643,34.48033837],[105.48824443,34.48052037],[105.48770943000001,34.48104636],[105.48700643,34.48104436],[105.48586643,34.48124036],[105.48561443,34.48141335],[105.48554743000001,34.48161335],[105.48576543,34.48193035],[105.48583843,34.48229134],[105.48569143,34.48252234],[105.48576643,34.48285133],[105.48570843,34.48339133000001],[105.48591743,34.48367632],[105.48625443,34.484735310000005],[105.48630743,34.4853093],[105.48650143,34.4855093],[105.48658443,34.48583929],[105.48656043,34.48605529],[105.48675243,34.48652928],[105.48670443,34.48736727000001],[105.48679943,34.48798026],[105.48724343,34.48804726],[105.48759543,34.48823426],[105.48767143,34.48861026],[105.48773843,34.48863626],[105.48787643,34.48833726],[105.48801743,34.48832226],[105.48802743,34.48873625],[105.48809443000002,34.48874325],[105.48836843,34.48827526],[105.48887643000002,34.48801226],[105.48902943,34.48799626],[105.48944143000001,34.48858826],[105.48952843,34.48886825],[105.48957443,34.48953124],[105.48947543,34.49063023],[105.48955443,34.49091322],[105.48981743,34.49103422],[105.49020143,34.49098422],[105.49069543,34.49072423],[105.49189143,34.4929102],[105.49230543,34.49320819],[105.49266643,34.49363819],[105.49336043,34.49386318],[105.49342443,34.49393818],[105.49342843,34.49457817],[105.49356543,34.49463217],[105.49384643,34.49528516],[105.49395043,34.49644715],[105.49389643,34.49683514],[105.49406743,34.49731614],[105.49399743,34.49758913],[105.49412843,34.49772213],[105.49421843,34.49816013],[105.49457943,34.49901511],[105.49461643,34.49932611],[105.49498143,34.4999581],[105.49510743,34.5003481],[105.49526343,34.50055909],[105.49539943,34.50058509000001],[105.49576643,34.50093309],[105.49605343,34.50138408],[105.49642943,34.50134508],[105.49666243,34.50158908],[105.49692243,34.50150208],[105.49783743,34.50146908],[105.49805643000002,34.50161708],[105.49876543,34.50157908],[105.49914643,34.50134908],[105.50013243,34.50173308],[105.50103443,34.50181708],[105.50153143,34.50207307],[105.50190643,34.50204407],[105.50311643,34.50223407],[105.50378943,34.50205707],[105.50544743,34.50298406],[105.50551443000002,34.50313906],[105.50472543,34.50441204],[105.50471243,34.50456304],[105.50596643,34.50500303],[105.50631043,34.50552403],[105.50620843000002,34.50624902],[105.50629743,34.50633901],[105.50640343,34.50683001],[105.50625543000001,34.50736700000001],[105.50627143,34.50816699],[105.50685943,34.51027796],[105.50678143,34.51072595],[105.50723943,34.51147594],[105.50720643,34.51175694],[105.50707743,34.51200494],[105.50705243,34.51234893],[105.50725343,34.51302492],[105.50723343,34.51342592],[105.50743443,34.51388391],[105.50750943,34.5143649],[105.50764143,34.51457990000001],[105.50794743,34.5147259],[105.50813243,34.5149879],[105.50807543,34.51534089],[105.50829243000001,34.51580089],[105.50837343,34.51637488],[105.50832443,34.51653388],[105.50779943,34.51651388],[105.50777143,34.51662487],[105.50800943,34.51712587],[105.50825043,34.51743586],[105.50825143,34.51757586],[105.50842943,34.51770586],[105.50825143,34.51818285],[105.50850643,34.51875084],[105.50891943,34.51896684],[105.50895243,34.51924384],[105.50970943,34.51998783],[105.51047043,34.520544820000005],[105.51072243,34.52091382],[105.51108243,34.52111881],[105.51196943,34.52123181000001],[105.51243743,34.52149081000001],[105.51312143,34.52161481],[105.51390043,34.5219678],[105.51419043,34.52262779],[105.51470943,34.52310079],[105.51508143,34.52381578],[105.51629743,34.52480176],[105.51681243,34.52561175],[105.51707743,34.52582275],[105.51757543,34.52598275],[105.51777543000001,34.526159740000004],[105.51798243,34.52658074],[105.51833443,34.52696673],[105.51873343000001,34.52711573],[105.51912543,34.52764972],[105.51946843,34.52797072],[105.52071243,34.52883171],[105.52112843,34.52899971],[105.52238443,34.52894871],[105.52295743,34.5292207],[105.52374543,34.5293897],[105.52433443,34.5296127],[105.52496043,34.5296317],[105.52639943,34.5291847],[105.52718543,34.529095700000006],[105.52801543,34.52878871],[105.52854043,34.52874771],[105.52906743,34.52879871],[105.52922043,34.52874571],[105.52916143,34.52849171],[105.52940743,34.52759072],[105.52946143,34.52680773],[105.53003043,34.52502976],[105.53051143000002,34.52402777],[105.53082043,34.52240579],[105.53142043,34.52135381],[105.53238043,34.52024482],[105.53242043,34.51990083],[105.53263643000001,34.51957183],[105.53277043,34.51945884],[105.53331743,34.51942784],[105.53339143,34.51923084],[105.53453343,34.51903484],[105.53983843,34.51724587],[105.54001443,34.51704187],[105.54081943,34.51665987],[105.54281043,34.51525689],[105.54346243000002,34.5145409],[105.54367843,34.51412091],[105.54401243,34.51375491],[105.54429543,34.51317392],[105.54447843,34.51297692],[105.54467443,34.51200494],[105.54499043,34.51135295],[105.54499243,34.51052196],[105.54520643000001,34.50973197],[105.54520543,34.509528970000005],[105.54504443,34.50929397],[105.54472343000002,34.50908598],[105.54437443,34.50843099],[105.54411543000002,34.507348],[105.54439643,34.50665101],[105.54466343,34.50647401],[105.54498043,34.50608902],[105.54522343,34.50587002],[105.54659443,34.50540803],[105.54695143,34.50474904],[105.54755243,34.50406104],[105.54815943,34.50409204],[105.54907143,34.50464304],[105.54953543,34.50518503],[105.54999743,34.50509803],[105.55009843,34.50502003],[105.55007943,34.50469304],[105.55131643,34.50210207],[105.55122943,34.50174608],[105.55123343,34.50107209],[105.55416343000002,34.5002201],[105.55660943,34.4996981],[105.55739443,34.49943411],[105.55748743,34.49945411],[105.55749043,34.4998171],[105.55767843000001,34.5002631],[105.55848443,34.50112108],[105.55941443,34.50146608],[105.56147643,34.50183408],[105.56439243,34.50105009],[105.56538443,34.50100809],[105.56617943,34.50113509],[105.56648043,34.50128308],[105.56661143,34.50147408],[105.56688843,34.50252807],[105.56714943,34.50260206],[105.56754043,34.50249207],[105.56782043000001,34.50249307],[105.56868343,34.50229307],[105.56942543000001,34.50194007],[105.56996443,34.50190107],[105.57045143000002,34.50171808],[105.57124743,34.50111208],[105.57185643,34.500285100000006],[105.57228043,34.49940911],[105.57233943,34.49901111],[105.57263243,34.498513120000005],[105.57345143,34.49785913],[105.57348243,34.49744714],[105.57477343,34.49635715],[105.57598843,34.49445818],[105.57627143,34.49387718],[105.57646343,34.49375019],[105.57664243,34.49398018],[105.57689643,34.49414518],[105.57713143000001,34.49420818],[105.57725743,34.49417818],[105.57733443,34.49407318],[105.57753543,34.49404418],[105.57797543,34.49421718],[105.57877943000001,34.49509917000001],[105.57888343,34.49567816],[105.57897743,34.49581716],[105.57941743,34.49602415],[105.57968743,34.49607215],[105.58007243,34.495706160000005],[105.58044243,34.49556416],[105.58078643,34.49532516],[105.58079043,34.49458517],[105.58112643,34.49413618],[105.58132743,34.49410018],[105.58190643,34.49365019],[105.58204143,34.49335619],[105.58211243,34.4928952],[105.58223843,34.4928452],[105.58230343,34.4926212],[105.58303643,34.49199521],[105.58377543,34.49154522],[105.58406643,34.49101422],[105.58412243,34.49055323],[105.58429643,34.49014623],[105.58476643,34.48977424],[105.58543843,34.48943524],[105.58591043,34.48871025],[105.58591443,34.48870325],[105.58566043000002,34.48747927],[105.58575143,34.48729027],[105.58622343000002,34.48729427],[105.58640143,34.48739127],[105.58680343,34.48724227],[105.58879243,34.48609329],[105.58913543,34.48579229],[105.58943043,34.48574129],[105.59021043,34.4852343],[105.59056843,34.48488331],[105.59070943,34.48447131000001],[105.59025043,34.48395732],[105.59018943,34.48364232],[105.59033743,34.48316033],[105.59054743,34.48304733],[105.59131643,34.48328833],[105.59164443000002,34.48323733],[105.59147343,34.48288833],[105.59146943,34.48230234],[105.59154243,34.48190435],[105.59151343000002,34.48139435],[105.59163843000002,34.48110736],[105.59240543,34.48112436],[105.59301343,34.48125436],[105.59354443,34.48121636],[105.59220343,34.48010537],[105.59163843000002,34.47992137],[105.59136643,34.47968538],[105.59134743,34.47934338],[105.59109243,34.47903039],[105.59074943,34.4782784],[105.59076843,34.47728641],[105.59093943,34.47651042],[105.59147343,34.47557943],[105.59179643,34.47474644],[105.59209143,34.47476644],[105.59289643,34.47548043],[105.59295043,34.47597643],[105.59341743000002,34.47651942],[105.59457043,34.4776304],[105.59464743,34.4778814],[105.59485843,34.4779294],[105.59530543,34.4778284],[105.59593543000001,34.47749041],[105.59625643,34.47761441],[105.59657343,34.4782064],[105.59682743,34.4783104],[105.59796743,34.4778004],[105.59812743,34.4778154],[105.59834943,34.4779604],[105.59876543,34.47845339],[105.59903543,34.47844539],[105.59937943,34.4783184],[105.59977343,34.4778764],[105.59939743,34.47673242],[105.59893143,34.47571943],[105.59895743,34.47547943],[105.59920143,34.47500644],[105.59972043,34.47458245000001],[105.60078743000001,34.47401745],[105.60124243,34.47359546],[105.60152343,34.47344746],[105.60258843,34.47315647],[105.60283343,34.47276447],[105.60271843,34.47220448000001],[105.60232343,34.471733490000005],[105.60089243,34.4704125],[105.59996343,34.46983651],[105.59969243,34.46954952],[105.60052143,34.46850453],[105.60122543,34.46691355],[105.60128343,34.46588556],[105.60098743,34.46485958],[105.60106343,34.46437959],[105.60163843,34.46413859],[105.60213443,34.4634496],[105.60263643,34.4633696],[105.60323343,34.4633816],[105.60331843,34.4632466],[105.60323543,34.46271961],[105.60350243,34.46249961],[105.60352543,34.46236261],[105.60324143,34.46202262],[105.60284543,34.46173462],[105.60275543,34.46150362],[105.60296243,34.46078963],[105.60325343,34.46074263],[105.60456243,34.46090963],[105.60647943,34.46077063],[105.60662443,34.46064964],[105.60676743,34.459854650000004],[105.60711543000001,34.45934965],[105.60776043000001,34.45929665],[105.60794043,34.45918666],[105.60817943,34.45834367],[105.60845343,34.45826767],[105.60916243,34.45855667000001],[105.61013943000002,34.45837367],[105.61042943,34.45859466],[105.61056543,34.45860266],[105.61046743,34.45778468],[105.61008543,34.45766368],[105.61003843,34.45751068],[105.61047643,34.45730668],[105.61041943,34.45721368000001],[105.61025743,34.45716968],[105.61047943,34.45681569],[105.61021643,34.45656369],[105.60970743000001,34.45641269],[105.60918843,34.4561167],[105.60891943,34.4555997],[105.60842243,34.45500171],[105.60830743,34.45450072],[105.60840543000002,34.45408873],[105.60794943,34.45362573],[105.60762543,34.45223975],[105.60829043,34.45223575],[105.60875643,34.45213775],[105.60915243000001,34.45190676],[105.60920543,34.45151876],[105.60863543,34.45051377],[105.60854043000002,34.45017978],[105.60863843,34.44984678],[105.60893943,34.44963479],[105.60914943,34.44939279],[105.60920043,34.44922279],[105.60939943,34.449139790000004],[105.60942343,34.4487688],[105.60964443,34.4484418],[105.60972343,34.44823581],[105.60971443,34.44794781],[105.60990143,34.44763681],[105.60982943,34.44709982],[105.61042543,34.44695182],[105.61080643,34.44670383],[105.61113143,34.44630883],[105.61262443,34.44605584],[105.61294543,34.44593284],[105.61293743,34.44573484],[105.61251643,34.44499385],[105.61174343,34.44418686],[105.60925143,34.4411509],[105.60872243,34.44077191],[105.60838743,34.44018491],[105.60839143,34.44002392000001],[105.60859043,34.43988592],[105.60983443000002,34.43941293],[105.60991443,34.43899293],[105.60972143,34.43839194],[105.60926143,34.43778895],[105.60925443,34.43730995],[105.60950943,34.43655496],[105.60971043,34.43623997],[105.61025243,34.43592697],[105.61032843,34.43554598],[105.61017643,34.43453799],[105.61062943,34.43274302],[105.61070243000002,34.43259402],[105.61117743,34.43227102],[105.61212443,34.43189303],[105.61204343,34.43075804],[105.61111343,34.42892307],[105.61010843,34.42771708],[105.60985643,34.42715009],[105.60985343,34.4265871],[105.60979043,34.4264831],[105.60913443,34.42614811],[105.60832843,34.42612611],[105.60738243,34.42620011000001],[105.60670643,34.4262221],[105.60609043,34.42612911],[105.60528343,34.42583511],[105.60415143,34.42517212],[105.60053043,34.42357814],[105.59984143,34.42360714],[105.59809843,34.42331614],[105.59485443000001,34.42295915],[105.59295543,34.42282715],[105.59157243,34.42239516],[105.59066943,34.42219216],[105.58974143,34.42232216],[105.58892543,34.42285615],[105.58850843,34.42303315],[105.58680743,34.42306615],[105.58464143,34.42331914],[105.58223443,34.42339914],[105.57877043,34.42370814],[105.57583943,34.42333414],[105.57502143,34.42336414],[105.57465443,34.42326714],[105.57464043,34.42326314],[105.57433143,34.42304415],[105.57314643,34.42247116],[105.57145343,34.42216616],[105.57003243,34.42236516],[105.56859843000001,34.42241916],[105.56718843,34.42276315],[105.56661843,34.42269615],[105.56620343,34.42255415],[105.56586543000002,34.42255516],[105.56500143000001,34.42261615],[105.56414143,34.42245516],[105.56390243,34.42256415],[105.56377943,34.42274015],[105.56362343,34.42334014],[105.56362043,34.42363014],[105.56404043,34.42435713],[105.56412743,34.42470913],[105.56409843,34.42482112],[105.56382443,34.42501812],[105.56368643,34.42530412],[105.56361143,34.426031110000004],[105.56369943000001,34.4264941],[105.56362643,34.4266891],[105.56338143,34.42680610000001],[105.56279343,34.4268851],[105.56229443,34.42718209],[105.56189043,34.42727209],[105.56101143,34.42701209],[105.56043143,34.42702809],[105.55960943,34.42716609],[105.55897743,34.42743109],[105.55810943,34.42808308],[105.55735743,34.42840207],[105.55655443,34.428404070000006],[105.55586843,34.42811708],[105.55522443,34.42809308],[105.55416843,34.42832808],[105.55401543,34.42862207],[105.55345443,34.42908707],[105.55299643,34.42917706],[105.55231243,34.42911507],[105.55170943,34.42933006],[105.55123043,34.42922906],[105.55069043,34.42899207],[105.55005343,34.42846707],[105.54927143,34.42806608],[105.54907043,34.42774008],[105.54892043,34.42719809],[105.54819543,34.4268791],[105.54807043,34.4266401],[105.54811643,34.42612211],[105.54827743000001,34.42559011],[105.54820743,34.42549511],[105.54796743,34.42558011],[105.54753443,34.4263241],[105.54719043000001,34.4264051],[105.54660343,34.4269141],[105.54609143,34.42722909],[105.54510243,34.42739309],[105.54457243,34.42759509],[105.54391843,34.42832108],[105.54322243,34.42883607],[105.54221343,34.42908307],[105.54199743,34.42893107],[105.54158443,34.42843207],[105.54125743000002,34.42827408000001],[105.54095043,34.42725909],[105.54072843,34.4268761],[105.54015343,34.4267331],[105.53957843,34.4264021],[105.53897943,34.42560611],[105.53879143,34.42524012],[105.53877443,34.42413313],[105.53883843,34.42395014],[105.53879243,34.42378914],[105.53749343,34.42296515],[105.53733643,34.42268415],[105.53713143,34.42186016],[105.53685743,34.42135317],[105.53675543000001,34.42098918],[105.53639043,34.42068418],[105.53595943,34.42064118],[105.53570443,34.42039918],[105.53564243,34.41998519],[105.53571443,34.4195282],[105.53543243,34.4190952],[105.53501843,34.417822220000005],[105.53513043,34.41744422],[105.53561943,34.41662924],[105.53577243,34.41648624],[105.53570443,34.41579925],[105.53560243,34.41550925],[105.53492543,34.41502426],[105.53470343,34.41455826],[105.53441743,34.41362328],[105.53410343,34.41314028],[105.53342643,34.41241629],[105.53303643,34.41147431],[105.53251543,34.41111331],[105.53075743,34.41055232],[105.52975143,34.41020832],[105.52927043,34.40987133],[105.52908043,34.40962433],[105.52903743000002,34.40925934],[105.52913443,34.40879534],[105.52892243,34.40831535],[105.52890643000002,34.40750336],[105.52829343,34.40674637],[105.52804143,34.40622538],[105.52727943,34.40553439],[105.52662443,34.4043614],[105.52650143,34.40391541],[105.52652943000001,34.40363341],[105.52673643,34.40318342],[105.52684143,34.40260243],[105.52701043,34.40231143],[105.52714543,34.40183744000001],[105.52773043,34.40109545],[105.52784743,34.40082145],[105.52793643,34.40053045],[105.52798243,34.39985946],[105.52772743,34.39891748],[105.52737243,34.39807349],[105.52694043,34.3974215],[105.52662243,34.39608951000001],[105.52643143,34.39579252],[105.52545143,34.39504553],[105.52523943,34.39478053],[105.52506543,34.39438654],[105.52468843,34.39416254],[105.52460643,34.39375755],[105.52463143,34.39312056],[105.52447843,34.39249956],[105.52434643,34.39223957],[105.52264943,34.39174157],[105.52236143,34.39173557],[105.52184143,34.39136658],[105.52120443000001,34.39128758],[105.52048443,34.39096158],[105.52026143,34.39045759],[105.51976243,34.39024459],[105.51941943,34.3895266],[105.51856843,34.38902661],[105.51785743000002,34.38840162000001],[105.51747043000002,34.38833162],[105.51724643,34.38761163],[105.51725343,34.38710564],[105.51729143,34.38693964],[105.51757843,34.38656364],[105.51754843,34.38640765],[105.51707643,34.38597865],[105.51673543000001,34.38553366],[105.51666343,34.38526066],[105.51639243,34.38486567],[105.51632943,34.38459167],[105.51495943,34.38348269],[105.51463943,34.38336069],[105.51355443,34.3825897],[105.51331443,34.3824847],[105.51258543,34.3824947],[105.51201743,34.3821447],[105.51121243,34.3821597],[105.51090243,34.38205471],[105.51045143,34.38165971],[105.50957243,34.38131672],[105.50845043,34.38032273],[105.50822343,34.37973474],[105.50827043,34.37927074],[105.50841843,34.37894575],[105.50856643,34.37884575],[105.50881643,34.37881075],[105.50890543,34.37886875],[105.50916843,34.37959574],[105.50930943,34.37966074],[105.50958643000001,34.37941874],[105.50977543,34.37935074],[105.50997343000002,34.37912574],[105.51069943,34.37880575],[105.51102643,34.37856275],[105.51112443,34.37833076],[105.51057343,34.37795276],[105.50956543,34.37755377],[105.50918543,34.37733277],[105.50893343,34.37686178],[105.50756343,34.37581979],[105.50740143,34.37556479],[105.50718643,34.37445481],[105.50718443,34.37421381],[105.50741143,34.37384782],[105.50738043,34.373674820000005],[105.50681943,34.37303983],[105.50665743,34.37272583],[105.50598443,34.37191084],[105.50550243,34.37090286],[105.50510143,34.37055486],[105.50437743,34.37034686],[105.50419943,34.37045186],[105.50379343,34.37095186],[105.50257043,34.37184784],[105.50219843,34.37220184],[105.50075043000001,34.37397881],[105.50034843,34.37416381],[105.49986743,34.37462781],[105.49957843,34.3747408],[105.49876443000001,34.3754178],[105.49835543,34.3753808],[105.49806643000001,34.37547679],[105.49671043,34.3753658],[105.49502143,34.3753488],[105.49429643,34.37558679],[105.49352743,34.37548879],[105.49327443,34.37567279],[105.49317943,34.3754128],[105.49241643,34.3752238],[105.49176443,34.3752158],[105.49159443,34.3752668],[105.49155043,34.3753998],[105.49182043000002,34.3753568],[105.49201443,34.37552979000001],[105.49162243,34.37578479],[105.49128743,34.37622078],[105.49091443,34.37642778],[105.49028043,34.37606779],[105.49017143,34.37549279],[105.48997243,34.3753228],[105.48956843000002,34.3752398],[105.48775643,34.37440181],[105.48624043,34.37421381],[105.48570143,34.37388582],[105.48544643,34.37385482],[105.48422643,34.37404581],[105.48295943,34.37455881],[105.48265143,34.3749518],[105.48249643,34.37560279],[105.48229043000002,34.37615279],[105.48218943,34.37620878]]]},"properties":{"gml_id":"layer_township_pg.33066","Name":"牡丹镇","layer":"乡镇","code":"620502105000","grade":4,"2015_POP":10700,"2020_POP":10988,"2023_POP":11100,"area_km2":131.88,"2015_GDP":2.32866,"2020_GDP":3.436526,"2023_GDP":4.1192}},{"type":"Feature","geometry":{"bbox":[105.21469243,34.53557162,105.45973543,34.68109563],"type":"Polygon","coordinates":[[[105.34061543,34.57680505],[105.34048843,34.57669005],[105.34042343,34.57620906],[105.34010636,34.57601106],[105.33944843,34.57653406],[105.33918443,34.57663905],[105.33853543,34.57623206],[105.33815543000001,34.57611706],[105.33767343,34.57605506],[105.33738243,34.57617006],[105.33714143,34.57610806],[105.33683743,34.57620206],[105.33644443,34.57615006],[105.33576043,34.57649506],[105.33563443,34.57647506],[105.33464743,34.57680005],[105.33315543,34.57764804000001],[105.33299243000002,34.57793004],[105.33271943,34.57901902],[105.33254243,34.57907102],[105.33227543,34.57895602],[105.33212543,34.57943702],[105.33183543,34.57971901],[105.33174843,34.58018001],[105.33130543000001,34.580431],[105.33108143,34.580912],[105.33094243,34.58103799],[105.33085443,34.58101700000001],[105.33055943,34.580359],[105.33031843,34.58026401],[105.33011643,34.58029601],[105.32972343,34.580505],[105.32944643000002,34.580392],[105.32948343,34.580558],[105.32918143,34.58121699],[105.32899243,34.58132199],[105.32862543,34.58130099],[105.32804043,34.58108099],[105.32792643,34.58124899],[105.32781443,34.58171999],[105.32632343,34.58276697],[105.32609643,34.58309097000001],[105.32594443,34.58318497],[105.32576743000001,34.58324796],[105.32504543,34.58324796],[105.32457543,34.58302997],[105.32428643,34.58352096],[105.32366743,34.58392496],[105.32242143,34.58386196],[105.32231743,34.58391596],[105.32211043,34.584258950000006],[105.32196943,34.58437795],[105.32176643,34.58441895],[105.32143643,34.58442095],[105.32085143,34.58416295],[105.32052643,34.58415295],[105.31939843,34.58449695],[105.31869843,34.58447495],[105.31797143,34.58428395],[105.31780043,34.58398395],[105.31825243,34.58343696000001],[105.31823843,34.58313597],[105.31800343,34.58254797],[105.31767643,34.58232298],[105.31731243000002,34.58224798],[105.31618343,34.58231298],[105.31522343,34.58281797],[105.31470543,34.58329996],[105.31416143,34.58333196],[105.31391343,34.58305397],[105.31389843,34.58267897],[105.31389843,34.58243298],[105.31398743,34.58220898],[105.31394943,34.58200498],[105.31410643,34.58161299],[105.31401143,34.58152099],[105.31388543,34.58154799],[105.31345843,34.58211098],[105.31228443000002,34.58141799],[105.31169643,34.58131399],[105.31118943,34.580988],[105.30994143,34.57938102],[105.30962243,34.57868803],[105.30941443,34.57845303],[105.30895443,34.57814003],[105.30788243,34.57709605],[105.30737043,34.57642006],[105.30713343,34.57594606],[105.30684543,34.57508308],[105.30651143,34.57448208],[105.30582743,34.57392109],[105.30461043,34.57203912],[105.30440343,34.57186812],[105.30421443,34.57186912],[105.30372343,34.57204012],[105.30283543,34.57194912],[105.30171043,34.57157212],[105.30139043,34.57081413],[105.30124643,34.57023814],[105.30032243,34.56905616],[105.29971843,34.56799117],[105.29920343,34.56728018],[105.29896943,34.56672719],[105.29876543,34.56643319],[105.29773743,34.5660032],[105.29743043,34.5657512],[105.29593343,34.56489121],[105.29498043,34.56456522],[105.29458143,34.56422322],[105.29421543,34.56324524],[105.29384543,34.56272024],[105.29317843,34.56138726],[105.29272843,34.56071927],[105.29197843,34.56016728],[105.29083843,34.5585953],[105.29032143000002,34.55811831],[105.28969843,34.55772931],[105.28929143,34.55737332],[105.28865843,34.55715632],[105.28817743,34.55672533],[105.28762543,34.55503135],[105.28686043,34.55421236],[105.28664343,34.55385737],[105.28610343,34.55283938],[105.28580143,34.55184839],[105.28528343,34.5512754],[105.28511643,34.55083141],[105.28335043000001,34.54968542],[105.28277843,34.54905643],[105.28211443,34.54862744],[105.28097243,34.54824644],[105.27809843,34.54658947],[105.27754343,34.54634347],[105.27668943,34.54566148],[105.27639143,34.54551148],[105.27529143,34.54531448],[105.27339643,34.54540048],[105.27256643,34.54531248],[105.27211143,34.54519648],[105.27173043,34.54496449],[105.27158143,34.54470949],[105.27135243,34.54465249],[105.27161243,34.5439805],[105.27139943,34.54360951],[105.27107643,34.54331551],[105.27077243,34.54358951],[105.27060243,34.54348451],[105.27100643,34.54167753],[105.27161043,34.54138854],[105.27187243,34.54103854],[105.27187143,34.54077254],[105.27207443,34.54055455],[105.27252343,34.54039955],[105.27275143,34.54040655],[105.27336243,34.54065155],[105.27349043,34.54061555],[105.27354943,34.54046155],[105.27355543,34.53971256],[105.27384943,34.53923657],[105.27351243,34.53948056],[105.27347743,34.53959256],[105.27328543,34.53953756],[105.27321543,34.53958456],[105.27317243,34.53947956],[105.27365143,34.53908157],[105.27375043,34.53911657],[105.27370743,34.53897657],[105.27389143,34.53880157],[105.27391743,34.53842758],[105.27404443,34.53828758],[105.27394743,34.53824158],[105.27383243,34.53831158],[105.27367843,34.53870857],[105.27341043,34.53880257],[105.27338143,34.53870857],[105.27364943,34.53842858],[105.27379043,34.53797358],[105.27412743000001,34.53782058],[105.27425443000001,34.53762159],[105.27418243,34.53748359],[105.27432343,34.53728459],[105.27430843,34.53710859],[105.27419643,34.53712059],[105.27411043,34.5369346],[105.27407043,34.5365446],[105.27387443,34.5364176],[105.27402943,34.53620361],[105.27375943,34.53617761],[105.27430743,34.53598861],[105.27455343000001,34.53581861],[105.27469843,34.53586061],[105.27492643,34.53574061],[105.27471943,34.53562162],[105.27380943,34.53557162],[105.27333443,34.53565661],[105.27290943000001,34.53563161],[105.27283843,34.53576061],[105.27203243,34.53604261],[105.27195043,34.53621461],[105.27196143,34.5364026],[105.27238443,34.5364096],[105.27217843,34.5365216],[105.27182843000001,34.5369916],[105.27191043000002,34.53708559],[105.27178943,34.53746159],[105.27115943,34.53804358],[105.27003943,34.53976156],[105.27019643,34.54012055],[105.27020743,34.54039355],[105.27009543,34.54078654],[105.26995043,34.54089854],[105.26984743,34.54084754],[105.26965043,34.54025855],[105.26954643,34.54019055],[105.26937043,34.54021655],[105.26907043,34.54043755],[105.26847143,34.54057555],[105.26822543000002,34.54104554],[105.26814243,34.54096054],[105.26807743,34.54058555],[105.26796343,34.54052555],[105.26768543,34.54056055],[105.26721043,34.54039855],[105.26708543,34.54027055],[105.26707443,34.54013455],[105.26719843,34.54005755],[105.26777043,34.54000655],[105.26784343,34.53991356],[105.26781943,34.53971156],[105.26770843,34.53957956],[105.26640343,34.53945956],[105.26620643,34.53954056],[105.26618343,34.53999856],[105.26608543,34.54006955],[105.26560543,34.54005055],[105.26545643,34.53997956],[105.26537043,34.53980656],[105.26533243,34.53942956],[105.26545443,34.53915557],[105.26605743000002,34.53878857],[105.26619043,34.53823858],[105.26639843,34.53807558],[105.26674343,34.53813658],[105.26695343,34.53826758],[105.26705043,34.53844158],[105.26704043,34.53857357],[105.26660943,34.53855357],[105.26668443,34.53875757],[105.26662343,34.53889957],[105.26666043,34.53901157],[105.26707743,34.53899057],[105.26729843,34.53883757],[105.26720043,34.53876657],[105.26723043000001,34.53868157],[105.26755143,34.53847658],[105.26780843,34.53842358],[105.26805443,34.53818358],[105.26833343,34.53815658],[105.26851543,34.53820958000001],[105.26859243,34.53840458],[105.26891243,34.53839558],[105.26899843,34.53806758],[105.26915943,34.537951580000005],[105.26960943,34.53787958],[105.27025143,34.53733859],[105.27039043,34.53728459],[105.27043243,34.53739959],[105.27074343000001,34.53722159],[105.27073243,34.53715959],[105.27136543,34.5369646],[105.27142843,34.5366726],[105.27105443,34.5367606],[105.27153443,34.5364946],[105.27164043,34.53620161],[105.27175843,34.53608561],[105.27180143,34.53586461],[105.27108243,34.53598961],[105.27106143,34.53615861],[105.27097643,34.53622961],[105.27047143,34.53600861],[105.27017243,34.53616861],[105.26971243,34.536612600000005],[105.26926143,34.5366666],[105.26912243,34.5367726],[105.26882343,34.5367916],[105.26874743000002,34.5367206],[105.26886543,34.5365516],[105.26881043,34.53643660000001],[105.26849943,34.5363926],[105.26886443,34.53626761],[105.26914143,34.53599261],[105.26701543000001,34.53605261],[105.26688543,34.53613861],[105.26493843,34.5365206],[105.26396643,34.5370196],[105.26343043,34.53716059],[105.26255443000001,34.53767059],[105.25906443,34.53726559],[105.25884243,34.53729859],[105.25876343,34.53740659],[105.25795443,34.53782858],[105.25749643,34.53794958],[105.25665943,34.53784258],[105.25573043,34.53787658],[105.25502643,34.53802958],[105.25449043000002,34.53829058],[105.25428143,34.53814958],[105.25382543,34.53803158],[105.25365543,34.53790358],[105.25288343,34.53782858],[105.25259543,34.53756959],[105.25228143,34.53754859],[105.25160043,34.53735559],[105.25071043,34.5370216],[105.25033143,34.5367846],[105.24982043,34.53620261],[105.24931043,34.53598761],[105.24843343,34.53595661],[105.24774043000001,34.53609861],[105.24640943,34.53619461],[105.24546443,34.5364886],[105.24401243000001,34.53749059],[105.24285143,34.53788958],[105.24142843,34.53807158],[105.24032343000002,34.53805458],[105.24008443,34.53797158],[105.23999343,34.53800958],[105.23957243,34.53777359],[105.23884443,34.53774759],[105.23850443,34.53790858],[105.23783243,34.53806158],[105.23658043,34.53820558],[105.23587543,34.53862157],[105.23469543000002,34.53898257],[105.23428543,34.53894557],[105.23426243,34.53867257],[105.23382743000002,34.53842858],[105.23299743,34.53856357],[105.23064043,34.53840958],[105.23026043,34.53844858],[105.22948743,34.53876157],[105.22879243,34.53859357],[105.22828143,34.53856557],[105.22759743,34.53842658],[105.22718743,34.53827658],[105.22682243,34.53801358],[105.22599043000001,34.53774359],[105.22479543,34.53758659],[105.22297143,34.53711059],[105.22276543,34.5369036],[105.22174143,34.5365486],[105.22133143,34.53630461],[105.22100143000002,34.53620161],[105.22022743000001,34.53623261],[105.21963543,34.53612161],[105.21940843,34.53615161],[105.21890843,34.5363606],[105.21752043,34.5367126],[105.21674543,34.53726759],[105.21647143,34.53831158],[105.21617743,34.53874457],[105.21531843,34.53966756],[105.21509243,34.54009955],[105.21498443000002,34.54188253],[105.21471343,34.54265252],[105.21469243,34.54323651],[105.21487543,34.5440625],[105.21521743,34.54483049],[105.21578943,34.54672446],[105.21628943,34.54728646],[105.21722143,34.54801445],[105.21860643,34.54891243],[105.21960543,34.54945343],[105.22130743,34.54988142],[105.22280343,34.54993242],[105.22393743,34.55054741],[105.22462143,34.5515604],[105.22503143,34.55191539],[105.22625643,34.55251438],[105.22662043,34.55283138],[105.22689443,34.55352537],[105.22701443,34.55581734],[105.22753943,34.55696032],[105.22765443,34.55739032],[105.22751843,34.55788031],[105.22711143,34.5584243],[105.22546043,34.55991328],[105.22437243,34.56053327],[105.22346743,34.56076127],[105.22122243000001,34.56112727],[105.22077043,34.56137126],[105.22015943,34.56208625],[105.21966543,34.56368423],[105.21943943,34.56396523],[105.21905443000001,34.56413823],[105.21855743,34.56460722],[105.21810443000001,34.56526521],[105.21769843,34.5663742],[105.21727243,34.56815817],[105.21727343000002,34.56855317],[105.21754743,34.56937715],[105.21777643,34.569789150000005],[105.21882143,34.57076314],[105.22088843,34.57167712],[105.22118343000001,34.57201512],[105.22124643,34.57242011],[105.22187543000001,34.57640506],[105.22208043,34.57679905],[105.22299043,34.57788604],[105.22433143,34.57887702],[105.22608143,34.57975301],[105.22680843,34.58041],[105.22851443,34.58239498],[105.22983443,34.58374496],[105.23074443,34.58452995],[105.23110843,34.58477194],[105.23254043,34.58538794],[105.23288143,34.58566893],[105.23324543,34.58613692],[105.23342843,34.58666292],[105.23341243,34.58884089],[105.23350343,34.58932788],[105.23373143,34.58972188],[105.23425543,34.590002870000006],[105.23473243,34.59003887],[105.23545643,34.58996087],[105.23707143,34.58959888],[105.23822543,34.58912888],[105.24217143,34.5880479],[105.24335043,34.5878779],[105.24369143,34.5878949],[105.24569143,34.58837889],[105.24739643000001,34.58892089],[105.24771443,34.58914488],[105.24816543,34.58966488],[105.24853043,34.58984587],[105.24896643,34.58991987],[105.24990943,34.58983587],[105.25187343,34.59007987],[105.25207843,34.59002987],[105.25218043,34.58982687000001],[105.25260543,34.5882169],[105.25293143,34.5876599],[105.25336043,34.58723491],[105.25391143,34.58692991],[105.25462743000001,34.58675992],[105.25534443,34.58677392],[105.25612043,34.58705991],[105.25717043,34.5876519],[105.25821643000002,34.58856389],[105.25883343,34.58900189],[105.26100743,34.58994487],[105.26197143,34.59017987],[105.26373143,34.59017687],[105.26516643,34.59044587],[105.26567943,34.59064686],[105.26736143,34.59164385],[105.26777143,34.59174585],[105.26887843000002,34.59174285],[105.26949443,34.59197885],[105.26969943000002,34.59221484],[105.26976243,34.59246984],[105.26958143,34.59363782],[105.26960343,34.59414582],[105.26970643,34.59434881],[105.27013843,34.59476981],[105.27139043000001,34.5953608],[105.27167743,34.5955798],[105.27196743,34.59613779000001],[105.27260443000002,34.59708478],[105.27268843000002,34.59744077],[105.27264843,34.59786476],[105.27246543,34.59833976],[105.27234443000002,34.59892875],[105.27257243,34.59967274],[105.27277743,34.59985974],[105.27331143,34.60006273],[105.27380343,34.60006174],[105.27419243,34.59997674],[105.27476543,34.59962074],[105.27511243,34.59929775],[105.27576743000002,34.59914475],[105.27691643,34.59914475],[105.27722343,34.59904275],[105.27828643,34.59826276],[105.27902343,34.59820976],[105.27968143,34.59837876],[105.28096243,34.59945274],[105.28146843,34.59974774],[105.28276043,34.60003474],[105.28343943,34.60038873],[105.28395843000001,34.6023847],[105.28546143,34.60402268],[105.28591443,34.60471667],[105.28639143,34.60579466],[105.28674943,34.60685664],[105.28675143,34.60720164],[105.28663443000002,34.60751663],[105.28647143,34.6097896],[105.28650243,34.61130858],[105.28719043,34.61294256],[105.28757343,34.61371155],[105.28799543,34.61432854],[105.28805443,34.61626551],[105.28813243,34.61649151],[105.28842643,34.6173385],[105.28915043000002,34.61786849],[105.29122143,34.61822749],[105.29152043,34.61836848],[105.29172543,34.61858948],[105.29193143,34.61865648],[105.29273643,34.61862148],[105.29288143,34.61865648],[105.29311843,34.61888148],[105.29445243,34.62113445],[105.29662743,34.62360041],[105.29691143000001,34.62400941],[105.29830343,34.62589738],[105.29933143,34.62693437],[105.30020243,34.62807135],[105.30138843,34.62933733],[105.30289043,34.63053932],[105.30603543,34.63227829],[105.30985443,34.63469126],[105.31027643,34.63508126],[105.31194643,34.63708023],[105.31285743000001,34.63862121],[105.31355243,34.64012619],[105.31394843,34.64062418],[105.31649243,34.64280815],[105.31741843,34.64420613],[105.31855243,34.64557111],[105.31946243,34.6463181],[105.32073943000002,34.64705309],[105.32332143,34.64873907],[105.32386143000001,34.64905307000001],[105.32470343,34.64932206],[105.32574243,34.64949806],[105.32716143,34.64949606],[105.32957843,34.64936406],[105.33092043,34.64953706],[105.33140643,34.64969906000001],[105.33201243,34.65003405],[105.33595243,34.65261002],[105.33686043,34.65313701],[105.33832143,34.653708],[105.33867643,34.653828],[105.33929343,34.653881],[105.33993843,34.653785],[105.34109043,34.65291701],[105.34250743,34.65241702],[105.34303243,34.65232002],[105.34543643,34.65230602],[105.34869343,34.65199702],[105.34960143,34.65207202],[105.35011043,34.65221102],[105.35038943,34.65230802],[105.35223943,34.65311001],[105.35324443,34.653541],[105.35684943,34.65478399],[105.35878143000001,34.65484399],[105.36075343,34.65552398],[105.36210843000002,34.65575997],[105.36529943,34.65590697],[105.36825343,34.65570597],[105.36997443,34.65568197],[105.37030243,34.65580197],[105.37098743,34.65653596],[105.37151743000001,34.65737995],[105.37239043,34.65912093],[105.37282843,34.65979292],[105.37335843,34.6611249],[105.37441143,34.66319087],[105.37508643,34.66579784],[105.37522843,34.66697782],[105.37561843,34.66753881],[105.37575643,34.66793481],[105.37615543,34.66798481],[105.37781843,34.6683188],[105.37871843,34.66882379],[105.37981143,34.66914679],[105.38083443000001,34.66963378],[105.38129943,34.67007778],[105.38158543,34.67036177],[105.38288043,34.67109276],[105.38331143,34.67168476],[105.38382743,34.67200975],[105.38422743,34.67248474],[105.38625243,34.67414972],[105.38764543,34.67469771],[105.38864843,34.6758647],[105.38942043,34.67704768],[105.39018343,34.67826967],[105.39061443,34.67875766],[105.39079143,34.67917865],[105.39128743,34.67983764],[105.39241243,34.68109563],[105.39395943000001,34.67975265],[105.39556643,34.67886866],[105.39631243,34.67828467],[105.39671743,34.67783567],[105.39676243,34.67743968],[105.39666843,34.67697168],[105.39593743,34.6758687],[105.39577643,34.6754377],[105.39586443,34.67476371],[105.39638243,34.67395572],[105.39742243,34.67309074],[105.39830443,34.67256274],[105.39862143,34.67252574],[105.39984943000002,34.67285874],[105.40032543,34.67285674],[105.40048243,34.67276374],[105.40120543,34.67195375],[105.40156743,34.67167376],[105.40193043,34.67165176],[105.40220743,34.67183275],[105.40216743,34.67281374],[105.40179443,34.67357173],[105.40154743,34.67459772],[105.40151343,34.67496071],[105.40157743000002,34.6755007],[105.40194843,34.6757177],[105.40210843,34.675661700000006],[105.40255543,34.67516671],[105.40296543,34.67457372],[105.40339343,34.67413972],[105.40391343,34.67380173],[105.40522643,34.67334573],[105.40651843,34.67321073],[105.40738243,34.67332073],[105.40808443,34.67346873],[105.40951543,34.67394972],[105.41024143,34.67428372],[105.41074143,34.67437672],[105.41119543000002,34.67435372],[105.41207843,34.67416372],[105.41253143,34.67384373],[105.41277343,34.67347473],[105.41311443,34.67267974000001],[105.41355543,34.67022278],[105.41384443000001,34.66902379],[105.41409243,34.6681798],[105.41458443,34.66700682],[105.41475943,34.66511585],[105.41487543,34.66479085],[105.41514943,34.66450985],[105.41568443,34.66424586],[105.41644343,34.66400586],[105.41715043,34.66390686],[105.41793743,34.663999860000004],[105.41844943,34.66426886],[105.41880443,34.66460285],[105.41912143,34.66510985],[105.41929343,34.66564084],[105.41962443,34.66616983],[105.41996643,34.66644983],[105.42035943,34.66666482],[105.42181143,34.66699982],[105.42216043,34.66745981],[105.42282443,34.66758881],[105.42537743,34.66757781],[105.42610243,34.66764781],[105.42640143,34.66774881],[105.42643943,34.66793781],[105.42628043,34.66805481],[105.42494543,34.6686158],[105.42402643,34.66888179],[105.42503243,34.66953678],[105.42740143000002,34.67033877],[105.42943043,34.67074777],[105.43173543000002,34.67069377000001],[105.43234543000001,34.67051177],[105.43333343,34.67001078],[105.43442543,34.66899179],[105.43484043,34.6683608],[105.43508243,34.66779081],[105.43557843,34.66695082],[105.43618843,34.66657283],[105.43630143,34.66601283],[105.43625843,34.66599383],[105.43444143,34.66494485],[105.43282943,34.66371786],[105.43206643,34.66339287],[105.43073543,34.66268388],[105.42889143,34.66152589],[105.42802843,34.6608679],[105.42767443,34.66049291],[105.42690343,34.66003792],[105.42627543000002,34.65931593],[105.42609943,34.65894593],[105.42592343,34.65876093],[105.42593643,34.65862393],[105.42731843,34.65817694],[105.42826343,34.65772595],[105.43023843,34.65661996],[105.43099243000002,34.65602497],[105.43225243,34.65480099],[105.43348743,34.65433799],[105.43395343,34.65419099],[105.43456443,34.654188],[105.43511843,34.65429299],[105.43718943000002,34.65499398],[105.43752443,34.65500498],[105.43785843,34.65491798],[105.43803343,34.65479699000001],[105.43809643,34.65448599],[105.43794543,34.65425899],[105.43685943,34.65336901],[105.43599943,34.65288001],[105.43586643,34.65267502],[105.44407243,34.65266702],[105.44414043,34.65260302],[105.44426943,34.65249702],[105.44445843,34.65234102],[105.44453843,34.65227602],[105.44461843,34.65221002],[105.44462843,34.65220102],[105.44475343,34.65207602],[105.44480943,34.65202002],[105.44484643,34.65197703],[105.44501243,34.65179003],[105.44503143,34.65176803],[105.44504243,34.65175503],[105.44507443,34.65171303],[105.44516143,34.65159103],[105.44519143,34.65154903],[105.44522843,34.65147203],[105.44539443,34.65113204],[105.44539743,34.65112304],[105.44554143,34.65094804],[105.44557843,34.65091804],[105.44575043,34.65078004000001],[105.44582143,34.65072304],[105.44604543,34.65056804],[105.44606843,34.65055204],[105.44626943,34.65041205],[105.44628543,34.65040105],[105.44639343,34.65032705],[105.44657543,34.65020005],[105.44662643,34.65016405],[105.44663143,34.65016105],[105.44666843,34.65013005],[105.44668643,34.65011505],[105.44672543000001,34.65008205],[105.44691343,34.64992205],[105.44692043,34.64991505],[105.44713643,34.64969706],[105.44738543,34.64939806],[105.44742143,34.64935506],[105.44743343,34.64934006],[105.44755143,34.64919706],[105.44773043,34.64891407],[105.44773943,34.64890107],[105.44782243,34.64876907],[105.44782843,34.64875907],[105.44784043,34.64874307],[105.44792643,34.64862707],[105.44809943,34.64842707],[105.44812243,34.64839807],[105.44812943,34.64839107],[105.44824243000001,34.64826108],[105.44841543,34.64805908],[105.44855243,34.64789908],[105.44856243,34.64789008],[105.44868543,34.64776208],[105.44878443,34.64765908],[105.44887843,34.64756009],[105.44899243,34.64745209],[105.44909743,34.64735409],[105.44914943000002,34.64731409],[105.44937143,34.64714509],[105.44939143,34.64712809],[105.44954243000001,34.64703909],[105.44965843,34.64696809],[105.44967943,34.64695709],[105.44981243,34.64687709],[105.44986843,34.6468431],[105.44996043,34.6467851],[105.45009343,34.6466991],[105.45025043,34.6465981],[105.45042043,34.6464881],[105.45054843,34.6464071],[105.45058043000002,34.6463861],[105.45058443,34.6463821],[105.45068743,34.6463081],[105.45069543,34.6463031],[105.45069943,34.6463001],[105.45074343,34.6462671],[105.45083043,34.6461801],[105.45091043,34.64609911],[105.45100043,34.64600811],[105.45113343,34.64587211],[105.45115843,34.64585011],[105.45134043,34.64568311000001],[105.45146543,34.64556811],[105.45147243,34.64556211],[105.45154543,34.64549611],[105.45156743,34.64547611],[105.45161943,34.645425120000006],[105.45165943000002,34.64538412],[105.45166643,34.64537712],[105.45169743,34.64534712],[105.45178143,34.64526312],[105.45196943,34.64507412],[105.45198043,34.64506312],[105.45206243,34.64498112],[105.45218043,34.644862120000006],[105.45220843,34.64483412],[105.45227543,34.64476112],[105.45228043,34.64475412],[105.45231243000002,34.64472012],[105.45245143,34.64456413],[105.45248743,34.64452413],[105.45250843,34.64450013],[105.45257143,34.644432130000006],[105.45260543,34.64439313],[105.45265543,34.64434413000001],[105.45271043,34.64428913],[105.45276843,34.64423013],[105.45278743000001,34.64421013],[105.45281443,34.64418413],[105.45285243,34.64414613],[105.45289743,34.64410013],[105.45297143,34.64403213],[105.45299643,34.64400913],[105.45312043,34.64389514],[105.45312743,34.64388914],[105.45314143,34.64387814],[105.45333343,34.64370314],[105.45343543,34.64360914],[105.45344343,34.64360114],[105.45352943,34.64353314],[105.45356843,34.64350214],[105.45362843,34.64345514],[105.45371443,34.64338814],[105.45381043,34.64331214],[105.45385543,34.64327514],[105.45386043,34.64327314],[105.45389443,34.64325314],[105.45398043,34.64319914],[105.45412143,34.64311315],[105.45422843,34.64306415],[105.45423343,34.64306215],[105.45440443,34.64298615],[105.45442543,34.64297615],[105.45447643000001,34.64296115],[105.45464943,34.64290515],[105.45465543,34.64290315],[105.45467143,34.64289815],[105.45467743,34.64289615],[105.45468243,34.64289515],[105.45474943,34.64287415],[105.45478543000002,34.64286515],[105.45498043,34.64281715],[105.45527443,34.64274415],[105.45541243,34.64270815],[105.45541943,34.64270715],[105.45546643,34.64268915],[105.45547343,34.64268615],[105.45576143,34.64258115],[105.45579443,34.64256815],[105.45582643,34.64255615],[105.45592443,34.64252115],[105.45594343,34.64251415],[105.45616143,34.64239816],[105.45616743,34.64239516],[105.45625643,34.64232516],[105.45627143,34.64230816],[105.45631543,34.64226016],[105.45635643,34.64221516],[105.45637743,34.64218116],[105.45642443,34.64210716],[105.45642843,34.64210216],[105.45649543,34.64199616],[105.45649843,34.64199116],[105.45657543,34.64184116],[105.45668043,34.64163417],[105.45668643,34.64162317],[105.45677243,34.64147217],[105.45678843,34.64144317],[105.45686243,34.64131417],[105.45688143,34.64128217],[105.45690243,34.64123717],[105.45692743,34.64118217],[105.45693843,34.64116117],[105.45696143,34.64111217],[105.45696743,34.64109317],[105.45697343,34.64107417],[105.45699643,34.64100518],[105.45700743,34.64097018],[105.45701643,34.64094418],[105.45703343,34.64089418],[105.45705743,34.64082118],[105.45708643,34.64073018],[105.45712743,34.64060518],[105.45716243,34.640499180000006],[105.45719443,34.64040318],[105.45721343000001,34.64034218],[105.45723543,34.64028518],[105.45725443,34.64023419],[105.45725743,34.64022519],[105.45729343,34.64013219],[105.45732943,34.64003719],[105.45734943,34.63998419],[105.45737243,34.63992219],[105.45739543,34.63986019],[105.45742443000002,34.63978519],[105.45746643,34.63967119],[105.45750643,34.6395662],[105.45755043,34.6394492],[105.45760243000001,34.6393072],[105.45764343,34.6391992],[105.45765743,34.6391612],[105.45769343,34.6390472],[105.45773443,34.6389162],[105.45775143,34.6388612],[105.45781843,34.63864721],[105.45788243,34.63843821],[105.45791043,34.63834821],[105.45794143,34.63824921],[105.45797343,34.63814321],[105.45797743,34.63813021],[105.45800243,34.63802722],[105.45803143,34.63791722],[105.45805443,34.637821220000006],[105.45808543,34.63769522],[105.45812143,34.63755222],[105.45814643,34.63742922],[105.45816043,34.63734723],[105.45819643,34.63717123],[105.45823143,34.63699123],[105.45826743,34.63680223],[105.45829643,34.63665623],[105.45832843,34.63648424],[105.45836943,34.63632424],[105.45839543,34.63622124],[105.45841443,34.63614624],[105.45845743,34.63598624],[105.45848543,34.63586825],[105.45848943,34.63585525],[105.45851943,34.63574525],[105.45855643,34.63559425],[105.45862243,34.63533925],[105.45862443,34.63533025],[105.45864743,34.63514926],[105.45866543,34.63501726],[105.45866843,34.63487126],[105.45867243,34.63473726],[105.45867443,34.63463326],[105.45867643,34.63453426],[105.45868043,34.63438527],[105.45868143000001,34.63436127],[105.45901843,34.63442027],[105.45875143,34.63384427],[105.45857943,34.63382527],[105.45835543,34.63395927],[105.45806743,34.63432127],[105.45789043,34.63434827],[105.45739043,34.63408527],[105.45692343,34.63426227],[105.45673043,34.63402327],[105.45635743,34.63377227],[105.45642243,34.63363728],[105.45688743,34.63354128],[105.45698343,34.63334128],[105.45700843,34.6321153],[105.45737243,34.63104631],[105.45734043000002,34.63089931],[105.45651643,34.63034432],[105.45646643000002,34.63003833],[105.45657943,34.62997033],[105.45739843,34.62987233],[105.45751143,34.62979133],[105.45781443,34.62937633],[105.45813343,34.62873434],[105.45818043,34.628494350000004],[105.45881543,34.62710337],[105.45881343,34.626809370000004],[105.45858743,34.62649037],[105.45843843,34.62557239],[105.45792143,34.62530839],[105.45776043,34.62533539],[105.45776043,34.62542939],[105.45751843000001,34.62540439],[105.45738943,34.62531139],[105.45724443,34.62499239],[105.45709843,34.6248464],[105.45693743,34.6247554],[105.45653443,34.6247024],[105.45659843,34.6244904],[105.45627543,34.6244924],[105.45601843,34.6243864],[105.45479043,34.6245424],[105.45450443,34.624344400000005],[105.45597843,34.62318342],[105.45650543,34.62285242],[105.45765643,34.62226543],[105.45907743,34.62133544],[105.45973543,34.62106545],[105.45890643,34.62085645],[105.45797343,34.62104445],[105.45762443,34.62103745],[105.45747343000001,34.62096245],[105.45739443,34.62087445],[105.45743343,34.62003946],[105.45750543,34.61962947],[105.45769143,34.61934747],[105.45780143,34.61865348],[105.45746743,34.61804949],[105.45734943,34.6174605],[105.45723743,34.6173375],[105.45727943,34.61671451],[105.45717043,34.61648351],[105.45633643,34.61595752],[105.45555843,34.61567452],[105.45515543,34.61523553],[105.45482743,34.61462954],[105.45396643000001,34.61375355],[105.45323543,34.61368255],[105.45249843,34.61382555],[105.45137843,34.61425154],[105.45034543,34.61493053],[105.44885043000001,34.61527953],[105.44806943,34.61529353],[105.44760543,34.61523953],[105.44639743,34.61478953],[105.44620343000001,34.61465454],[105.44577443,34.613807550000004],[105.44546643,34.61343955],[105.44538443,34.61308256],[105.44541543,34.61282256],[105.44522943,34.61274456],[105.44488843,34.61274256],[105.44417743,34.61222957],[105.44364343,34.61169458],[105.44296143,34.61165658],[105.44269743,34.61171058],[105.44236743,34.61186557],[105.44194743,34.61218857],[105.44104243,34.61261956],[105.44055143,34.61266256],[105.43976843,34.61248357],[105.43966443000001,34.61251657],[105.43939243,34.61283856],[105.43931743,34.61322856],[105.43914043,34.61363355],[105.43879243000002,34.61376755],[105.43744443,34.61301156],[105.43712543,34.61297956],[105.43660243,34.61314956],[105.43637043000001,34.61328755],[105.43615843,34.61355155],[105.43593943,34.61359655],[105.43543743,34.61345555],[105.43464443,34.61239657],[105.43405043,34.61228557],[105.43314943,34.61190957],[105.43260643,34.61156758],[105.43124743,34.61124958],[105.43028343,34.61132158],[105.42978643000001,34.61119458],[105.43001243,34.61073259],[105.43071343,34.6102126],[105.43090943,34.6099916],[105.43133543,34.60887261],[105.43179543,34.607930630000006],[105.43191243,34.60744963],[105.43189143,34.60717764],[105.43184543,34.60690764],[105.43171143,34.60677064],[105.42979743,34.60556966],[105.42943243000002,34.60512867],[105.42872943,34.60424268],[105.42859743,34.60415968],[105.42828543,34.60412868],[105.42786743,34.60373369],[105.42764343,34.60339469],[105.42722443,34.60310769],[105.42715743,34.60297969],[105.42707643,34.60188971],[105.42696543,34.60162471],[105.42679043,34.60144572],[105.42686643,34.60065373],[105.42672543,34.60036773000001],[105.42642543,34.60025973],[105.42597543,34.60023973],[105.42551043,34.60045073],[105.42476443000001,34.60109272],[105.42460943,34.60102072],[105.42449043,34.60062673],[105.42437243,34.60059373],[105.42426843,34.60075273],[105.42421443,34.60124472],[105.42317943,34.60181871],[105.42312143,34.6023897],[105.42304143,34.6024417],[105.42141043,34.60190571],[105.42119843,34.60194271],[105.42011343,34.60248670000001],[105.41976243,34.6025297],[105.41950643,34.6024327],[105.41973043000002,34.60189471],[105.41971643,34.60163071],[105.41939943,34.60128872],[105.41915843,34.60077973],[105.41914943,34.60058973],[105.41947143,34.60005173],[105.41946143,34.59995474],[105.41912043000002,34.59988574],[105.41894243,34.59995074],[105.41812343,34.60072573],[105.41785743,34.60077973],[105.41776843,34.60069073],[105.41774043,34.60031773],[105.41750143,34.59949574],[105.41690743,34.59902975],[105.41654143,34.59824976],[105.41638543,34.59806076],[105.41503943,34.59729277],[105.41425043,34.59668378],[105.41325043,34.59633979],[105.41226743,34.59572879],[105.41175143,34.5955788],[105.41171043,34.5954738],[105.41177643,34.5953588],[105.41212643,34.5952278],[105.41204443,34.5950338],[105.41152143,34.59486081],[105.41102343000001,34.59454281],[105.41019643,34.59454281],[105.40961843,34.59440681000001],[105.40862243,34.59398582],[105.40755743,34.59395882],[105.40662043,34.59367382000001],[105.40605443,34.59339983],[105.40568143,34.59298883],[105.40530443,34.59282683],[105.40468243,34.59232684],[105.40417043,34.59192785],[105.40380543,34.591904850000006],[105.40363043,34.59196485],[105.40298743,34.59274283],[105.40265043,34.59291883],[105.40198743,34.59280383],[105.40106143000001,34.59282183],[105.40066343,34.59293483],[105.40024543,34.592939830000006],[105.39979243,34.59271684],[105.39943243,34.59233684],[105.39936043,34.59202784],[105.39955043,34.59144785],[105.39993543000001,34.59082386000001],[105.39939943,34.59043187],[105.39852143,34.59011387],[105.39863243,34.58975888],[105.39862643,34.58945588],[105.39853443,34.58926188],[105.39794743,34.58891089],[105.39799443,34.58837989],[105.39755443000001,34.5879369],[105.39686443000001,34.58749891],[105.39635643,34.58744991],[105.39564343,34.58694891],[105.39532543,34.58703091],[105.39512643,34.58697391],[105.39502543,34.58638292],[105.39444343,34.58563593],[105.39442943,34.58545193],[105.39435043,34.58539494],[105.39405443,34.58544893],[105.39375743,34.58592193],[105.39374143,34.58605593],[105.39391043000002,34.58655892],[105.39385643,34.58665392],[105.39349043,34.58660292],[105.39312243,34.58671392],[105.39201843,34.58670992],[105.39139743,34.58693491],[105.39096143,34.58719991],[105.39085643,34.58737691],[105.38973443,34.587195910000005],[105.38847143,34.58760791],[105.38788943000002,34.5879429],[105.38761143,34.5882119],[105.38676443,34.58928988],[105.38574143,34.58921888],[105.38589343,34.58891089],[105.38581343000001,34.58865289],[105.38552343,34.58838889],[105.38513243,34.58727191],[105.38441743,34.58604193],[105.38443343,34.58594993],[105.38477543,34.58567993],[105.38486643,34.58550493],[105.38484143,34.58469494],[105.38477743,34.58451095],[105.38455743,34.58429895],[105.38395543,34.58402795],[105.38394743,34.58394496],[105.38477443,34.58319797],[105.38495243,34.58277397],[105.38478343,34.58217998],[105.3843394,34.58211198],[105.38416543000001,34.58194898],[105.38415843,34.58174499],[105.38397643,34.58153299],[105.38384443,34.580843],[105.38347443,34.58044],[105.38332643,34.57983001],[105.38329343,34.57947102],[105.38336043,34.57910402],[105.38400043,34.57872103],[105.38407343,34.57860003],[105.38404843,34.57818903],[105.38374343,34.57777504],[105.38388343,34.57762204],[105.38413643,34.57750404],[105.38423043,34.57734605000001],[105.38384543,34.57733505],[105.38351843000001,34.57748504],[105.38264143,34.57756804],[105.38228143,34.57731305],[105.38182143000002,34.57711305],[105.38150243,34.57680105],[105.38146643,34.57651306],[105.38105943,34.57627206],[105.38068443,34.57589906],[105.37978743,34.57587607],[105.37711343,34.57586007],[105.37440443,34.57724505],[105.37361643,34.57738305],[105.37349243,34.57724805],[105.37297743,34.57721405],[105.37260843,34.577606040000006],[105.37240243,34.57769204],[105.37207443,34.57765904],[105.37143343000001,34.57740504],[105.37126743,34.57716705],[105.37104143,34.57703105],[105.37059543,34.57602906],[105.37011943,34.57547007],[105.36906843,34.57528407],[105.36853143,34.57504708],[105.36824143,34.57475808],[105.36805243,34.5735351],[105.36784543,34.5733641],[105.36751343,34.57275211],[105.36716143,34.57229511],[105.36620943,34.57144513],[105.36563643,34.57112413],[105.36441843,34.57066514],[105.36423243,34.57041214],[105.36425043,34.57002115],[105.36412743,34.56988515],[105.36373443,34.56975615],[105.36274643,34.56981915],[105.35984043,34.56950015],[105.35636043,34.56996415],[105.35598143,34.56994815],[105.35521943000002,34.57006814],[105.35478643,34.57001715],[105.35336543,34.57022314],[105.35198643,34.57032714],[105.35108043,34.57031114],[105.35068843,34.57041414],[105.35006943,34.57043114],[105.35062943,34.57117813],[105.35065143,34.57153512],[105.35053043,34.57202912],[105.34969243,34.57271111],[105.34909543,34.57306810000001],[105.34866443,34.5731021],[105.34779943,34.5735291],[105.34734843,34.57410809],[105.34706143,34.57432809],[105.34673143000002,34.57439709],[105.34642343,34.57456808],[105.34638243,34.57472108],[105.34608643000001,34.57486908],[105.34514843,34.57526607],[105.34426343,34.57550507],[105.34387143,34.57550607],[105.34362343,34.57530207],[105.34329343,34.57525107],[105.34294243,34.57509908],[105.34286043,34.57520107],[105.34280143,34.57569407],[105.34187643,34.57625606],[105.34129943,34.57644406],[105.34072443,34.57690305],[105.34061543,34.57680505]]]},"properties":{"gml_id":"layer_township_pg.33067","Name":"关子镇","layer":"乡镇","code":"620502106000","grade":4,"2015_POP":20000,"2020_POP":20777,"2023_POP":20900,"area_km2":113.01,"2015_GDP":4.38336,"2020_GDP":6.502648,"2023_GDP":7.98095}},{"type":"Feature","geometry":{"bbox":[105.62100143,34.25822139,105.74535243,34.4045554],"type":"Polygon","coordinates":[[[105.71665243,34.26878524],[105.71600543,34.26840025],[105.71549743,34.26788525],[105.71519943,34.26809725],[105.71483643,34.26821525],[105.71445543,34.26845625],[105.71437243,34.26859524],[105.71409043,34.26866724],[105.71383143,34.26863424],[105.71282043,34.26768426],[105.71231043,34.26799725],[105.71196043,34.26809425],[105.71113043,34.26725226],[105.71071943,34.26693427000001],[105.71036243,34.26631628],[105.70948043,34.26594428],[105.70838343,34.26574328],[105.70779043,34.26534529],[105.70749843,34.2641923],[105.70746043,34.26378731],[105.70671943,34.26301532],[105.70633143,34.26231833],[105.70609643,34.26114635],[105.70616743,34.26061435],[105.70608543,34.26025736],[105.70520743,34.26012636],[105.70466143,34.25986336],[105.70438143,34.25982736],[105.70412943,34.25988736],[105.70387343,34.26002836],[105.70380243,34.26014636],[105.70366843,34.26052235],[105.70367143,34.26093435],[105.70357543,34.26106935],[105.70339443,34.26113635],[105.70311943000002,34.26110835],[105.70278543,34.26100635],[105.70290343,34.26080735],[105.70337243,34.26055635],[105.70336543,34.26034336],[105.70313343,34.26018236],[105.70267443,34.25995636],[105.70181643,34.25935437],[105.70141643,34.25942337],[105.70100643,34.25974936],[105.70064343,34.25959137],[105.70033743,34.25959237],[105.70025143,34.25944937],[105.70014043,34.25941337],[105.69970643,34.25936337],[105.69925643000002,34.25852338],[105.69895743,34.25823738],[105.69862843,34.25822139],[105.69834043,34.258468380000004],[105.69786543,34.25921937],[105.69785843,34.26002736],[105.69762543,34.26032436],[105.69633343,34.26047135],[105.69556143,34.26104235],[105.69539843,34.26142934],[105.69527343,34.26151734],[105.69468143,34.26131734],[105.69433943,34.26146634],[105.69362943,34.26147534],[105.69303443,34.26162034000001],[105.69266043,34.26186934],[105.69268743,34.26200733],[105.69260443,34.26212133],[105.69210043,34.26244133],[105.69038743,34.26268632],[105.69000943,34.26262033],[105.68992743,34.26265533],[105.68990343,34.26290732],[105.68977343000002,34.26295032],[105.68942143,34.26296832],[105.68858243,34.26268232],[105.68752143000002,34.263047320000005],[105.68732043,34.26286832],[105.68721543,34.26264932],[105.68690043,34.26272932],[105.68651443,34.26269232],[105.68640643,34.26279732],[105.68580143,34.26286932],[105.68600243000002,34.26311332],[105.68671743,34.26329432],[105.68715943,34.26331332],[105.68728743,34.26343431],[105.68707943,34.2641223],[105.68707143,34.26546029],[105.68679943,34.26567528],[105.68623543,34.26554529],[105.68546843,34.26517029],[105.68490743,34.265033290000005],[105.68368643,34.26533029],[105.68243743,34.26616228],[105.68215243,34.26622528],[105.68164743,34.26607528],[105.68114643,34.26578028],[105.68086043,34.26591328],[105.68019443,34.26600028],[105.67903743000001,34.26628028],[105.67827543,34.26635527],[105.67663543,34.26575128],[105.67645443,34.26577828],[105.67636243,34.26587028],[105.67618443,34.26665827],[105.67598643,34.26683327],[105.67562343,34.26691027],[105.67506543,34.26665227],[105.67486843,34.26682027],[105.67514143,34.26790925],[105.67524543,34.26935423],[105.67540543,34.26977023],[105.67613343,34.27048822],[105.67640643,34.27063522],[105.67679043,34.270693220000005],[105.67777643000001,34.27134821],[105.67815543,34.27149421],[105.67774743,34.27220220000001],[105.67698943,34.27295219],[105.67677043,34.27330618],[105.67635843,34.27469116],[105.67637143,34.27511016],[105.67661843,34.27642414],[105.67660843,34.27741013],[105.67673643,34.27881911],[105.67656043000001,34.2792771],[105.67636243,34.2794011],[105.67583443,34.2794891],[105.67547043,34.27963409],[105.67474743,34.28024209],[105.67409043,34.28039908],[105.67334643,34.28020709],[105.67165343,34.28041508],[105.66972443,34.28033409],[105.66936543,34.28044608],[105.66945443000002,34.28052808],[105.66966643,34.28111607],[105.66975543,34.28168607],[105.66964243,34.28197006],[105.66996743,34.28204506],[105.67066443000002,34.28198306],[105.67086343,34.28208406],[105.67075943,34.28348804],[105.67078743,34.28359204],[105.67102243000001,34.28371904],[105.67113443,34.28394604],[105.67112443,34.28410203],[105.67085043,34.28449303],[105.67081943,34.28519902],[105.67094743,34.28553302],[105.67074043,34.28593501],[105.67079643,34.28619001],[105.67132043,34.28741499],[105.67207443,34.28789798],[105.67230143,34.28822898],[105.67228243,34.28834098],[105.67210843,34.28849497],[105.67167643,34.288704970000005],[105.67127043000002,34.28879497],[105.67119043000001,34.28894397],[105.67126243,34.28938496],[105.67138543,34.28953796],[105.67180143,34.28959896],[105.67224743,34.28939196],[105.67255843,34.28940296],[105.67278043,34.28966796],[105.67288543000001,34.28996696],[105.67279443,34.29023195],[105.67165443,34.29061495],[105.67120443,34.29080894],[105.67079343000002,34.29116994],[105.67040843000001,34.29125394],[105.66991943,34.29144193],[105.66975243,34.29178593],[105.66845143000002,34.29356591],[105.66771843,34.29444089],[105.66648043,34.29565088],[105.66600843,34.29635187],[105.66610943,34.29651887],[105.66667343,34.29687986],[105.66693443,34.297129860000005],[105.66714643,34.297517850000006],[105.66739743,34.29912583],[105.66794543,34.30010682000001],[105.66817243,34.30187979],[105.66818943,34.30251178],[105.66806143,34.30334077],[105.66791643,34.30352577],[105.66747343,34.30372977],[105.66622243,34.30378777],[105.66597443,34.30386977],[105.66479543,34.30435276],[105.66468643000002,34.30445676],[105.66457743,34.30482775],[105.66451643,34.30483975],[105.66383543,34.30445776],[105.66308543,34.30430176],[105.66290943,34.30437176],[105.66282043,34.30457176],[105.66265843,34.30466076],[105.66179143000001,34.30457876],[105.66145243,34.30468476],[105.66092543,34.30501375],[105.66064443,34.30528575],[105.66019843,34.30604574],[105.66004943000002,34.30758472],[105.66021143,34.3084757],[105.66002843,34.3090787],[105.65916643,34.30943369],[105.65888843,34.30993168],[105.65782443,34.30995068],[105.65721043,34.31006768],[105.65703743,34.31036468],[105.65635943,34.31108967],[105.65560143,34.31084167],[105.65514543,34.31088867],[105.65301543,34.31071567],[105.65181243,34.31094767],[105.65127143,34.31132867],[105.65047343,34.31235865],[105.65044743,34.31264365],[105.65070243,34.31378663],[105.65061843,34.31403463],[105.65007643,34.31426363],[105.64937443,34.31442862],[105.64860743,34.31434562],[105.64785243,34.31454962],[105.64694643,34.31457062],[105.64604343,34.31443862],[105.64529343,34.31420763],[105.64301543,34.31386263],[105.64238343000001,34.31481962],[105.64240343,34.31505561],[105.64260643,34.31552861],[105.64262343,34.3157966],[105.64242043000002,34.3162516],[105.64230043,34.31639560000001],[105.64192943,34.31651959],[105.64146243000002,34.31683759],[105.64104543,34.31728558],[105.64100443,34.31743658],[105.64111643,34.31755358],[105.64106943,34.31777758],[105.64092643,34.31795358],[105.64072443,34.31795558],[105.64055043,34.31825457],[105.64060943,34.31853457],[105.64056843,34.31879556],[105.64036243,34.31916256],[105.64052343,34.31958955],[105.64065943,34.32083854],[105.64059143,34.32116753],[105.64017543,34.32179152],[105.64036443,34.32221552],[105.64039443,34.32246251],[105.64025343,34.3235245],[105.64030243,34.32402049],[105.64049143,34.32454349],[105.64070543,34.32580547],[105.64055943000001,34.32626346],[105.64006243,34.32725045],[105.63995043,34.32838043],[105.64001443,34.32878843],[105.64044243,34.32960142],[105.64052943,34.33011941],[105.64048443,34.33045241],[105.63910643,34.33234038],[105.63922743,34.33259038],[105.64010343,34.33309937],[105.64014543,34.33318537],[105.63998343,34.33341937],[105.63963543,34.33359836],[105.63937143,34.33388836],[105.63936543,34.334019360000006],[105.64006843,34.33392936],[105.64036143,34.33395936],[105.64063143,34.33412336],[105.64090043,34.33456635],[105.64092343,34.33512134],[105.63983943,34.33526334],[105.63902143,34.33528034],[105.63802443,34.33515734],[105.63764943,34.33572333],[105.63764943,34.33595233],[105.63784543,34.33646832],[105.63780943,34.33747031],[105.63808743,34.33895329],[105.63805843,34.33968828],[105.63815643,34.34006528],[105.63804443,34.34075727],[105.63804743000001,34.34142726],[105.63850143,34.34260224],[105.63872843,34.34286224],[105.63866943,34.34332223],[105.63852043000001,34.34390122],[105.63854143,34.34397222],[105.63877743,34.34401822],[105.63886243000002,34.34436722],[105.63868743,34.34462021],[105.63869543,34.34484021],[105.63893043,34.3453082],[105.63929743,34.3455642],[105.63943443,34.3458462],[105.63905243,34.34739818],[105.63943543,34.34816817],[105.63956743,34.34865616],[105.63949243,34.34886916],[105.63950743,34.34911315],[105.63979143,34.34959815],[105.63992343,34.34998614],[105.63991743,34.35013614],[105.63946643,34.35101413],[105.63987043,34.351384120000006],[105.64009243,34.35209911],[105.64002343,34.35247711],[105.64014543,34.3526581],[105.63980443,34.3528251],[105.63896643,34.3529301],[105.63743043,34.35364109],[105.63556143,34.35469308],[105.63366243,34.35533107],[105.63231943,34.35549107],[105.63149243,34.35549607],[105.63099543,34.35539207],[105.62976843000001,34.35491507],[105.62952143,34.35510407],[105.62951043000001,34.35536407],[105.62962343,34.35566106],[105.62998243,34.35604606],[105.63000743,34.35617206],[105.63001543,34.35618206],[105.63000143,34.35629206],[105.62940343,34.35666805],[105.62903543000002,34.35706704],[105.62901843,34.35870002],[105.62893143,34.35910602],[105.62813443,34.35959001],[105.62759443,34.35968401],[105.62711243,34.35994301],[105.62689343,34.360257],[105.62673743,34.36067200000001],[105.62669043,34.36118599],[105.62656543,34.36175898],[105.62639743,34.36214098000001],[105.62628243,34.36289597],[105.62633443,34.36310296],[105.62678043,34.36385595],[105.62790943,34.36512793],[105.62827743,34.36604592],[105.62852043,34.36628592],[105.62871243,34.36667491000001],[105.62952543,34.36687791],[105.63021643,34.36685891],[105.63103643,34.36673091],[105.63135843,34.36692791],[105.63147043,34.36722691],[105.63140343,34.3675669],[105.63099643,34.3679989],[105.63108043,34.36863789],[105.63083543,34.36930188],[105.62939343,34.37059186],[105.62924543,34.37083286],[105.62921843,34.37123885],[105.62852343,34.37215384],[105.62850643,34.37248583],[105.62863943,34.37282483],[105.62868343,34.37332982],[105.62852543,34.37365382],[105.62803343,34.37402081],[105.62764943,34.3747598],[105.62696143000001,34.3754258],[105.62653743,34.37616379],[105.62649843,34.37636278],[105.62591543,34.37719477],[105.62512943000002,34.37807676],[105.62505843,34.37858275],[105.62483143,34.37875775],[105.62415043,34.378859750000004],[105.62293943,34.37885675],[105.62246943,34.37892375],[105.62158143,34.379201740000006],[105.62100143,34.37915374],[105.62141843,34.38071872],[105.62193443,34.381491710000006],[105.62242943,34.3825097],[105.62332343,34.38293269],[105.62370843000001,34.38320069],[105.62593343,34.38525966],[105.62618243,34.38533266],[105.62660043,34.38561666],[105.62714843,34.38578465],[105.62783843,34.38574966],[105.62788043,34.38599365],[105.62760243,34.38656664],[105.62688643,34.38699564],[105.62662543,34.38703064],[105.62631243,34.38718064],[105.62605843,34.38745963],[105.62599243,34.38767863],[105.62600043,34.38895961],[105.62615343,34.3896936],[105.62649743,34.39037159],[105.62671843,34.39045359],[105.62707643,34.39016959],[105.62749843,34.39031259],[105.62775343,34.39030059],[105.62824343,34.3899626],[105.62854043,34.3898406],[105.62906743,34.38896961],[105.62959843000002,34.38851262],[105.63014843,34.38828662],[105.63113343,34.38802962],[105.63191043,34.38739663],[105.63221343,34.38701364],[105.63260143,34.38676864],[105.63363343,34.38656264],[105.63507943,34.38597665],[105.63563543,34.38507066],[105.63586643,34.38489167],[105.63669343,34.38477367],[105.63799943,34.38478667],[105.63867543,34.38469767],[105.63899343,34.38429067],[105.63895543,34.38345769],[105.63900343,34.38333369],[105.63910443,34.38326769],[105.63952043,34.38325569],[105.63962743,34.38292769],[105.63974943,34.38290869],[105.64053943,34.38316469],[105.64149243,34.38326169],[105.64214643,34.38345269],[105.64265543,34.38383768],[105.64313643,34.38393268],[105.64442843,34.38380368],[105.64685243,34.38378368],[105.65021143,34.38289869],[105.65040643,34.3826117],[105.65008943000001,34.3823997],[105.65001743,34.38178771],[105.65012643,34.38100972],[105.65038443,34.38038873],[105.65043843,34.37968174],[105.65051443,34.37960574],[105.65079343,34.37957574],[105.65162143,34.37979474],[105.65309143,34.37993173],[105.65392543,34.37951874],[105.65424743000001,34.37916874],[105.65453543,34.37900375],[105.65487243,34.37918074],[105.65507843,34.37914474],[105.65506743,34.37880175],[105.65472343,34.37851575],[105.65463343,34.37800576],[105.65474343,34.37763777],[105.65519043,34.37761977],[105.65545343,34.37749277],[105.65569343,34.37679878],[105.65593743,34.37668478],[105.65651343,34.37621678],[105.65688243,34.37608979],[105.65723343,34.37569979],[105.65781843,34.3753478],[105.65838343,34.3747858],[105.65836543,34.37454781],[105.65871243000001,34.37403581],[105.65935443,34.37374182],[105.65976743,34.37343182],[105.65998643,34.37339582],[105.66047643,34.37357682],[105.66076443,34.37391482],[105.66090543,34.37340382],[105.66074943000001,34.37287583],[105.66078543,34.37236084],[105.66108643,34.37168185],[105.66139743,34.371342850000005],[105.66212443,34.37083986],[105.66239743000001,34.37046686],[105.66261243000001,34.37030487],[105.66313043000001,34.37009487],[105.66341443,34.37009087],[105.66481543000002,34.37052686],[105.66538643000001,34.37048286],[105.66576043,34.37057986],[105.66604843,34.37056586],[105.66596943,34.37009087],[105.66612543000001,34.36993787],[105.66651943,34.36972087],[105.66689743000002,34.36964787],[105.66737343,34.36926188],[105.66781043,34.36931788],[105.66924743,34.36928388],[105.67011443,34.36958087],[105.67187543,34.37058586],[105.67305543,34.37103385],[105.67343543,34.37106185],[105.67371543,34.37122885],[105.67397943,34.37179484],[105.67415643,34.37190184000001],[105.67456443000002,34.37224484],[105.67483943,34.37234384],[105.67526143,34.37243784],[105.67576043,34.37231384],[105.67624943,34.37233684],[105.67673843,34.37253583],[105.67730643,34.37301183],[105.67757643,34.37334382],[105.67773143000001,34.37374482],[105.67779343,34.37409081],[105.67740443,34.3753968],[105.67733643,34.37593479],[105.67627443,34.37730777],[105.67617943,34.37761377],[105.67664943,34.37877775],[105.67678343,34.37995273],[105.67725643000001,34.38006273],[105.67756943,34.38098872],[105.67775343,34.38131871],[105.67815543,34.38162471],[105.67880643,34.38180771],[105.67941343,34.38173271],[105.67975843000002,34.38176371],[105.68009643,34.3822207],[105.68053743,34.3822927],[105.68073243,34.3826107],[105.68156743,34.38286969],[105.68169043,34.38294369],[105.68183543,34.38318869],[105.68246743,34.38363868],[105.68394543,34.38425468],[105.68475943,34.38472267],[105.68492543,34.38486967],[105.68484043,34.38500366],[105.68487343,34.38513666],[105.68513543,34.38534066],[105.68515043,34.38562066],[105.68558243,34.38579865],[105.68603243,34.38571266],[105.68665143,34.38518066],[105.68675643,34.38483567],[105.68726643,34.38407968],[105.68767343,34.38363568],[105.68785843,34.38332469],[105.68816043,34.38306969],[105.68858943,34.38295569],[105.68997043,34.3822687],[105.69125743,34.38179071],[105.69206443,34.38150671],[105.69271843,34.38142271],[105.69437043,34.38126172],[105.69696843,34.38128072],[105.69836043,34.38092272],[105.69879943,34.38093072],[105.69889843,34.38096072],[105.69894843,34.38110372],[105.69900643000001,34.38173571],[105.69970943,34.38187671],[105.69983443,34.38196471],[105.70004143,34.3825887],[105.70082943,34.38429567],[105.70084243,34.38437667],[105.70033343,34.38511666],[105.70020443,34.38655064],[105.70025843,34.38677864],[105.70070043,34.38727263],[105.70070843,34.38766663],[105.69944343,34.3899956],[105.69940743,34.39031959],[105.69950643,34.39055759],[105.70004043000002,34.39099358],[105.70037243,34.39138158],[105.70073543,34.39261456],[105.70068443,34.39345055],[105.70125243,34.39409854],[105.70135343,34.39540052],[105.70256043,34.39574752000001],[105.70314943,34.39600252],[105.70366843,34.39672851],[105.70423543,34.3970675],[105.70557243,34.39768949],[105.70679043,34.39863048],[105.70838043,34.39891648],[105.70948043,34.39947147],[105.71082343000002,34.40034746],[105.71150443,34.40039946],[105.71189843,34.40052345],[105.71253843,34.40138444],[105.71297743,34.40232643],[105.71311343,34.40327042],[105.71385743000002,34.4042594],[105.71387343,34.4045554],[105.71417943,34.40405641],[105.71418243,34.40318842],[105.71435243,34.40294542],[105.71531943,34.40276542],[105.71558643,34.40277442],[105.71578943,34.40265943000001],[105.71647943,34.40273342],[105.71725443,34.40243643],[105.71798543,34.40255043],[105.71830143,34.40240543],[105.71733343000001,34.40151544],[105.71680643,34.40055245],[105.71695943,34.40021846],[105.71767743000001,34.39959047],[105.71773443,34.39946047],[105.71761043,34.39923347],[105.71729543,34.39911247],[105.71661043,34.39918347],[105.71543343,34.39907047],[105.71501043,34.39896448],[105.71470443,34.39880148],[105.71458843,34.39859648000001],[105.71445043,34.39785149],[105.71437143,34.39776749],[105.71421043,34.39770849],[105.71353743,34.39796949],[105.71309943,34.39796749],[105.71295843,34.39790949],[105.71285943,34.39764149],[105.71293043,34.39661151000001],[105.71304843,34.39629451],[105.71376243,34.39551852],[105.71493043,34.39500153],[105.71651143,34.39451554],[105.71686543,34.39370655],[105.71735943,34.39174957],[105.71734843,34.39061159],[105.71794043,34.38879761],[105.71846043,34.38646564],[105.71855243,34.38449567],[105.71888343000002,34.38347269],[105.72000543,34.38339869],[105.72034343,34.38300769],[105.72078043,34.3827147],[105.72131243,34.3826127],[105.72189443,34.3826507],[105.72222343,34.3823747],[105.72234043,34.3821827],[105.72242043,34.38117372],[105.72198443,34.38088472],[105.72184743,34.38070972],[105.72168643,34.38016173],[105.72172743,34.37994973],[105.72197643,34.37994773],[105.72203943,34.38011873],[105.72212243,34.38013573],[105.72334343,34.38006773],[105.72421843000001,34.38022173],[105.72469343000002,34.38019973],[105.72473843000002,34.37965574],[105.72500843,34.37933674],[105.72508143,34.37825376000001],[105.72725343,34.37837476],[105.72699043000001,34.37721477000001],[105.72685343000002,34.37713177],[105.72540643,34.37706477],[105.72381243,34.37717277],[105.72327843,34.37727777],[105.72295143,34.37725077],[105.72273743,34.37716977],[105.72199143,34.37657178],[105.71762643,34.37590079],[105.71769643,34.37546179],[105.71785443,34.3751958],[105.71835643,34.3748788],[105.71920443,34.37450181],[105.71976843,34.37351282],[105.71983043,34.37305683],[105.71958143,34.37218284],[105.71960043,34.37201284],[105.72002243,34.37164985],[105.72025143,34.37087786],[105.72021243,34.37040586],[105.71991143,34.36974387],[105.72001743000001,34.36922288000001],[105.72040243,34.36867389],[105.72046643,34.36847389],[105.72036643,34.3680559],[105.71982143,34.3675199],[105.71985143,34.3673669],[105.72026343,34.36670591],[105.72048543,34.36532393],[105.72009643,34.36499894],[105.71946443,34.36485194],[105.71899543,34.36493394],[105.71865643,34.36512993],[105.71784843,34.36603292],[105.71768543,34.36616692],[105.71762843000002,34.36612492],[105.71734143,34.36569993],[105.71715543,34.36509094],[105.71715643,34.36461394],[105.71695843,34.36426795],[105.71619143,34.36359496],[105.71591843,34.36343896],[105.71585743000001,34.36331096],[105.71594443,34.36300396],[105.71576743000001,34.36276997],[105.71546143,34.36205798],[105.71549743,34.36109199],[105.71526043,34.36080999],[105.71521743,34.360294],[105.71505343,34.35979701],[105.71463143,34.35908102],[105.71486943,34.35867402],[105.71483543,34.35838003],[105.71467743,34.35804603],[105.71494543,34.35649405],[105.71480543,34.35583006],[105.71483243,34.35549707],[105.71459943,34.35450708],[105.71456643,34.35364909],[105.71443643,34.3531361],[105.71417443,34.3528591],[105.71378243,34.3526621],[105.71339643,34.35200911],[105.71263643,34.35011814],[105.71167743,34.34679518],[105.71166543,34.34484721],[105.71157243,34.34392422],[105.71100843,34.34252524],[105.71246743,34.34207025],[105.71464943000001,34.34165525],[105.71576543000002,34.34123626],[105.71614443,34.34101026],[105.71665743,34.34010527],[105.71717243,34.33978028],[105.71722143,34.33964728],[105.71760843,34.33926429],[105.71808943,34.33940328],[105.71890043,34.33929929],[105.71971043,34.33933629],[105.71980843,34.33912029],[105.71978643,34.33897829],[105.71947343,34.3384843],[105.71935043,34.3381193],[105.71948643,34.33781231],[105.71964643,34.33772131],[105.72199843,34.33754331],[105.72419543,34.33709332],[105.72539243,34.33677232],[105.72623343,34.33607833],[105.72490643000002,34.33443735],[105.72394743,34.33223738],[105.72345243,34.3305154],[105.72325043,34.33040041],[105.72313143,34.33041841],[105.72238443,34.32969342],[105.72228343,34.32944442],[105.72250143,34.32924442],[105.72360043,34.32908942],[105.72360043,34.32902343],[105.72413843,34.32885543],[105.72415843,34.32877243],[105.72399443,34.32847443],[105.72403543,34.32839143],[105.72465143,34.32809044],[105.72494843,34.32762444000001],[105.72534543,34.32729045],[105.72604243,34.32698945],[105.72624143,34.32682246],[105.72680043,34.32667046],[105.72731843,34.32641946],[105.72785843000001,34.32646646],[105.72839543,34.32616446],[105.72866243,34.32460549],[105.72924943,34.32316051],[105.72918543,34.32259651],[105.72843643,34.321622530000006],[105.72839443,34.32129153],[105.72822943,34.32089454],[105.72828743,34.32062854],[105.72864243000001,34.32006455],[105.72967143,34.31874957],[105.73012143,34.31869557],[105.73139343,34.31900556],[105.73167443,34.31913556],[105.73221343,34.31909956],[105.73250943,34.31851857],[105.73246743,34.31835357],[105.73214543000002,34.31794058],[105.73215943,34.31783658],[105.73229343,34.31767458],[105.73256243,34.31758958],[105.73264143,34.31748158],[105.73252643,34.31688159],[105.73259643,34.31678559],[105.73274043,34.31676859],[105.73327243,34.31691559],[105.73342643,34.31688559],[105.73344043,34.31681059],[105.73317743,34.3164796],[105.73301243,34.3159636],[105.73325543,34.3158626],[105.73350343,34.3160226],[105.73384243,34.3160586],[105.73422743,34.3158326],[105.73422443,34.31538461],[105.73410643,34.31517361],[105.73410243000001,34.31472662],[105.73398043,34.31440362],[105.73399843,34.31426663],[105.73437743,34.31403263],[105.73530543,34.31396963],[105.73531943,34.31385263],[105.73372443,34.31363763],[105.73299943,34.31306664],[105.73294143,34.31268465],[105.73330243,34.31235565],[105.73404143,34.31223165],[105.73411143,34.31211165],[105.73404843,34.31183866],[105.73415743,34.31174666],[105.73461843000001,34.31187666],[105.73541443,34.31192966],[105.73526243,34.31133367],[105.73527843,34.31077067],[105.73561543000001,34.31031268],[105.73590243,34.3089567],[105.73622443,34.30836671],[105.73690343,34.30832571],[105.73713943,34.3084447],[105.73723643,34.3086967],[105.73770643,34.3087187],[105.73821643,34.30821471],[105.73863143,34.30800971],[105.73885543,34.30743172],[105.73902943,34.30728172],[105.73987243,34.30761672],[105.74140343,34.30798771],[105.74197243,34.30801871],[105.74191143,34.30661473],[105.74098543000001,34.30378977],[105.74057743,34.30302878],[105.73978043,34.30233579],[105.73953443,34.30208979],[105.73948343,34.30194579],[105.73951743,34.3017588],[105.73966043,34.3015838],[105.74134943,34.30069981],[105.74149843,34.30042081],[105.74203343,34.29999582],[105.74255543,34.29899883],[105.74269243,34.29885283],[105.74296643,34.29866884],[105.74362343,34.29848284],[105.74422943,34.29801585],[105.74438943,34.29777785],[105.74441743,34.29746785],[105.74458643,34.29731686],[105.74463143,34.29686486],[105.74474043,34.29664886],[105.74535243,34.29592087],[105.74511343,34.29584288],[105.74471543,34.29565788],[105.74410143000001,34.29522288],[105.74391143,34.29523888],[105.74346143,34.29493189],[105.74317743,34.29477389],[105.74281943,34.29450889],[105.74269143,34.29445889],[105.74225543,34.29442089],[105.74151943,34.29447089],[105.74119843000001,34.29440589000001],[105.74108243,34.2943499],[105.74090543,34.2942059],[105.74083743,34.2941009],[105.74041743,34.2936589],[105.73946743,34.29282292],[105.73889943000002,34.29249792],[105.73880943,34.29241192],[105.73842443,34.29217093],[105.73801643,34.29186793],[105.73783543,34.29169593],[105.73869843,34.28977196],[105.73867643,34.28956096],[105.73857243,34.28945496],[105.73795643,34.28934796],[105.73727443,34.28930396],[105.73696743,34.28921296],[105.73670943,34.28905697],[105.73655143,34.28898997],[105.73619243,34.28831598000001],[105.73607943,34.28823998],[105.73589943,34.28820098],[105.73556243,34.28798998],[105.73534643,34.28782398],[105.73524543,34.287669990000005],[105.73515743,34.28763399],[105.73509843,34.28726199],[105.73484043,34.286647],[105.73477843,34.286594],[105.73476143,34.28642],[105.73481943,34.28599801],[105.73475943,34.28550102],[105.73479043,34.28539402],[105.73454343,34.28474203],[105.73428643,34.28450503],[105.73424643,34.28443703],[105.73423443,34.28421503],[105.73406843,34.28381004],[105.73374143,34.28321005],[105.73366843000001,34.28297905],[105.73353843,34.28220106],[105.73341643,34.28125907],[105.73351043,34.28073308],[105.73346143,34.280283090000005],[105.73330743,34.2793891],[105.73307343,34.2790801],[105.73283043,34.27883711],[105.73268343,34.27859611],[105.73269543,34.27825811],[105.73305143,34.27784012],[105.73346243,34.27770912],[105.73363143,34.27747312],[105.73379543,34.27713913],[105.73401543,34.27657514],[105.73419443,34.27623414],[105.73451243,34.27576415],[105.73471343,34.27556715],[105.73488243,34.27549315],[105.73507143,34.27535015],[105.73522643000001,34.27518516000001],[105.73554843,34.27498416],[105.73563643,34.27489216],[105.73600543,34.27483116],[105.73635943,34.27474016],[105.73684843,34.27453116],[105.73715143,34.27447517],[105.73738643000002,34.27445817],[105.73755243,34.27446817],[105.73790843,34.27459016],[105.73857443,34.27477216],[105.73882143,34.27489516],[105.73881643,34.27480916],[105.73862243,34.27423917],[105.73861543,34.274193170000004],[105.73868043,34.27409517],[105.73868743,34.27402217],[105.73863743,34.27390417],[105.73831843,34.27347118],[105.73811043,34.27326018],[105.73798043,34.27296519],[105.73789943,34.27283519],[105.73787043,34.27266919],[105.73797143,34.2718952],[105.73754343,34.27086721],[105.73752143,34.27066322],[105.73741043,34.27020622],[105.73741443,34.27012022],[105.73721943,34.26960023],[105.73720543,34.26944023],[105.73720743,34.26935223],[105.73730543,34.26909224],[105.73741443,34.26890024],[105.73798743,34.26760326],[105.73814443,34.26699827],[105.73872043,34.26542029000001],[105.73860843,34.26533829],[105.73840343,34.26511029],[105.73825243000002,34.2648793],[105.73822343,34.2647823],[105.73814443,34.2647203],[105.73801343,34.2646773],[105.73797743,34.2646253],[105.73770143,34.2644703],[105.73758743,34.2644533],[105.73746543,34.2643943],[105.73729043,34.2642003],[105.73705543,34.2641263],[105.73621443,34.26376331],[105.73599843,34.26368331],[105.73509543,34.26368831],[105.73449543,34.26329732],[105.73430643,34.26342731],[105.73426443,34.26361531],[105.73402143,34.26373031],[105.73319543,34.26341831],[105.73238643,34.26366231],[105.73227543,34.26362231],[105.73211143,34.26320032],[105.73174243,34.26290132],[105.73094343,34.26271732],[105.72959843,34.26278732],[105.72940043,34.26291732],[105.72931743,34.26308332],[105.72853843,34.26339132],[105.72837543,34.26339631],[105.72667143,34.26270632],[105.72637543,34.26277732],[105.72611543,34.26303232],[105.72618143,34.26388831],[105.72595743,34.2642723],[105.72589343,34.26502329],[105.72539043,34.26636427],[105.72491643000001,34.26692927],[105.72443043,34.26710326],[105.72361943,34.26702327],[105.72347343,34.26724026],[105.72277743,34.26760126],[105.72193443,34.26828125],[105.72175743,34.26834525],[105.72146243,34.26858225],[105.72132243,34.26883224000001],[105.72090843,34.26916524],[105.72003443,34.26904124],[105.71856643,34.26865824],[105.71715743000001,34.26880224],[105.71665243,34.26878524]]]},"properties":{"gml_id":"layer_township_pg.33068","Name":"平南镇","layer":"乡镇","code":"620502107000","grade":4,"2015_POP":30800,"2020_POP":31200,"2023_POP":31500,"area_km2":95.46,"2015_GDP":4.7943,"2020_GDP":7.161144,"2023_GDP":8.7533}},{"type":"Feature","geometry":{"bbox":[105.52374443,34.24303659,105.67040843000001,34.35617206],"type":"Polygon","coordinates":[[[105.64254443,34.27819411],[105.64261943,34.27780212],[105.64293143,34.27794012],[105.64313943,34.27793212],[105.64380043,34.27730013000001],[105.64439143,34.27648014],[105.64462643,34.27595914],[105.64473843,34.27543015],[105.64453543,34.272854190000004],[105.64430043,34.27265419],[105.64416143,34.2722622],[105.64333843,34.2717542],[105.64283043,34.27119621],[105.64319443,34.27039722],[105.64383843,34.26959023],[105.64364643,34.26918124],[105.64405743,34.26816625],[105.64389843000001,34.26803125],[105.64356843,34.26796425],[105.64252643,34.26752926],[105.64196943,34.26755626],[105.64229843,34.26701327],[105.64232143,34.26674727],[105.64207243000001,34.26632628],[105.64135543,34.26556429],[105.64114543,34.26502229],[105.64122043,34.26488729],[105.64132343,34.2648553],[105.64198243,34.26504029],[105.64214343,34.26500929],[105.64281043,34.2641423],[105.64293843000002,34.26365731],[105.64250743,34.26248433000001],[105.64257143,34.26203833],[105.64273843,34.26188034],[105.64302643000002,34.261838340000004],[105.64321643,34.26158134],[105.64355943,34.26142634],[105.64378743,34.26113035],[105.64412343,34.26114135],[105.64472343,34.26135234],[105.64497543000002,34.26131434],[105.64516343,34.26120934],[105.64547243,34.26067535],[105.64576743,34.25956937],[105.64574143,34.25830338],[105.64533243,34.25757139],[105.64493543,34.2572644],[105.64451243,34.2570484],[105.64336643,34.2567784],[105.64252443,34.25669541],[105.64167543,34.25671041],[105.64153143,34.25594342],[105.64129543,34.25562542],[105.64042143,34.25491443],[105.63918443,34.25415244],[105.63799343,34.25403444],[105.63732543,34.25379245],[105.63656643,34.25339645],[105.63622043,34.25311645],[105.63630143,34.25257746],[105.63622743,34.25253446],[105.63597043,34.25245346],[105.63517143,34.25253246],[105.63439743000002,34.25224247],[105.63372643,34.25185647000001],[105.63367743,34.25173647],[105.63399843,34.25163847000001],[105.63512043,34.25148248],[105.63594843,34.25151048],[105.63633443,34.25137848],[105.63703243,34.25062949],[105.63681743,34.2500735],[105.63634143,34.2497105],[105.63627843,34.2495875],[105.63631343000002,34.2494615],[105.63767243,34.24892551],[105.63856843,34.24828352],[105.63869543,34.24824352],[105.63929943,34.24833652],[105.63947643000002,34.24879651],[105.63977543000001,34.24896351],[105.64050243,34.24874451000001],[105.64071043,34.24843352],[105.64069643,34.24787853],[105.64054143,34.24734153],[105.64062143,34.24719953],[105.64063643,34.24681054],[105.64046143,34.24626355],[105.64026143,34.24615655],[105.63981143,34.24607955],[105.63899743000002,34.24616955],[105.63840843,34.24634955],[105.63774043,34.24643954],[105.63726543000001,34.24642154],[105.63624743,34.24618455],[105.63448843,34.24543656],[105.63389243,34.24463057],[105.63361243,34.24389058],[105.63282343,34.24305659],[105.63274743,34.24303659],[105.63241543000001,34.24338459],[105.63224943,34.24384258],[105.63212843,34.24396258],[105.63178143,34.24363258],[105.63113543,34.24328259],[105.63022943,34.24314959],[105.62971543,34.24325959],[105.62942243000002,34.24348058],[105.62884943,34.24371858],[105.62860243,34.24394758],[105.62832243,34.24452457],[105.62815643,34.24513856],[105.62807043,34.24516356],[105.62763343,34.24475457],[105.62657043,34.24412458],[105.62600443,34.24391658],[105.62515843,34.24438757],[105.62499043,34.24452557],[105.62477843,34.24487857],[105.62443443,34.24499156],[105.62402643,34.24536256],[105.62363243,34.24689654],[105.62266743,34.24874751],[105.62263843,34.24897651],[105.62277143,34.24932351],[105.62331643,34.2500175],[105.62362943,34.25085748],[105.62362643,34.25114148],[105.62369943,34.25160348],[105.62390643,34.25193847],[105.62419343,34.25215647],[105.62469543000002,34.25235446],[105.62527943,34.25238446],[105.62591843,34.25263446],[105.62626043,34.25288646],[105.62665143,34.25438544],[105.62669043,34.25493543],[105.62660943000002,34.25554042],[105.62643743000001,34.25599642],[105.62607743,34.25650441],[105.62516543,34.2569634],[105.62479943,34.25748339],[105.62463843,34.25784439],[105.62395143,34.25776239],[105.62365643,34.25781739],[105.62357443,34.25805839],[105.62361443000002,34.25861738],[105.62336043,34.25870338],[105.62184743,34.2574234],[105.62154143,34.2572674],[105.62125243,34.2572404],[105.62095443,34.2573414],[105.62077743,34.2572884],[105.62050143,34.2573444],[105.62017243,34.25755339],[105.61953443,34.25768039],[105.61769243,34.25832838],[105.61747743,34.25816539],[105.61733543000001,34.2572674],[105.61704643,34.2571014],[105.61680943,34.25636241],[105.61652143,34.25612541],[105.61612943,34.25608941000001],[105.61593743,34.25618341],[105.61592043,34.25662741],[105.61568043,34.2568214],[105.61580843,34.2570024],[105.61566543,34.2572374],[105.61588043,34.25799139000001],[105.61586243,34.25825638],[105.61573443,34.25836338],[105.61572443,34.25872438],[105.61530143,34.258597380000005],[105.61520243,34.25866338],[105.61522343,34.25880438],[105.61478943,34.25836838],[105.61372143,34.25833938],[105.61336043,34.25819239],[105.61283043,34.25814439],[105.61270943,34.25802039],[105.61266443,34.25779739],[105.61248343000001,34.25772339],[105.61214943,34.2571454],[105.61201943,34.2570544],[105.61159843,34.2569894],[105.61071143,34.2571514],[105.61073243,34.2573754],[105.61092343000001,34.25763039],[105.61095543,34.25789639],[105.61084643,34.25797139],[105.61070643,34.25792239],[105.61014043,34.2571374],[105.61012843,34.25675541],[105.60949043,34.2567344],[105.60874543,34.2569194],[105.60860443,34.2568874],[105.60851443,34.2568294],[105.60833243,34.25629941],[105.60820143,34.25620941],[105.60771243,34.25633541],[105.60746343000001,34.25652741],[105.60717543,34.25662841],[105.60684943,34.25571742],[105.60674843,34.25569442],[105.60642043,34.25596842],[105.60599943,34.25567242],[105.60587843,34.25550742],[105.60585743,34.25530042],[105.60596643,34.25513343],[105.60619543,34.25509143],[105.60634443,34.25495743],[105.60619343,34.25471943],[105.60466943,34.25402944],[105.60456843,34.25389744],[105.60468743000001,34.25373945],[105.60465743,34.25367345],[105.60363843,34.25334645],[105.60315943,34.25334045],[105.60185143,34.25360345],[105.60181343,34.25366145],[105.60187343,34.25380244],[105.60286743,34.25454444],[105.60315043,34.25488243],[105.60323143,34.25505643],[105.60318243,34.25523843],[105.60294343,34.25536442],[105.60242443,34.25542442],[105.60213543,34.25551742],[105.60180743,34.25573442],[105.60135843,34.25582742],[105.60087843,34.25570542],[105.60062643,34.25547442],[105.60004043,34.25550142],[105.59942643,34.25632541],[105.59934943,34.25655841],[105.59910943,34.25667541],[105.59855543,34.25590642],[105.59876243,34.25559042],[105.59952843000002,34.25513143],[105.59956743,34.25496543],[105.59946543,34.25484943],[105.59898743,34.254926430000005],[105.59876943,34.25508543],[105.59807143,34.25532042],[105.59786443,34.25560342],[105.59759543,34.25571242],[105.59697743000001,34.25583942],[105.59575743000002,34.25556342],[105.59457043,34.255660420000005],[105.59273143,34.2573774],[105.59212743,34.25810239],[105.59183943,34.25826938],[105.59136143,34.25837938000001],[105.59101343,34.25862938],[105.59071743,34.25902837],[105.58989043,34.25940637],[105.58942443,34.25982736],[105.58917443,34.26016036],[105.58926443,34.26049435000001],[105.58910143,34.26102635],[105.58907443,34.26141634],[105.58909143000001,34.26173834],[105.58923343,34.26206933],[105.58953043,34.26238633],[105.59071643,34.26283632],[105.59093743,34.26303032],[105.59101043,34.26340732],[105.59094543,34.26348631],[105.59024943,34.26305432],[105.58897343,34.26263033],[105.58788943,34.26258233],[105.58644543,34.26231133],[105.58590643,34.26229133],[105.58454043,34.26193333],[105.58376243000001,34.26193333],[105.58326343,34.26204733],[105.58239143,34.26209833],[105.58222243,34.26226033],[105.58219443,34.26256733],[105.58284943000001,34.26277932],[105.58314143,34.26302332],[105.58335543,34.26374431],[105.58336443,34.2642763],[105.58309143,34.26530429],[105.58268843,34.26541929],[105.58224143,34.26566228],[105.58197543,34.26616428],[105.58199843,34.26654627],[105.58214843,34.26663227],[105.58243743,34.26662627],[105.58288143,34.26645027],[105.58352043,34.26661727],[105.58387643,34.26685927],[105.58376043000001,34.26696327],[105.58333243,34.26709027],[105.58307543,34.26728226],[105.58285443,34.26759426],[105.58274243,34.26797625],[105.58281243,34.26820825],[105.58307143,34.26836025],[105.58330143,34.26837025],[105.58292743,34.26880424],[105.58291343,34.26891524],[105.58302743,34.26905224],[105.58300343,34.26918424],[105.58283043,34.26922724],[105.58263043,34.26907824],[105.58231543,34.26908824],[105.58159043000002,34.26944923],[105.58147143000001,34.26968623],[105.58141543,34.27026322],[105.58093443,34.27067922],[105.58057543,34.27073922],[105.57987643,34.27065622],[105.57907143,34.27039122],[105.57842743000002,34.27004722],[105.57668643,34.26994023],[105.57572143,34.26979723],[105.57539843,34.27010522],[105.57503843,34.27006622],[105.57513043,34.27028122],[105.57506043,34.27044722],[105.57554143,34.27060222],[105.57601243,34.27089721],[105.57613443000001,34.27127821],[105.57622343,34.2719662],[105.57629243,34.2720242],[105.57650243,34.2719632],[105.57726743,34.2716272],[105.57767643,34.2717502],[105.57782743000001,34.2718402],[105.57762843,34.2720482],[105.57735243,34.27253919],[105.57746343,34.27258919],[105.57890943,34.27246419],[105.57909943,34.27262019],[105.57914343,34.27314118],[105.57746943,34.27456016],[105.57702443,34.27513416],[105.57689643,34.27541715],[105.57648643,34.27528715],[105.57580743,34.27524015],[105.57572743,34.27517516],[105.57594543,34.27470116],[105.57581443,34.27458616],[105.57509643000002,34.27443317],[105.57458543,34.27422917],[105.57450643,34.27430417],[105.57451843,34.27458516],[105.57416243,34.27507616],[105.57381443,34.27526815000001],[105.57372543,34.27526115],[105.57370343,34.27514516],[105.57358543000001,34.27514516],[105.57326743,34.27538815],[105.57287843,34.27547415],[105.57288943,34.27563015],[105.57343043,34.27586815],[105.57297343,34.27619314],[105.57232143,34.27700913],[105.57227543000002,34.27765612],[105.57205943,34.27822911],[105.57153443,34.2791441],[105.57049043,34.2791581],[105.56815943,34.2794251],[105.56772543,34.2793611],[105.56672843,34.2794581],[105.56493343,34.27996209],[105.56445743,34.28019409000001],[105.56300743000001,34.28112607],[105.56278343,34.28112007],[105.56252243,34.28090608],[105.56221843,34.28040108],[105.56177843,34.28021409],[105.56098443,34.28002909],[105.56059543,34.27980809],[105.56031343,34.2794991],[105.56016743,34.2791101],[105.55977943,34.27854811],[105.55951943,34.27826911],[105.55922343,34.27812112000001],[105.55832443,34.27832211],[105.55766843,34.27867411],[105.55722643,34.27874711],[105.55698743,34.27866111],[105.55670343,34.27870511],[105.55505743,34.2792131],[105.55473043000002,34.2794351],[105.55385143,34.28050108],[105.55343443000001,34.28069008],[105.55252343000001,34.28090408],[105.55225743,34.28108308],[105.55184143,34.28164907],[105.55136643,34.28132107],[105.55081443,34.28070308],[105.55015043,34.27963409],[105.54981643,34.2795781],[105.54933943,34.27969709],[105.54919943,34.27966109],[105.54834843,34.27865111],[105.54819743,34.27840711],[105.54815243,34.27765812],[105.54825443,34.27717213],[105.54854743,34.27699313],[105.54866443000002,34.27681713],[105.54865443,34.27664814],[105.54786543,34.27582915],[105.54697643,34.27632014],[105.54663743,34.27663614],[105.54626543,34.27685013],[105.54502543,34.27727313],[105.54261843,34.27767912],[105.54116643,34.27784512],[105.54052143,34.27809112],[105.53890443,34.2790591],[105.53730243,34.2792311],[105.53756643,34.2791461],[105.53800243000002,34.27880411],[105.53789043,34.27853211],[105.53795743,34.27801312],[105.53777843,34.27708113],[105.53791343,34.27661314],[105.53850843,34.27604014],[105.53862543,34.27557615],[105.53842443,34.27530815],[105.53737443,34.27479216],[105.53656543,34.27459916],[105.53563943,34.27451116],[105.53555943,34.27451916],[105.53520343,34.27489216],[105.53498943,34.27474316],[105.53453743,34.27501116],[105.53409443,34.27484516],[105.53342043,34.27544615],[105.53326643,34.275444150000006],[105.53314543,34.27524915],[105.53248443,34.27557715],[105.53165943,34.27473516],[105.53119543,34.27481616],[105.53079543,34.27472116],[105.53052043,34.27449916],[105.53005743,34.27384417],[105.52977143,34.27370218],[105.52927043,34.27383217],[105.52883643,34.27447316],[105.52840143,34.27493116],[105.52465543,34.27728713],[105.52441743,34.27765412],[105.52415943,34.27834811],[105.52379043,34.27867711],[105.52374443,34.27879211],[105.52412343,34.2792251],[105.52429443,34.2796081],[105.52439243,34.28027009],[105.52433343,34.28107608],[105.52428043,34.28175707],[105.52438243,34.28221806],[105.52488943,34.28346204],[105.52555643,34.28437603],[105.52555843,34.28517602],[105.52568543,34.285897010000006],[105.52595943,34.286359],[105.52660443,34.28705599],[105.52759243,34.28803598],[105.52849043,34.28864697],[105.52917943,34.28891797],[105.52979643,34.28898197],[105.53091843,34.28925796],[105.53341943,34.29038595],[105.53364843,34.29057395],[105.53405743,34.29103694],[105.53483143,34.29234192],[105.53505243,34.29259492],[105.53553443,34.29284592],[105.53621243,34.29285892],[105.53678043,34.29276492],[105.53715143,34.29261592],[105.53789143,34.29201193],[105.53824143,34.29193493],[105.53878743,34.29195093],[105.53940143,34.29207293000001],[105.54149643,34.29273892],[105.54253543,34.29294591],[105.54323743,34.29317691],[105.54385243,34.29348191],[105.54422643,34.2938239],[105.54467043,34.29482189],[105.54531943,34.29729486],[105.54592143,34.29887383],[105.54708743,34.30057281],[105.54738543,34.30091081],[105.55091943,34.30348177],[105.55239543,34.30489275],[105.55377443000002,34.30636273],[105.55440343,34.30722872],[105.55449343,34.30762672],[105.55410743,34.3090147],[105.55385043,34.30969069],[105.55332943,34.31044568],[105.55293943,34.31096967],[105.55263943,34.31206266],[105.55231443,34.31263065],[105.55064143,34.31464262],[105.54930643,34.31680459],[105.54736943,34.31934956],[105.54717143,34.31983655],[105.54695643,34.32016355],[105.54649743,34.32053154],[105.54604843,34.32077854],[105.54569143,34.32090054],[105.54531843,34.32084854],[105.54474843,34.32063354],[105.54147443,34.31869057],[105.53944043,34.31760458],[105.53925143,34.31799457],[105.53928843,34.31905156],[105.53877143,34.31925756],[105.53872743,34.31934956],[105.53876243,34.31942256],[105.53914143,34.31954055],[105.53936343,34.31987855],[105.53931843,34.31997455],[105.53903043,34.32001755],[105.53897143,34.32009655],[105.53922143,34.32029054],[105.53927243,34.32058054],[105.53945843,34.32073954],[105.53949943,34.32095953],[105.53923143,34.32259851],[105.53957443,34.3231725],[105.53911143,34.32419149],[105.53849043,34.32451849],[105.53826743,34.32475248],[105.53852643000002,34.32547147],[105.53823943,34.32583747],[105.53782443,34.32613846],[105.53728243,34.32633346],[105.53695443,34.32633546],[105.53458043,34.32577947],[105.53390143,34.32552747],[105.53394543,34.32528748],[105.53387943,34.32517548],[105.53338143,34.32505048],[105.53219643,34.32511248],[105.53168043,34.32544447],[105.53145543,34.32531648],[105.53052943,34.32440749],[105.53029343,34.32431349],[105.53020543,34.32434749],[105.52955943000002,34.32550747],[105.53011943,34.32584447],[105.53010143,34.32619246],[105.52998943,34.32651646],[105.52994543,34.32752345],[105.53006043,34.32837643],[105.52969243000001,34.32844943],[105.52967143,34.32855843],[105.52994343,34.32923942],[105.53068243,34.32937142],[105.53164743,34.32922042],[105.53241043,34.32927742],[105.53283343,34.32952542],[105.53333043,34.33014341],[105.53354543000002,34.33047941],[105.53409543,34.3308844],[105.53502843,34.33125539],[105.53517943,34.33141839],[105.53538243,34.33185539],[105.53572343,34.33198939],[105.53605743000001,34.33226538],[105.53611643,34.33258838],[105.53790243,34.33376336],[105.53820643,34.33386936],[105.53944543,34.33395636],[105.54022543,34.33411636],[105.54177343000002,34.33449235],[105.54209243,34.33468835],[105.54246443,34.334799350000004],[105.54363243,34.33496734],[105.54398343,34.33517734],[105.54516343,34.33550834],[105.54649743,34.33705832],[105.54693943,34.33707932],[105.54791343,34.33755131],[105.54904843,34.3379043],[105.54920043,34.3380503],[105.54921343,34.3381623],[105.54971443,34.3379143],[105.54989843,34.3379233],[105.55038243,34.338166300000005],[105.55104943,34.3382763],[105.55260743,34.3380593],[105.55310543,34.33784031],[105.55315443,34.33769931],[105.55307343,34.33756331],[105.55253643,34.33711932],[105.55237943,34.33670632],[105.55230543,34.33617233],[105.55244843,34.33574833],[105.55244043,34.33530134],[105.55251743,34.33499034],[105.55349543,34.33348537],[105.55402743,34.33333837],[105.55473943,34.33325537],[105.55560843,34.33324137],[105.55602243,34.33337537],[105.55704943,34.33217538],[105.55765543,34.3310194],[105.55780043,34.3310184],[105.55896743,34.33172539],[105.56013243,34.33228438],[105.56020743,34.33235938],[105.56024443,34.33270338],[105.56017543,34.33286037],[105.55982343,34.33306237],[105.55940643,34.33342537],[105.55919443,34.33372936],[105.55798343000001,34.33465235],[105.55795643,34.33497534],[105.55787643,34.33499634],[105.55745943,34.33455135],[105.55715043,34.33461635],[105.55626943,34.33548334],[105.55610243,34.33582733],[105.55572843,34.3380683],[105.55538743000001,34.33886229],[105.55537443,34.33928429],[105.55549643,34.33953228],[105.55566243,34.33968128],[105.55921143,34.34057027],[105.56018543,34.34068127],[105.56068843,34.34002328],[105.56096943,34.34017427],[105.56133043,34.34060227],[105.56257343000001,34.34082227],[105.56307043,34.34110126000001],[105.56337143,34.34143926],[105.56398143,34.34159225],[105.56479243,34.34194425],[105.56494243,34.34211725],[105.56493843,34.34300524],[105.56500043,34.34334423],[105.56527243,34.34364123],[105.56717243,34.34421822],[105.56777143,34.34418222],[105.56801043,34.34426222],[105.56809143,34.34440322],[105.56825143,34.34448522],[105.56862243,34.34502221],[105.56972243000001,34.34685418],[105.57094543,34.34763417],[105.57137843,34.34814617],[105.57156843,34.34818717],[105.57312143,34.34761417],[105.57348343,34.34754517],[105.57401343000001,34.34756717],[105.57425343,34.34766617],[105.57483543,34.34812617],[105.57505643,34.34845616],[105.57508743,34.34864716],[105.57551043,34.34930815],[105.57580243,34.34961315],[105.57580343,34.34972914],[105.57604543,34.35007514],[105.57681343,34.34998714],[105.57698343,34.35001114],[105.57733443,34.35022514],[105.57777443000002,34.35032214],[105.57818343,34.35031914],[105.57924743,34.34994014],[105.58227643,34.35123412],[105.58275643,34.35123912],[105.58470143,34.35089813],[105.58530943,34.35072013],[105.58708543,34.34996414],[105.58808243,34.34930515],[105.58831843,34.34868216],[105.58895343,34.34807317],[105.58961443,34.34690118],[105.59018843,34.34608619],[105.59070743,34.3456092],[105.59150943000002,34.34493521],[105.59222643,34.34470821],[105.59347343,34.34474321],[105.59432143,34.34444822],[105.59465043,34.34441422],[105.59544143,34.34455921],[105.59633343,34.34483721],[105.59706243,34.34488321],[105.59785043,34.344689210000006],[105.60007543,34.34436322],[105.60121243,34.34401722],[105.60145743,34.34403822000001],[105.60206843,34.34353223],[105.60343343,34.34307023],[105.60370343,34.34304524],[105.60469443,34.34328023],[105.60584543,34.34339023],[105.60705843,34.34332723],[105.60852543,34.34285624],[105.61033043,34.34308023],[105.61110043,34.34306123],[105.61241243,34.34315423],[105.61300343,34.34334923],[105.61346143,34.34440022],[105.61369043,34.3457012],[105.61383343,34.34601519],[105.61409443,34.34633719],[105.61434243,34.34645819],[105.61491543000001,34.34642519],[105.61519443,34.34628319],[105.61642943,34.3454902],[105.61708643,34.34486621],[105.61797243,34.34439822],[105.61794143000002,34.34414122],[105.61786043,34.34405822],[105.61788543,34.34344523],[105.61843943,34.342746240000004],[105.61908643,34.34234624],[105.61966243,34.34177225],[105.62000643,34.34102426],[105.62009643,34.34104026],[105.62066943,34.34169325],[105.62100443,34.34197325],[105.62145043,34.34274224],[105.62150243,34.34302424],[105.62135043,34.34367123],[105.62138543,34.3456602],[105.62148443,34.34688718],[105.62160743,34.34739918],[105.62257643,34.34838216],[105.62308243,34.34871116],[105.62337043,34.34962215],[105.62351143,34.349787140000004],[105.62420443,34.35019814],[105.62436843,34.35063813],[105.62440243,34.35120112],[105.62455643,34.35166412],[105.62476343,34.35200411],[105.62501543,34.35225111],[105.62647243000002,34.3530651],[105.62668743000002,34.35366909],[105.62686843,34.35387609],[105.62728043,34.35409808],[105.62734243000001,34.35466108],[105.62807343,34.35469208],[105.62851443,34.35478908],[105.62941343,34.35588006],[105.63000743,34.35617206],[105.62998243,34.35604606],[105.62962343,34.35566106],[105.62951043000001,34.35536407],[105.62952143,34.35510407],[105.62976843000001,34.35491507],[105.63099543,34.35539207],[105.63149243,34.35549607],[105.63231943,34.35549107],[105.63366243,34.35533107],[105.63556143,34.35469308],[105.63743043,34.35364109],[105.63896643,34.3529301],[105.63980443,34.3528251],[105.64014543,34.3526581],[105.64002343,34.35247711],[105.64009243,34.35209911],[105.63987043,34.351384120000006],[105.63946643,34.35101413],[105.63991743,34.35013614],[105.63992343,34.34998614],[105.63979143,34.34959815],[105.63950743,34.34911315],[105.63949243,34.34886916],[105.63956743,34.34865616],[105.63943543,34.34816817],[105.63905243,34.34739818],[105.63943443,34.3458462],[105.63929743,34.3455642],[105.63893043,34.3453082],[105.63869543,34.34484021],[105.63868743,34.34462021],[105.63886243000002,34.34436722],[105.63877743,34.34401822],[105.63854143,34.34397222],[105.63852043000001,34.34390122],[105.63866943,34.34332223],[105.63872843,34.34286224],[105.63850143,34.34260224],[105.63804743000001,34.34142726],[105.63804443,34.34075727],[105.63815643,34.34006528],[105.63805843,34.33968828],[105.63808743,34.33895329],[105.63780943,34.33747031],[105.63784543,34.33646832],[105.63764943,34.33595233],[105.63764943,34.33572333],[105.63802443,34.33515734],[105.63902143,34.33528034],[105.63983943,34.33526334],[105.64092343,34.33512134],[105.64090043,34.33456635],[105.64063143,34.33412336],[105.64036143,34.33395936],[105.64006843,34.33392936],[105.63936543,34.334019360000006],[105.63937143,34.33388836],[105.63963543,34.33359836],[105.63998343,34.33341937],[105.64014543,34.33318537],[105.64010343,34.33309937],[105.63922743,34.33259038],[105.63910643,34.33234038],[105.64048443,34.33045241],[105.64052943,34.33011941],[105.64044243,34.32960142],[105.64001443,34.32878843],[105.63995043,34.32838043],[105.64006243,34.32725045],[105.64055943000001,34.32626346],[105.64070543,34.32580547],[105.64049143,34.32454349],[105.64030243,34.32402049],[105.64025343,34.3235245],[105.64039443,34.32246251],[105.64036443,34.32221552],[105.64017543,34.32179152],[105.64059143,34.32116753],[105.64065943,34.32083854],[105.64052343,34.31958955],[105.64036243,34.31916256],[105.64056843,34.31879556],[105.64060943,34.31853457],[105.64055043,34.31825457],[105.64072443,34.31795558],[105.64092643,34.31795358],[105.64106943,34.31777758],[105.64111643,34.31755358],[105.64100443,34.31743658],[105.64104543,34.31728558],[105.64146243000002,34.31683759],[105.64192943,34.31651959],[105.64230043,34.31639560000001],[105.64242043000002,34.3162516],[105.64262343,34.3157966],[105.64260643,34.31552861],[105.64240343,34.31505561],[105.64238343000001,34.31481962],[105.64301543,34.31386263],[105.64529343,34.31420763],[105.64604343,34.31443862],[105.64694643,34.31457062],[105.64785243,34.31454962],[105.64860743,34.31434562],[105.64937443,34.31442862],[105.65007643,34.31426363],[105.65061843,34.31403463],[105.65070243,34.31378663],[105.65044743,34.31264365],[105.65047343,34.31235865],[105.65127143,34.31132867],[105.65181243,34.31094767],[105.65301543,34.31071567],[105.65514543,34.31088867],[105.65560143,34.31084167],[105.65635943,34.31108967],[105.65703743,34.31036468],[105.65721043,34.31006768],[105.65782443,34.30995068],[105.65888843,34.30993168],[105.65916643,34.30943369],[105.66002843,34.3090787],[105.66021143,34.3084757],[105.66004943000002,34.30758472],[105.66019843,34.30604574],[105.66064443,34.30528575],[105.66092543,34.30501375],[105.66145243,34.30468476],[105.66179143000001,34.30457876],[105.66265843,34.30466076],[105.66282043,34.30457176],[105.66290943,34.30437176],[105.66308543,34.30430176],[105.66383543,34.30445776],[105.66451643,34.30483975],[105.66457743,34.30482775],[105.66468643000002,34.30445676],[105.66479543,34.30435276],[105.66597443,34.30386977],[105.66622243,34.30378777],[105.66747343,34.30372977],[105.66791643,34.30352577],[105.66806143,34.30334077],[105.66818943,34.30251178],[105.66817243,34.30187979],[105.66794543,34.30010682000001],[105.66739743,34.29912583],[105.66714643,34.297517850000006],[105.66693443,34.297129860000005],[105.66667343,34.29687986],[105.66610943,34.29651887],[105.66600843,34.29635187],[105.66648043,34.29565088],[105.66771843,34.29444089],[105.66845143000002,34.29356591],[105.66975243,34.29178593],[105.66991943,34.29144193],[105.67040843000001,34.29125394],[105.67024543,34.29117794],[105.66947043,34.29122994],[105.66944143,34.29127694],[105.66953843000002,34.29132694],[105.66900143,34.29155493],[105.66786943,34.29188893],[105.66759043,34.29185593],[105.66733843,34.29160093],[105.66694243,34.29160193],[105.66626243,34.29119294],[105.66576343,34.29101194],[105.66486243000001,34.29119894],[105.66406243,34.29092094],[105.66320343,34.29086294],[105.66220143,34.29104294],[105.66147143,34.29130994],[105.66093043,34.29123394],[105.66071643,34.29113694],[105.66063643,34.29100394],[105.66048443,34.29063795],[105.66046643,34.29039495],[105.66072043,34.29026495],[105.66113843000001,34.29018195],[105.66132943,34.29004695],[105.66127343000001,34.28996096],[105.66088143,34.28989596],[105.66083543,34.28982196],[105.66095443,34.28965796],[105.66099443,34.28939296],[105.66086743,34.28908997],[105.66059643,34.28893597],[105.66023443,34.28894497],[105.66025543,34.28877197],[105.66136443,34.28798798],[105.66185743,34.28750999],[105.66251143,34.286607],[105.66259143,34.286331],[105.66273843,34.28613901],[105.66298543,34.28618301],[105.66318443,34.286312],[105.66328543,34.286287],[105.66396043,34.28584201],[105.66478843,34.28562501],[105.66616943,34.28504502],[105.66682343,34.28467503],[105.66726043,34.28432403],[105.66727943,34.28423703],[105.66720343,34.28421603],[105.66629043,34.28456503],[105.66598743,34.28460503],[105.66588543,34.28454903],[105.66529643000001,34.28405703],[105.66516643,34.28385104],[105.66518443,34.28365604],[105.66556343,34.28337904],[105.66736843,34.28379504],[105.66764643,34.28368904],[105.66795143,34.28341404],[105.66806043,34.28294505],[105.66799243,34.28253406],[105.66814243,34.28204006],[105.66836543,34.28188406],[105.66840943,34.28177107],[105.66834643,34.28170407000001],[105.66797443,34.28163707],[105.66761643,34.28127907],[105.66731443,34.28073208],[105.66733743,34.28023009],[105.66678743,34.27979009],[105.66676443000001,34.27969009],[105.66688943,34.2795591],[105.66727743,34.2794381],[105.66777043,34.2793641],[105.66842243,34.2794211],[105.66873843,34.27937210000001],[105.66920343,34.2792121],[105.66937443,34.2791051],[105.66943643,34.2789681],[105.66942243,34.27883711],[105.66900843,34.27835411],[105.66908743,34.27732113],[105.66897643,34.27690813],[105.66854343000001,34.27685713],[105.66825343,34.27697813],[105.66806843000002,34.27751812],[105.66777143,34.27770412],[105.66732443,34.27798112],[105.66682143,34.27814911],[105.66638543,34.27879811],[105.66593143,34.27883511],[105.66551043,34.2789741],[105.66505143,34.278944100000004],[105.66481043,34.27884411],[105.66460343,34.27840311],[105.66431743,34.27814512],[105.66371543,34.27802212],[105.66318243,34.27801912],[105.66284943,34.27803712],[105.66224043,34.27822011],[105.66181443,34.27857311],[105.66143843,34.2794981],[105.66128743,34.2795081],[105.66101343,34.27924410000001],[105.66092943,34.2792701],[105.66090543,34.2795931],[105.66107543,34.28062608],[105.66100143,34.28065008],[105.66005743000001,34.28014609],[105.65991143,34.27998009],[105.65953943000001,34.2791811],[105.65914943,34.27875011],[105.65844143,34.27822811],[105.65779443,34.27713913],[105.65719243,34.27706913],[105.65687043,34.27713613],[105.65644043,34.27729213],[105.65568243,34.27794712],[105.65540343,34.27870111],[105.65517743,34.27906810000001],[105.65438443000001,34.27986309],[105.65466243,34.28038008],[105.65462243,34.28066208],[105.65417643,34.28115407],[105.65341143,34.28166007],[105.65287043,34.28172907],[105.65209143,34.28164407],[105.65068743,34.28198206],[105.65054443,34.28195106],[105.65068743,34.28109908],[105.65071543,34.27984409],[105.65069043,34.2790911],[105.65058843,34.2789601],[105.64996643,34.27882011],[105.64874543,34.2790171],[105.64792043,34.279290100000004],[105.64722443,34.27972509],[105.64639443,34.28012609],[105.64597943,34.28023209],[105.64547143,34.28025709],[105.64488143,34.28019209],[105.64359343000001,34.279636100000005],[105.64300443,34.2791321],[105.64268743,34.27862911],[105.64254443,34.27819411]]]},"properties":{"gml_id":"layer_township_pg.33069","Name":"天水镇","layer":"乡镇","code":"620502108000","grade":4,"2015_POP":21500,"2020_POP":21799,"2023_POP":22000,"area_km2":91.52,"2015_GDP":4.38336,"2020_GDP":6.58496,"2023_GDP":8.2384}},{"type":"Feature","geometry":{"bbox":[105.69762243000001,34.12099724,106.01446543,34.39162758],"type":"Polygon","coordinates":[[[105.85720343,34.1536358],[105.85692143000001,34.15427279000001],[105.85665143,34.15461879000001],[105.85533143,34.15481678],[105.85441143,34.15509578],[105.85390043,34.15509978],[105.85326443,34.15503278],[105.85198743000001,34.15451379],[105.85167543,34.15446479],[105.84328543,34.15425579],[105.84010743000002,34.15436779],[105.83839043,34.15454979],[105.83807743,34.15440579],[105.83720743,34.1533848],[105.83702243,34.1532638],[105.83631843,34.15298981],[105.83488743,34.15320881],[105.83246343,34.1537918],[105.83178243,34.15431579],[105.83105143,34.15464479],[105.83073943,34.15466879],[105.83017743,34.154577790000005],[105.82978843,34.15426079],[105.82837743,34.15267281],[105.82787143,34.15194282],[105.82737143000001,34.15060684],[105.82715743,34.15026585],[105.82675443,34.14989385],[105.82615643,34.14975585],[105.82546943000001,34.14974985],[105.82316843000001,34.15005185],[105.82267143,34.15026285],[105.82181043,34.15023985],[105.82144443,34.14962985],[105.82123043,34.14951686],[105.82071843,34.14941686],[105.82043043,34.14922286],[105.82007043,34.14807487],[105.81980443,34.14758788],[105.81930243,34.14730189],[105.81849043000001,34.14715289],[105.81766843,34.14713989],[105.81720743,34.14719589],[105.81687343,34.14734488],[105.81592143,34.14822287],[105.81505943,34.14922686],[105.81407943,34.14977685],[105.81329543,34.14995985],[105.81257343,34.14990485],[105.81202343,34.14972185],[105.81058143,34.14889286],[105.80992643,34.14820187],[105.80880443,34.14672689],[105.80817143,34.14573391],[105.80734543,34.14400893],[105.80721643,34.14355294],[105.80714743,34.14286795000001],[105.80721443,34.14210996],[105.80753043,34.14118297000001],[105.80832443,34.13958699],[105.80859743,34.13811001],[105.80856643,34.13757102],[105.80847643,34.13729002],[105.80789343,34.13616504],[105.80776643,34.13606204],[105.80757943,34.13594004],[105.80710643,34.13593304],[105.80659743,34.13621803],[105.80547943,34.13651803],[105.80393943,34.13715302],[105.80320543,34.13725402000001],[105.80239843,34.13759202],[105.80167643000001,34.13772201],[105.80071043,34.13824001],[105.80001443,34.138473],[105.79942743,34.13852],[105.79919143,34.13847],[105.79876543,34.13822401],[105.79818643,34.13762602],[105.79729143,34.13654303],[105.79696143000001,34.13600604],[105.79585143,34.13456206],[105.79552343,34.13422206],[105.79395443,34.13295608],[105.79343643,34.13232709],[105.79152043,34.12993412],[105.79125343,34.12934313],[105.79103243,34.12841314],[105.79026243,34.12739115],[105.78998543,34.12723516],[105.78938743,34.12714716],[105.78719443,34.12732015],[105.78556143,34.12729216],[105.78441243,34.12715416],[105.78389743,34.12685816],[105.78324243,34.12610617],[105.78312643,34.12571018],[105.78337543,34.1242652],[105.78327343000001,34.1240392],[105.78255643,34.12326521],[105.78207943,34.12294621],[105.78140343,34.12269222],[105.77992143,34.12281822],[105.77839343,34.12214423],[105.77761843,34.12194323],[105.77724843000001,34.12200223],[105.77472143,34.12287622],[105.77361843,34.12359021],[105.77340643,34.1238012],[105.77333443,34.1240492],[105.77337243,34.12543118],[105.77271743,34.12616117],[105.77000843,34.12868314],[105.76876643,34.12932513],[105.76784443,34.12945613],[105.76738643,34.12981312],[105.76726343,34.13007212],[105.76724243,34.13056211],[105.76734543,34.13093411],[105.76824343,34.13220409],[105.76832043000002,34.13244309],[105.76816543,34.13467806],[105.76825943,34.13542305],[105.76861543,34.13608604000001],[105.76940943000001,34.13704602],[105.77004243,34.13802801],[105.76994543,34.13833801],[105.76895743,34.13945799],[105.76819443,34.14063398],[105.76813443,34.14092597],[105.76818643,34.14116497],[105.76884343,34.14210596],[105.77050443,34.14350694],[105.77107043,34.14403193],[105.77137343,34.14442292],[105.77156443,34.14485692],[105.77170043000001,34.1460629],[105.77205643,34.14673489],[105.77264743,34.14732288],[105.77347543000002,34.14776388],[105.77456843,34.14850187],[105.77494543000002,34.14889386],[105.77508743,34.14934986],[105.77506443,34.149609850000004],[105.77494143,34.14986085],[105.77469343000001,34.15010985],[105.77345343,34.15084784],[105.77289643,34.15128483],[105.77250043,34.151941820000005],[105.77228443,34.15262881000001],[105.77171943,34.1536928],[105.77143643,34.15416079],[105.77107843,34.15454979],[105.77040743,34.15501978],[105.76955043,34.15532878],[105.76909043,34.15557977],[105.76864343,34.15589377],[105.76795143,34.15668776],[105.76777443,34.15761375],[105.76780243,34.15805974],[105.76815443,34.15966672],[105.76818443,34.16022771],[105.76770843,34.16280768],[105.76752443,34.16325467],[105.76751743,34.16382466],[105.76768343,34.16473165],[105.76765343,34.16504765],[105.76736943,34.16543464],[105.76648943,34.16597063],[105.76543143,34.16635263],[105.76433243,34.16636963],[105.76400743,34.16631863],[105.76315643,34.16601363],[105.76165743,34.16603563],[105.76094743,34.16620463],[105.76045343,34.16659562],[105.75965043,34.16675462],[105.75689243,34.16752961],[105.75658843,34.16777061],[105.75643743,34.16805761],[105.75648643,34.16973558],[105.75633443,34.16990558],[105.75606243,34.17004858],[105.75512343,34.17019658],[105.75444143,34.17042857],[105.75403343,34.17065857],[105.75389843,34.17087357],[105.75386643,34.17109856],[105.75388843,34.17168356],[105.75380443,34.17183955],[105.75360343,34.17197555],[105.75315743,34.17212755],[105.75180843,34.17237955],[105.75030143,34.17285754],[105.74886743000002,34.17258854000001],[105.74608043,34.17169656],[105.74511143,34.17130156],[105.74436443,34.17126956],[105.74395643,34.17139356],[105.74350543,34.17176155],[105.74301343,34.17230955],[105.74129543,34.17493451],[105.74084243,34.17502051],[105.73965743,34.17502751],[105.73789943,34.17471052],[105.73722543,34.17476151],[105.73643743,34.17500951],[105.73530143,34.1755385],[105.73438243,34.1760175],[105.73336443,34.17675249],[105.73280943,34.17691249],[105.73216643,34.17685549],[105.73076843,34.1761215],[105.72995243,34.17476551],[105.72967243,34.17453452],[105.72918743,34.17440352],[105.72887943,34.17438052],[105.72867443,34.17444552],[105.72822343,34.17478451],[105.72791743,34.174836510000006],[105.72755043,34.17482551],[105.72659743000001,34.17457452],[105.72571843,34.17455452],[105.72524543,34.17473551],[105.72495243,34.17496451],[105.72473543,34.175270510000004],[105.72448643,34.1759545],[105.72421443000002,34.17628949],[105.72377643,34.17645749],[105.72346443,34.17645949],[105.72308043,34.17632649],[105.72267143,34.1760665],[105.72200943000001,34.17517751],[105.72116643,34.17467652],[105.72071043,34.17449652],[105.71915743,34.17445352],[105.71794543,34.17522651],[105.71745143,34.17527351],[105.71721543,34.17515551],[105.71687443,34.17462252],[105.71648143,34.17322753],[105.71646043,34.17293854],[105.71676243000002,34.17187555],[105.71677443,34.17152356],[105.71668443,34.17122256],[105.71646143000001,34.17090357],[105.71594643,34.17058557],[105.71578043,34.17037457],[105.71567643,34.16990158],[105.71582643,34.16950759],[105.71672343000002,34.16893559],[105.71705543,34.1685596],[105.71723243,34.16655563],[105.71720343,34.16626663],[105.71748543,34.16534564],[105.71800443,34.16420366],[105.71794943,34.16400766],[105.71768443,34.16376766],[105.71622743,34.16331267],[105.71588143,34.16309467],[105.71569443,34.16276968],[105.71555643,34.16208969],[105.71504843,34.1613907],[105.71446743000001,34.1612167],[105.71237843,34.16127070000001],[105.71224943,34.1613807],[105.71196243,34.16188669],[105.71102043,34.16281068],[105.70881043,34.16402666],[105.70857243,34.16404966],[105.70835943,34.16383066],[105.70814443,34.16332867],[105.70806043,34.16288867],[105.70784843,34.16273668],[105.70716043,34.16263168],[105.70679243,34.16276368],[105.70497843,34.16395566],[105.70447843,34.16411066],[105.70360443,34.16424266],[105.70282543,34.16571364],[105.70273143,34.16645163],[105.70277543,34.16687762],[105.70248343,34.16735961],[105.70188543,34.1686806],[105.70183143,34.16932359],[105.70187643,34.16987858],[105.70144943,34.17092857],[105.70092343,34.17151456],[105.70032143,34.17195255],[105.70000643,34.17238755],[105.69899143,34.17282354],[105.69860843,34.17307354],[105.69835743,34.17349353],[105.69826543,34.17392053],[105.69830943,34.17425552],[105.69845043,34.17445752],[105.69868243,34.17526151],[105.69864943,34.1755885],[105.69763143,34.17635049],[105.69762243000001,34.17658249],[105.69786443,34.17729048],[105.69786143,34.17760548],[105.69811343,34.17790647],[105.69857443000001,34.17816947],[105.69883043000002,34.17819447],[105.69897243,34.17845046],[105.69885043,34.17887646],[105.69970343,34.17919545],[105.70063143,34.17938345],[105.70186743,34.18002744],[105.70285643,34.18096543],[105.70361943,34.18147342],[105.70417243,34.18237441],[105.70447543,34.1833704],[105.70457443,34.18418539],[105.70453343,34.18510537],[105.70473043,34.18533237],[105.70556943,34.18582036],[105.70563343,34.18595236],[105.70566543,34.18614336],[105.70536643,34.18775834],[105.70573243,34.18905532],[105.70551243,34.18937632],[105.70556043,34.19016231],[105.70588243,34.1905763],[105.70592043,34.1908263],[105.70570943,34.19113629],[105.70492443,34.19154429],[105.70468343,34.19240228],[105.70521143,34.19319227],[105.70634443,34.19350526],[105.70679843000002,34.19401025],[105.70723243000002,34.19427725],[105.70909643,34.19505024],[105.70929843,34.19524224],[105.70936143,34.19607223],[105.70955143,34.19663622],[105.70974643000001,34.19695121000001],[105.71017643000002,34.19743521],[105.71087543,34.1980112],[105.71170343,34.19944418],[105.71240343,34.19984218],[105.71280343,34.20052717],[105.71257043,34.20141515],[105.71230243,34.20175115],[105.71201643,34.20239114],[105.71212843,34.20263814],[105.71218643,34.20326213],[105.71189943,34.20448511],[105.71175343,34.20476211],[105.71151943,34.20500311],[105.71111943,34.2051321],[105.71073143,34.2051521],[105.71021343,34.20483811],[105.70969443,34.20475611],[105.70909243,34.20500311],[105.70755243,34.20606609],[105.70714843,34.20669708],[105.70718043,34.20690108],[105.70760543,34.20710408000001],[105.70789343,34.20712008],[105.70818143,34.20687108],[105.70851943,34.20677008],[105.70852343,34.20729507],[105.70877743,34.207580070000006],[105.70947643,34.20758107],[105.70988243,34.20788307],[105.71036343,34.20791207],[105.71074443,34.20816306],[105.71067943,34.20841006],[105.71018043000001,34.20916105],[105.70936443,34.20956204],[105.70889843,34.20998604],[105.70870043,34.21048503],[105.70884243,34.210779030000005],[105.70954943,34.21126902],[105.70956243,34.21144302],[105.70921043,34.21178001],[105.70911643,34.21214801],[105.70865543,34.212671],[105.70863843,34.21284],[105.70879643,34.212996],[105.70878643,34.213067],[105.70855743,34.21321899],[105.70870743,34.21343199],[105.70832343000001,34.21365099],[105.70838743,34.21383399],[105.70864343,34.214015980000006],[105.70918743,34.21417998],[105.70912843,34.21451198],[105.70991743,34.21508997],[105.71029143,34.21547096],[105.71054343,34.21581496],[105.71088143,34.21604596000001],[105.71175543,34.21635395],[105.71188543,34.21660795],[105.71238643,34.21704894],[105.71297143,34.21721394],[105.71316143,34.21718394],[105.71442043000002,34.21733894],[105.71506243,34.21732194],[105.71524743000002,34.217686930000006],[105.71513943,34.21810893],[105.71520543,34.21897892],[105.71546343,34.21932191],[105.71611343,34.21965791],[105.71657043,34.21968491],[105.71832743,34.21894792],[105.71911643,34.21875692],[105.71990443,34.21875792],[105.72062443,34.21855592],[105.72105743,34.21853292],[105.72141143,34.21875692],[105.72225743,34.21951791],[105.72271743,34.21955391],[105.72353543,34.21899392],[105.72428543,34.21861192],[105.72516243,34.21845692],[105.72566043,34.21850392],[105.72656243,34.21937591],[105.72744443,34.21966191],[105.73099343,34.21968791],[105.73263843,34.21943691],[105.73385843,34.21848492],[105.73448443,34.21839592],[105.73676543,34.2200209],[105.73868643000002,34.22092489],[105.73896443,34.22098789],[105.73951343,34.22086089],[105.74036143,34.22087289],[105.74225343,34.22115089],[105.74419043,34.22173488],[105.74562743,34.22238487],[105.74579543,34.22262787],[105.74585343,34.22293086],[105.74567343,34.22336486],[105.74569443,34.22369785],[105.74582443,34.22417285],[105.74605143,34.22446184],[105.74693243,34.22462584],[105.74845743,34.22441784],[105.74959243,34.22463984],[105.75144243,34.22606782],[105.75157943,34.22631682],[105.75153343,34.22678681],[105.75163643,34.2274428],[105.75183543,34.22793579],[105.75304143,34.22866679],[105.75335643,34.229006780000006],[105.75340343,34.22917378],[105.75325143,34.22938078],[105.75303043,34.22995177],[105.75305243,34.23065676],[105.75314343,34.23096275],[105.75355043,34.23159075],[105.75369143,34.23219274],[105.75342943,34.23250773],[105.75295843,34.23287073],[105.75282643,34.23309573],[105.75274043,34.23338772],[105.75283043,34.23390171],[105.75331843,34.23441871],[105.75355143,34.23447471],[105.75377543,34.2346597],[105.75413343,34.2346757],[105.75464742,34.2351047],[105.75526843,34.23590869],[105.75523343,34.23617168],[105.75662443000002,34.23721667],[105.75695743,34.23767366],[105.75739243,34.23804466],[105.75776243,34.23814266],[105.75796543000001,34.23836765],[105.75786243,34.23842165],[105.75752443,34.23838165],[105.75696443,34.23867765],[105.75693343,34.23912864],[105.75680143,34.23945264],[105.75635943,34.23998263],[105.75584743,34.23991363],[105.75540143,34.24005363],[105.75533443,34.24015963],[105.75547743,34.24053862],[105.75551443,34.24172461],[105.75573343,34.2425266],[105.75560743,34.2426986],[105.75561643,34.24298759],[105.75590943,34.24339559],[105.75592043,34.24351258],[105.75569343,34.24394258],[105.75520943,34.24438057],[105.75511843,34.24498856],[105.75523443000002,34.24504556],[105.75559643,34.24473357],[105.75582443,34.24472957],[105.75597543,34.24534156],[105.75640143,34.24574955],[105.75658143000001,34.24607355],[105.75665743,34.24621455],[105.75675043,34.24697954],[105.75746743,34.24779453],[105.75768343,34.24821852],[105.75767843,34.24840452],[105.75738443,34.24910551],[105.75595143,34.2496275],[105.75411143,34.2494735],[105.75323343,34.24893951],[105.75189243,34.24876951],[105.75118443,34.24880451],[105.75090343,34.24933351],[105.75087743,34.2496165],[105.75102243,34.2498655],[105.75116643000001,34.2499435],[105.75186843,34.2500385],[105.75301243,34.25069749],[105.75471443000002,34.25219047],[105.75419043,34.25219547],[105.75294143,34.25195247],[105.75232643,34.25169347],[105.75181143000002,34.25222147],[105.75118443,34.25254746],[105.75029743,34.25283146],[105.74955543,34.25327345],[105.74880343,34.25335345],[105.74831643,34.25332945],[105.74762143,34.25311845],[105.74713543000001,34.25328845],[105.74701243,34.25340345],[105.74688043,34.25376245],[105.74663843,34.25413544],[105.74637243,34.25442144],[105.74658743,34.25461843],[105.74619543,34.25488543],[105.74625943,34.25573842],[105.74648343,34.2567644],[105.74683243000001,34.2569924],[105.74630943,34.2573704],[105.74581943,34.25790739],[105.74570543,34.25888538],[105.74551743,34.25933837],[105.74551343,34.25956137],[105.74540043,34.25960537],[105.74526643,34.25945237],[105.74514943,34.25954137],[105.74491843,34.26002736],[105.74478743,34.26050635],[105.74422843000002,34.26107435],[105.74375443,34.26179934],[105.74304043,34.26195733],[105.74083343,34.26218533],[105.74068443,34.26245833],[105.74059043,34.26249633],[105.74036243,34.26237833],[105.73994143000002,34.26257333],[105.73927243,34.26268132],[105.73925743000001,34.26328732],[105.73897143,34.26375431],[105.73868743,34.26400631],[105.73843443,34.26406831],[105.73765843,34.26395131000001],[105.73706343,34.26412031],[105.73705543,34.2641263],[105.73729043,34.2642003],[105.73746543,34.2643943],[105.73758743,34.2644533],[105.73770143,34.2644703],[105.73797743,34.2646253],[105.73801343,34.2646773],[105.73814443,34.2647203],[105.73822343,34.2647823],[105.73825243000002,34.2648793],[105.73840343,34.26511029],[105.73860843,34.26533829],[105.73872043,34.26542029000001],[105.73814443,34.26699827],[105.73798743,34.26760326],[105.73741443,34.26890024],[105.73730543,34.26909224],[105.73720743,34.26935223],[105.73720543,34.26944023],[105.73721943,34.26960023],[105.73741443,34.27012022],[105.73741043,34.27020622],[105.73752143,34.27066322],[105.73754343,34.27086721],[105.73797143,34.2718952],[105.73787043,34.27266919],[105.73789943,34.27283519],[105.73798043,34.27296519],[105.73811043,34.27326018],[105.73831843,34.27347118],[105.73863743,34.27390417],[105.73868743,34.27402217],[105.73868043,34.27409517],[105.73861543,34.274193170000004],[105.73862243,34.27423917],[105.73881643,34.27480916],[105.73882143,34.27489516],[105.73857443,34.27477216],[105.73790843,34.27459016],[105.73755243,34.27446817],[105.73738643000002,34.27445817],[105.73715143,34.27447517],[105.73684843,34.27453116],[105.73635943,34.27474016],[105.73600543,34.27483116],[105.73563643,34.27489216],[105.73554843,34.27498416],[105.73522643000001,34.27518516000001],[105.73507143,34.27535015],[105.73488243,34.27549315],[105.73471343,34.27556715],[105.73451243,34.27576415],[105.73419443,34.27623414],[105.73401543,34.27657514],[105.73379543,34.27713913],[105.73363143,34.27747312],[105.73346243,34.27770912],[105.73305143,34.27784012],[105.73269543,34.27825811],[105.73268343,34.27859611],[105.73283043,34.27883711],[105.73307343,34.2790801],[105.73330743,34.2793891],[105.73346143,34.280283090000005],[105.73351043,34.28073308],[105.73341643,34.28125907],[105.73353843,34.28220106],[105.73366843000001,34.28297905],[105.73374143,34.28321005],[105.73406843,34.28381004],[105.73423443,34.28421503],[105.73424643,34.28443703],[105.73428643,34.28450503],[105.73454343,34.28474203],[105.73479043,34.28539402],[105.73475943,34.28550102],[105.73481943,34.28599801],[105.73476143,34.28642],[105.73477843,34.286594],[105.73484043,34.286647],[105.73509843,34.28726199],[105.73515743,34.28763399],[105.73524543,34.287669990000005],[105.73534643,34.28782398],[105.73556243,34.28798998],[105.73589943,34.28820098],[105.73607943,34.28823998],[105.73619243,34.28831598000001],[105.73655143,34.28898997],[105.73670943,34.28905697],[105.73696743,34.28921296],[105.73727443,34.28930396],[105.73795643,34.28934796],[105.73857243,34.28945496],[105.73867643,34.28956096],[105.73869843,34.28977196],[105.73783543,34.29169593],[105.73801643,34.29186793],[105.73842443,34.29217093],[105.73880943,34.29241192],[105.73889943000002,34.29249792],[105.73946743,34.29282292],[105.74041743,34.2936589],[105.74083743,34.2941009],[105.74090543,34.2942059],[105.74108243,34.2943499],[105.74119843000001,34.29440589000001],[105.74151943,34.29447089],[105.74225543,34.29442089],[105.74269143,34.29445889],[105.74281943,34.29450889],[105.74317743,34.29477389],[105.74346143,34.29493189],[105.74391143,34.29523888],[105.74410143000001,34.29522288],[105.74471543,34.29565788],[105.74511343,34.29584288],[105.74535243,34.29592087],[105.74604643000002,34.29579588],[105.74679843,34.29575988],[105.74764943,34.29596887],[105.74877743000002,34.29660787],[105.74983643,34.29744385],[105.75118343,34.29803885],[105.75143743,34.29823984],[105.75159943,34.298251840000006],[105.75240743,34.29793885],[105.75270443,34.29772485],[105.75316843,34.29721886],[105.75424943,34.29675186],[105.75460043,34.29642787],[105.75515443,34.29613387],[105.75615543,34.29576188],[105.75719143,34.29588987],[105.75751943,34.29578588],[105.75806143,34.29532988],[105.75896743,34.29492489],[105.75964043,34.29486889],[105.75911443,34.29576088],[105.75857143000002,34.29646087],[105.75845443,34.29681786],[105.75858643,34.29730786],[105.75846643,34.29736285],[105.75812143,34.29720386],[105.75776243,34.29717486],[105.75765643,34.29734285000001],[105.75813743000002,34.29843784],[105.75828943,34.29916683],[105.75764343,34.29967482],[105.75745743,34.29965282],[105.75742043,34.29976482],[105.75749043,34.29987582],[105.75804443,34.299936820000006],[105.75819843,34.29982582],[105.75836543,34.29991382],[105.75830743000002,34.30033881],[105.75839243,34.30038681],[105.75884343,34.30007482],[105.75900143,34.30016882],[105.75915843,34.30046381],[105.75816943,34.3011298],[105.75785443,34.3014358],[105.75745943,34.30209679],[105.75744443,34.30246079],[105.75760843,34.30265578000001],[105.75761043,34.30275178],[105.75739443,34.30294078],[105.75731543,34.30343877],[105.75733643,34.30409276],[105.75791043,34.30489375],[105.75794643,34.30560074],[105.75773743,34.30601574],[105.75749343,34.30625373],[105.75730743,34.30628973],[105.75676043,34.30703572],[105.75667343,34.30743572],[105.75628543,34.30823371],[105.75635943,34.3087207],[105.75695443,34.30986368],[105.75790743,34.31049568],[105.75808543,34.31078867],[105.75751643,34.31166766],[105.75690043,34.31208365],[105.75633043,34.31273565],[105.75584043000002,34.31295564],[105.75487743,34.31370063],[105.75445843000001,34.31392863],[105.75410943,34.31400963],[105.75349743,34.31398963],[105.75340243,34.314106630000005],[105.75353643,34.31446962],[105.75431943,34.31529361],[105.75474543,34.3158626],[105.75518143,34.31665259],[105.75514243000002,34.31722059],[105.75524643,34.31742858],[105.75478443,34.31775358],[105.75473343,34.31796858],[105.75485043,34.31829157],[105.75479043,34.31927656],[105.75486843,34.31941256],[105.75507143,34.31947156],[105.75635943,34.31916056],[105.75776843,34.31894056000001],[105.75809343,34.31900856],[105.75811943,34.31914156],[105.75786743,34.31948655],[105.75772643,34.31982655],[105.75738443,34.32120153],[105.75797243,34.32227452],[105.75807643,34.32270551],[105.75882343,34.3235545],[105.75980043,34.32407349],[105.76006543,34.32432049],[105.76096243,34.32486648],[105.76163343,34.32562447],[105.76185343,34.32616346],[105.76185743000002,34.32617046],[105.76190143,34.32625646],[105.76242143,34.32636946],[105.76287743,34.32656946],[105.76321443,34.32684845],[105.76392743,34.32673546],[105.76466943,34.32649846],[105.76576043,34.32634646],[105.76648543,34.32655346],[105.76803943,34.32814544],[105.76827743000001,34.32872743],[105.76842843,34.32955542],[105.76869343,34.32995941],[105.76968743,34.3310634],[105.76976543,34.33145639],[105.77026743000002,34.33172339],[105.77107443,34.33201938],[105.77197043,34.33287937],[105.77223043,34.33300237],[105.77288543,34.33309237],[105.77305543,34.33318537],[105.77311143,34.33328437000001],[105.77299843000002,34.33401136],[105.77318043,34.33534434],[105.77344043000001,34.33593833],[105.77404943,34.33626633],[105.77469943,34.33644332],[105.77498143,34.33671532],[105.77581043,34.33710632],[105.77658543,34.33709732],[105.77709743,34.33693632],[105.77780543000002,34.33706232],[105.77858043,34.33705432],[105.77897943,34.33712632],[105.77945543000001,34.33742831],[105.77951743,34.33755631],[105.77951043,34.3379043],[105.77968543,34.3380403],[105.78005043,34.3380903],[105.78007643,34.3381773],[105.78021643,34.3381853],[105.78033243,34.3383663],[105.78100243,34.3384603],[105.78123243000002,34.33864929],[105.78075843,34.33883129],[105.78006243,34.33881129000001],[105.77921443,34.33890429],[105.77909843,34.33895129],[105.77906943,34.33920629],[105.77936743,34.34026827],[105.77975243,34.34068627],[105.77988843,34.34076327],[105.78076043,34.34081826],[105.78118043,34.34099126],[105.78060943,34.34156326],[105.78072943,34.34186925],[105.78096843000002,34.34198625],[105.78167943,34.34194325],[105.78185543,34.34199625],[105.78181943,34.34211625],[105.78166943,34.34221825],[105.78119043,34.34231625],[105.78103943,34.34243724],[105.78108143,34.34266024],[105.78139443,34.34273724],[105.78260743,34.34259724],[105.78264643,34.34268824],[105.78251443,34.34281124],[105.78145843,34.34322923],[105.78135243,34.34336523],[105.78155043,34.34356623],[105.78195143,34.34347223],[105.78225943,34.34376623],[105.78276343,34.34393722],[105.78277343,34.34402222],[105.78249843,34.34419722],[105.78187443,34.34449922],[105.78176143,34.34470821],[105.78170643,34.34521721],[105.78177643,34.3452442],[105.78240443,34.34497921],[105.78273143,34.34513321],[105.78306843,34.34513721],[105.78378643,34.3453682],[105.78457943,34.3458052],[105.78611943,34.3459222],[105.78629743000002,34.34589720000001],[105.78637243,34.34581020000001],[105.78640243,34.3457082],[105.78624843,34.3452852],[105.78628543,34.34517321],[105.78658043,34.34487121],[105.78666543,34.34456221],[105.78681943,34.34448322],[105.78705843,34.34440022],[105.78730743,34.34442722],[105.78776343,34.34466021],[105.78799643,34.34506021],[105.78826643,34.34509821],[105.78870443,34.34468021],[105.78944343,34.34432722],[105.79061143,34.34475121],[105.79201443,34.3456362],[105.79237443,34.3457162],[105.79341643,34.3456622],[105.79726943,34.34518021],[105.79753443,34.34494721000001],[105.79779643,34.34388522],[105.79822643,34.34348523],[105.79877543000002,34.34342723],[105.79959743,34.34316923],[105.79987943,34.34301624],[105.80035243,34.34242324],[105.80094743000001,34.34238824],[105.80117443,34.34232324],[105.80142843,34.34214125],[105.80144743,34.34191125],[105.80119843,34.34173925],[105.80123343,34.34154826],[105.80139943,34.34140326],[105.80144743,34.34116026],[105.80123943,34.34077527],[105.80125543,34.34030627],[105.80115943,34.33992228],[105.80134143,34.33995828],[105.80168843,34.34030127],[105.80203343,34.34037327],[105.80253843,34.34033927],[105.80272143,34.34025727],[105.80279043,34.34011427],[105.80268143,34.33997228],[105.80261543,34.33961628],[105.80275043,34.33935129],[105.80294343,34.33943728],[105.80351443,34.34018627],[105.80366043,34.34049827],[105.80362543,34.34130326],[105.80382243,34.34178825],[105.80419043000002,34.34224725],[105.80470243,34.34257624],[105.80539843,34.34263024],[105.80570843,34.34250824],[105.80596843,34.34176225],[105.80660843,34.34114326],[105.80768843,34.33984828],[105.80799243,34.34017027],[105.80850243,34.34052027],[105.80890743,34.34106226],[105.80941243,34.34276724],[105.80923643,34.34321723],[105.80924243,34.34360723000001],[105.80941743,34.34429522],[105.81001043,34.3455092],[105.81060243000002,34.34606119],[105.81266843,34.34723618],[105.81352143,34.34743318],[105.81251343,34.34798017],[105.81242643000002,34.34808917],[105.81245843,34.34838316],[105.81314043,34.34930515],[105.81370543,34.35046113],[105.81441643,34.35058613],[105.81567043,34.35064313],[105.81607743,34.35046513],[105.81664943,34.35041113],[105.81943243,34.34984914],[105.82064543,34.35000014],[105.82243143,34.35003414],[105.82345843,34.34981314],[105.82393143,34.34877416],[105.82401643,34.34840916],[105.82399843,34.34755417],[105.82510243,34.34740018],[105.82526143,34.34729118],[105.82572443,34.34719218],[105.82618643,34.34693118],[105.82818443,34.34642419],[105.82910843,34.34607219],[105.83022143,34.3458022],[105.83069043,34.3453342],[105.83080143,34.34500921],[105.83077643,34.34449122],[105.83137343,34.34412122],[105.83174143,34.34408122],[105.83317143,34.34436322],[105.83363243,34.34411422],[105.83408743,34.34412322],[105.83455443,34.34432222],[105.83468143,34.34455321],[105.83483143,34.34461021],[105.83572343,34.34454421],[105.83628043,34.34501521],[105.83708043,34.34515821],[105.83841243000002,34.34516221],[105.83931943,34.34471421],[105.83980143,34.34457421],[105.84060943,34.34454621],[105.84085443,34.34456821],[105.84163843,34.34490921],[105.84288843,34.3452592],[105.84310743,34.34523221],[105.84339343000002,34.3453212],[105.84417843,34.34523221],[105.84552243000002,34.34522021],[105.84654243,34.34490021],[105.84820443,34.34472821],[105.84913943,34.34401922],[105.85181243,34.34332523],[105.85328643,34.34275324],[105.85434543,34.34247924],[105.85627343,34.34219325],[105.85695243,34.34222025],[105.85811643,34.34197025],[105.85835443,34.34179325],[105.85819843,34.34215125],[105.85792343,34.34266824],[105.85690643,34.34356423],[105.85662343,34.34472321],[105.85689343,34.3458052],[105.85676243,34.34726118],[105.85690643,34.34764017],[105.85680743,34.34778717],[105.85687443000002,34.34790217],[105.85668343,34.34822316],[105.85675243,34.34847916],[105.85671743,34.34912215],[105.85734243,34.35028914],[105.85786743,34.35088213],[105.85718943,34.35194411],[105.85637843,34.35258611],[105.85641243,34.3529911],[105.85653543,34.3533291],[105.85686543,34.35378709],[105.85773743,34.35431008],[105.85858443,34.35528507],[105.85898943,34.35591606],[105.85968843,34.35677605],[105.86007543,34.35756404],[105.86007843000002,34.35776704],[105.85979643,34.35808003],[105.85846143,34.35879602],[105.85805143,34.35930101],[105.85791043000002,34.35958401],[105.85782343,34.360397],[105.85761943,34.36086599],[105.85724643,34.36145799],[105.85657943,34.36205598],[105.85687943,34.36267897],[105.85699043,34.36274897],[105.85729843,34.36359196],[105.85731643,34.36386995],[105.85651743,34.36477594],[105.85577843,34.36546693],[105.85417843,34.3676659],[105.85805143,34.3676549],[105.85899843,34.3677459],[105.86113243,34.36821989],[105.86309143,34.36898688],[105.86424843,34.36922388000001],[105.86456143,34.36957688],[105.86488543,34.37079186],[105.86572343,34.37180384],[105.86679143000002,34.37342882],[105.86824343,34.3751118],[105.86842543,34.37553879],[105.86870443,34.37681478],[105.86898743,34.37714377],[105.87023843,34.37785976],[105.87086543,34.37844375],[105.87109443,34.37906675],[105.87100343,34.38032073],[105.87110443,34.38143871],[105.87121143000002,34.38185571],[105.87139143,34.38207471],[105.87182343,34.3823907],[105.87347243,34.38296869],[105.87387443,34.38319669],[105.87433743000001,34.38369868],[105.87507743,34.38501667],[105.87530643,34.38566666],[105.87549143,34.38652764],[105.87603443,34.38754063],[105.87626343,34.38814162],[105.87675943000002,34.39020059],[105.87710343000002,34.39063859],[105.87758143,34.39105458],[105.87813143,34.391343580000004],[105.87893443,34.39162058],[105.87952643,34.39162758],[105.88001343,34.39146358],[105.88052743,34.39116558],[105.88100943,34.39055659],[105.88161543000001,34.38899261],[105.88193443,34.38839062],[105.88303343,34.38722564],[105.88351643,34.38685464],[105.88529843,34.38585765],[105.88811343,34.38335269],[105.88885043,34.38291569],[105.89084343,34.3823597],[105.89287043,34.3821967],[105.89331343,34.382096700000005],[105.89471143,34.38126072],[105.89493143,34.38102772],[105.89519943,34.37977174],[105.89560543,34.37906675],[105.89624043,34.37745377],[105.89633243,34.37633578],[105.89643243,34.37598979],[105.89727943,34.3748908],[105.89724543,34.37309883],[105.89757843,34.37260683],[105.90102443,34.36910188],[105.90118443,34.36874389],[105.90118643,34.3676019],[105.90125643,34.36714491],[105.90156143,34.36659092000001],[105.90182543,34.36636792],[105.90266743,34.36620192],[105.90321343,34.36597692],[105.90361043,34.36569193],[105.90413743000002,34.36515893],[105.90482443,34.36430495],[105.90508743,34.36387395],[105.90531643,34.36315996],[105.90594343,34.36223597],[105.90787343000001,34.35992401],[105.90882743,34.35759504],[105.90900243,34.35731004],[105.90982343,34.35656705],[105.91093743,34.35530407],[105.91135643,34.35438208],[105.91152543,34.35360609],[105.91158443,34.35221911],[105.91172443,34.35149212],[105.91257143,34.35023514],[105.91278743,34.34976414],[105.91291743,34.34920315],[105.91284543,34.34831416],[105.91197543,34.34731218],[105.91086843,34.34640119],[105.91064343000001,34.34608319],[105.91050243,34.3453842],[105.91054143,34.34478021],[105.91068343,34.34433722],[105.91096143,34.34395422],[105.91165243,34.34342223],[105.91230043,34.34311023],[105.91274543,34.34302124],[105.91363543,34.34313723],[105.91419643,34.34308423],[105.91592443,34.34256924000001],[105.91746443,34.342399240000006],[105.91931243,34.34193325],[105.92007943,34.34166925],[105.92125943,34.34105826],[105.92152443,34.34075027],[105.92163243,34.34014927],[105.92172843,34.33926129],[105.92191743,34.33879329],[105.92220943,34.3383243],[105.92281043,34.33781731],[105.92354643,34.33734631],[105.92444843,34.33706932],[105.92909543000002,34.33669932],[105.93157343,34.33647232],[105.93239143000001,34.33671232],[105.93323843,34.33682932],[105.93407143,34.33709432],[105.93453043,34.33699232],[105.93510343,34.33654632],[105.93545443,34.33605333],[105.93630843,34.33413136],[105.93693543,34.33312137],[105.93726843,34.33186439],[105.93752743,34.33156539],[105.93792243,34.33143839],[105.93846943,34.33149639],[105.93975943000001,34.33187639],[105.94145743,34.33201338],[105.94204243,34.33196039],[105.94254643,34.33171539],[105.94614943,34.32942442],[105.94771643,34.32838943],[105.94828343,34.32787444],[105.94838543,34.32758745],[105.94839643,34.32717445],[105.94800543,34.32597947],[105.94737843,34.32512148],[105.94692243,34.32470148],[105.94633043,34.32436649],[105.94463743,34.32397849],[105.94401543,34.3235705],[105.94373443,34.32276051],[105.94119143,34.31888356],[105.94120143,34.31857157],[105.94168943,34.31772058],[105.94311943,34.3162896],[105.94398843,34.31568561],[105.94417943,34.31531061],[105.94428843,34.31433662],[105.94418143,34.31286264],[105.94387543,34.31235565],[105.94118643000002,34.31036368],[105.94105943000001,34.3085807],[105.94093543,34.30673373],[105.94100543,34.30625973],[105.94110643,34.30604674],[105.94148043,34.30576974],[105.94275743,34.30538775],[105.94340143000001,34.30504875],[105.94560243,34.30362377],[105.94561543,34.30230379],[105.94583443,34.3016398],[105.94618843,34.30101481],[105.94673843,34.300324810000006],[105.94745243,34.29962182],[105.94818443,34.29896783],[105.94969643,34.29814984],[105.95369043,34.29688086],[105.95415643,34.29681486],[105.95539343,34.29680786],[105.95593643,34.29689086],[105.95708743,34.29733585],[105.95767943,34.29771785],[105.95810543,34.29812784],[105.95836543,34.29849984],[105.95847543000001,34.29887383],[105.95845443,34.29969682],[105.95861143,34.3015668],[105.95877143,34.302314790000004],[105.95898643,34.30270078],[105.95956343,34.30306078],[105.96018443,34.30338077],[105.96112343,34.30369977],[105.96212143,34.30394377],[105.96293643000001,34.30405176],[105.96674943,34.30394377],[105.96705243,34.30405476],[105.96848743,34.30560574],[105.96874543,34.30576574],[105.96919843,34.30585074],[105.96996743,34.30584774],[105.97077943000001,34.30569474],[105.97156143000001,34.30542675],[105.97251843,34.30470076],[105.97330943,34.30400876],[105.97542543,34.3017138],[105.97603243,34.30073881],[105.97627443000002,34.30012982],[105.97633643,34.29960082],[105.97614543000002,34.29880384],[105.97525243,34.29730086],[105.97456543,34.29656787],[105.97393843,34.29575888],[105.97335343,34.29472689],[105.97296643,34.2939559],[105.97265343,34.29292291],[105.97192543,34.29111694],[105.97065943,34.28727899],[105.97012443000001,34.28542602],[105.97007043,34.28457903],[105.97027543,34.28278005],[105.97068443,34.28170507],[105.97121643,34.28081608],[105.97199143,34.27991309],[105.97293343,34.2793841],[105.97346043,34.2792091],[105.97433543,34.2792261],[105.97545643,34.27974609],[105.97625643,34.27981609],[105.97694743,34.2795751],[105.97876843,34.27804512],[105.97948943,34.27753412],[105.97983243,34.27738913],[105.98028343,34.27735213],[105.98102343,34.27751012],[105.98237543,34.27830211],[105.98410443,34.2791541],[105.98476943,34.2793131],[105.98540243,34.2792961],[105.98657643,34.2790781],[105.98956143,34.2790131],[105.99046743,34.2791071],[105.99105843,34.2792531],[105.99352443000001,34.28006509000001],[105.99400843,34.28013809],[106.00037343,34.28038908],[106.00351543,34.28168207],[106.00572843,34.28239606000001],[106.00625543,34.28247706],[106.00673043,34.28241206],[106.00711543,34.28223706],[106.00732743,34.28203706],[106.00763843,34.28083108],[106.00755643,34.28023109],[106.00732243,34.2795701],[106.00599943,34.27785812],[106.00592043,34.27756712],[106.00633343,34.27646714],[106.00699743000001,34.27547015],[106.00703843000001,34.27457716],[106.00517643,34.2718322],[106.00516443,34.27081721],[106.00528043,34.27004822],[106.00512043,34.26928324],[106.00433643,34.26860324],[106.00335043,34.26790525],[106.00281843,34.26738926],[106.00200543,34.26635627],[106.00195343,34.26616928],[106.00207043,34.26555029],[106.00310243,34.26386431000001],[106.00322243,34.26349231],[106.00318843,34.26262233],[106.00282443,34.26148434],[106.00223343,34.26026436],[106.00219943,34.25947637],[106.00329143,34.2570494],[106.00348443000001,34.25640441],[106.00361343000002,34.25545942],[106.00352643,34.25479443],[106.00333843,34.25424944],[106.00292943,34.25345645],[106.00246143,34.25279546],[106.00191243,34.25221647],[106.00135843,34.25179947],[106.00037443,34.25131548],[105.99931143,34.25068049],[105.99891843,34.25024849],[105.99877443,34.2499075],[105.99874243,34.2495155],[105.99900143,34.24798052],[105.99879043,34.24660654],[105.99788743,34.24518856],[105.99701743,34.24411658],[105.99684643,34.24370758],[105.99683743,34.24306459],[105.99699343,34.2420786],[105.99782843,34.24014663],[105.99812643,34.23961764],[105.99955443,34.23841765],[105.99993643,34.23805066],[106.00004443,34.23784266],[106.00006943,34.23765966],[105.99933343,34.23631168],[105.99910643,34.23576269],[105.99901643,34.2353037],[105.99911643,34.23435571],[105.99951543,34.23285973],[105.99978743,34.23244273],[106.00186143,34.23108175],[106.00259443,34.23048076],[106.00302843,34.22984977],[106.00351643,34.22865479],[106.00374443000001,34.2277568],[106.00387243,34.22497284],[106.00409843,34.22376085],[106.00425243,34.22334586000001],[106.00455043,34.22301386],[106.00510543,34.22264687],[106.00554343,34.22241187],[106.00608343,34.22230787000001],[106.00668443000002,34.22230487],[106.00770743,34.22256587],[106.00885543,34.22297386],[106.00996543,34.22368085],[106.01173043,34.22566083],[106.01235643,34.22615382000001],[106.01398643,34.22681081],[106.01430743,34.22690781],[106.01444243,34.22685881],[106.01446543,34.22667481],[106.01431943,34.22622582],[106.01372143,34.22472184],[106.01342543,34.22343086],[106.01293343,34.22245687],[106.01210643,34.2202229],[106.01161443,34.21934591],[106.01161043,34.21898092],[106.01140443,34.21851692],[106.01006443,34.21703594],[106.00955943,34.21660495],[106.00909543,34.216393950000004],[106.00857443,34.21627895],[106.00765343,34.21615695],[106.00494843,34.21619795],[106.00422643,34.21606896],[106.00343943000001,34.21550896],[106.00118943000001,34.21325099],[106.00094143,34.212591],[106.00061243,34.21202601],[106.00037543,34.21177101],[105.99892143,34.21080403],[105.99814043,34.21040203],[105.99636043,34.20966704],[105.99380343,34.20887805],[105.99232843,34.20819806],[105.99149143,34.20767607],[105.99068043,34.20705908],[105.98855643,34.2053271],[105.98786043,34.20491911],[105.98580243000002,34.20417312],[105.98482743,34.20371912],[105.98415843,34.20326513],[105.98371143,34.20285513],[105.98323043,34.20207714],[105.98219043,34.20073016],[105.97799743,34.19488424],[105.97667943,34.19213028],[105.97592543,34.1903103],[105.97494243,34.18910132],[105.97390543,34.18805033],[105.97328643,34.18713635],[105.97228943,34.18457438],[105.97073243000001,34.18153442],[105.96963743,34.18021044],[105.96756343,34.17790747],[105.96488943,34.17636249],[105.96388743,34.1756575],[105.96257343,34.17440452],[105.96036843,34.17269654],[105.95921643,34.17164756],[105.95867543,34.17018258],[105.95829743000002,34.16887659],[105.95818143,34.1681926],[105.95836143,34.16644963],[105.95698543,34.16496165],[105.95599943,34.16397466],[105.95520343,34.16384566],[105.95394343,34.16386466],[105.95344843,34.16366766],[105.95302443,34.16307867],[105.95310443,34.16150969],[105.95255343,34.16052771],[105.95236643000001,34.15997671],[105.95228443,34.15897373],[105.95147843,34.15796074],[105.95088043,34.15689176],[105.95041243,34.15503978],[105.95036043,34.15444479],[105.95035443,34.1538138],[105.95048243,34.1532948],[105.95101043,34.15222382],[105.95142243,34.15154483],[105.95273943,34.14989885],[105.95178743,34.14999685000001],[105.95148743,34.14996585],[105.94923243,34.14866987],[105.94865243,34.14838487],[105.94812543,34.14822987],[105.94490243,34.1465579],[105.94436443,34.1464979],[105.94261643,34.14696389],[105.94167643,34.14686489],[105.93931343,34.1459359],[105.93652043,34.14448992],[105.93530043,34.14375993],[105.93417643,34.14286295],[105.93339743,34.14254595],[105.93286743,34.14222595],[105.93256543000001,34.14194796],[105.93213343000001,34.141442960000006],[105.93191743,34.14106097],[105.93179943,34.14056298],[105.93180043,34.13944299],[105.93172043,34.139121],[105.93111443,34.138543],[105.93006943,34.13796801],[105.92976643,34.13768901],[105.92912643,34.13640503],[105.92871243,34.13614904],[105.92839743000002,34.13604704],[105.92538343,34.13584904],[105.92426743,34.13558804],[105.92333543,34.13501105],[105.92242643,34.13416506],[105.92087943,34.13330407],[105.92011643,34.13319408],[105.91972943,34.13326007],[105.91931843,34.13341807],[105.91809243,34.13439306],[105.91778043,34.13449806],[105.91605943,34.13475805],[105.91561043,34.13490505],[105.91454243,34.13546604],[105.91406843,34.13555104],[105.91318143,34.13556704],[105.91236743000002,34.13541705],[105.91169043,34.13515105],[105.90968943000001,34.13387007],[105.90952543,34.13369307],[105.90932143,34.13320808],[105.90920943,34.13207409],[105.90907843,34.1315371],[105.90845743,34.12987012],[105.90796943,34.12947713],[105.90770543,34.12937613],[105.90644243000001,34.12916813],[105.90433643,34.12730416],[105.90407043,34.12693216],[105.90322543,34.12500619],[105.90288343,34.12447919],[105.90138243,34.12296421],[105.90063343,34.12185923],[105.90006543,34.12129824],[105.89952543,34.12099724],[105.89911343000001,34.12100024],[105.89891543,34.12108224],[105.89761643,34.12220322],[105.89717043,34.12250822],[105.89330443,34.12287021],[105.89293143,34.122956210000005],[105.89089443,34.1238842],[105.88969843,34.1240802],[105.88918743,34.1240442],[105.88883643,34.1239122],[105.88709843,34.12248322],[105.88573443,34.12189223],[105.88508343000001,34.12181323],[105.88333743,34.12194323],[105.88275443,34.12208023],[105.88193443,34.12240022],[105.88083043,34.12305121],[105.88036943,34.123086210000004],[105.88009643,34.12318221],[105.87723043,34.12465019],[105.87633443,34.12488519],[105.87560043,34.12494319],[105.87505043,34.12484319],[105.87421143,34.12452819],[105.87226643,34.12455519],[105.87081343,34.12390220000001],[105.87043743000001,34.1237702],[105.87003943,34.1237642],[105.86974143000002,34.1238792],[105.86933343,34.1241942],[105.86888843,34.12467519],[105.86822543,34.12560518],[105.86716543,34.12675716],[105.86679243,34.12691516],[105.86641843,34.12697116],[105.86604543,34.12694216],[105.86553143,34.12667616],[105.86505343,34.12632817],[105.86439943,34.12570918],[105.86392543,34.12563218],[105.86370243,34.12578918],[105.86361643,34.12594617],[105.86353843,34.12692316],[105.86343043,34.12722316],[105.86322143,34.12751615],[105.86266643,34.12806114],[105.86230643,34.12826114],[105.86144943,34.12853014],[105.86081943,34.12907413],[105.86068443000002,34.12935413],[105.86043343,34.13040511],[105.86040543,34.13267008],[105.85974043,34.13332907],[105.85950843,34.13385007],[105.85949843,34.13418406000001],[105.85971343,34.13568504],[105.85998243,34.13639903],[105.86285843,34.138463],[105.86289243,34.13936499],[105.86284743,34.13983199],[105.86267743,34.14038398],[105.86266943,34.14188096],[105.86240143,34.14262095],[105.86128343,34.14429193],[105.86041943,34.14503592],[105.86030643,34.1463869],[105.85976343,34.14810387],[105.85931043,34.14881287],[105.85834743,34.15094984],[105.85800343,34.15156583],[105.85720343,34.1536358]]]},"properties":{"gml_id":"layer_township_pg.33070","Name":"娘娘坝镇","layer":"乡镇","code":"620502109000","grade":4,"2015_POP":19700,"2020_POP":19980,"2023_POP":20200,"area_km2":142.22,"2015_GDP":4.1094,"2020_GDP":6.132244,"2023_GDP":7.46605}},{"type":"Feature","geometry":{"bbox":[105.55179843,34.57663805,105.69984643,34.64880607],"type":"Polygon","coordinates":[[[105.68925043,34.59335283],[105.68946543,34.59328883],[105.68943543,34.59314683],[105.68798943,34.592467840000005],[105.68802843,34.59222184],[105.68844343,34.59192085],[105.68922443,34.59156585],[105.69024043,34.59119086],[105.69064343000001,34.59116286],[105.69126443,34.59095586],[105.69137743,34.59072486],[105.69134943,34.59061886],[105.69101243,34.59042387],[105.69102943,34.59033287],[105.69150943000001,34.58980988],[105.69207643,34.58902789],[105.69205043,34.58878689],[105.69156243,34.5876939],[105.69074843,34.58651892],[105.69050443000002,34.58629792],[105.69007743,34.58610193],[105.68991243,34.58591293],[105.69003143000002,34.58460695],[105.68966843,34.58373396],[105.68960043,34.58319497],[105.68964543,34.58301897],[105.68994743000002,34.58278397],[105.69108043,34.58216298],[105.69137343,34.58165599],[105.69186143,34.58136899],[105.69186043,34.58114999],[105.69170443,34.58106099],[105.69127143,34.58109799],[105.69016243000002,34.581005],[105.69002643,34.580697],[105.68921443,34.580334],[105.68901243,34.58012801],[105.68824943,34.57980501],[105.68744543,34.57966601],[105.68708343000002,34.57951502],[105.68674643,34.57950602],[105.68605443,34.57966801],[105.68597743,34.57961601],[105.68593143,34.57939102],[105.68591443,34.57880303],[105.68556543,34.57864203],[105.68449443,34.57857703],[105.68371843,34.57851303],[105.68363843,34.57812303000001],[105.68445243000001,34.57806604],[105.68431943,34.57761304],[105.68422343000002,34.576872050000006],[105.68402843,34.57670205],[105.68348843,34.57663805],[105.68288043,34.57694205],[105.68228043,34.57743104000001],[105.68176843,34.57857203],[105.68141943,34.57890002],[105.67997343,34.57967401],[105.68031943,34.57991801],[105.68016943,34.58013001],[105.68012943,34.580523],[105.68025643,34.581364990000004],[105.68009543,34.58198998],[105.67990843,34.58225398],[105.67976343,34.58265097],[105.68095743,34.58389896],[105.68070943,34.58387496],[105.68025943,34.58401395],[105.67991643,34.58402295],[105.67966043,34.58397595],[105.67929743,34.58378796],[105.67913443,34.58352896],[105.67934643,34.58294297],[105.67934343,34.58264497],[105.67732443,34.58311597],[105.67299443,34.58301097],[105.67271243,34.58314497],[105.67184643,34.58381996],[105.67193943,34.58417795],[105.67190843,34.58476594],[105.67139043,34.58557593],[105.67125943,34.58560793],[105.67064643,34.58531994],[105.67018043,34.58538594],[105.66986243,34.58558593],[105.66959243,34.58560693],[105.66952343,34.58570493],[105.66953543,34.58628692],[105.66915643,34.58584693],[105.66905543,34.58581793],[105.66900043,34.58589293],[105.66912943,34.58644192],[105.66906943000001,34.58677892],[105.66879543,34.58676792],[105.66841043,34.58706791],[105.66820743,34.58712491],[105.66768843,34.58680192],[105.66609943,34.58624092],[105.66557743,34.58587393],[105.66530343,34.58555093],[105.66518843,34.58613893],[105.66471843,34.58590293],[105.66463843,34.58589993],[105.66454843,34.58604293],[105.66425943,34.58593693],[105.66396043,34.58596193],[105.66375643,34.58584893],[105.66267943,34.58574593],[105.66200743,34.58586893],[105.66143043,34.58581393],[105.66070443000001,34.58586893],[105.66053543,34.58597893],[105.66046443,34.58624892],[105.66028743,34.58611793],[105.65985143,34.58547893],[105.65966843000001,34.58534894],[105.65954843,34.58544393],[105.65942743,34.58581193],[105.65924743,34.58593293],[105.65833943,34.58587693],[105.65837343,34.58601493],[105.65806543000001,34.58608593],[105.65701143,34.58601193],[105.65616943,34.58570593],[105.65531943,34.58560893],[105.65425943,34.58543893],[105.65408243,34.58546993],[105.65399043,34.58672092],[105.65413343,34.58756191],[105.65397543,34.5876739],[105.65347843,34.5878259],[105.65270743,34.5879259],[105.65151643000002,34.5877839],[105.65041843,34.5881079],[105.65026243,34.5880449],[105.64997443,34.5876109],[105.64978943,34.58757191],[105.64918543,34.5878789],[105.64907443,34.58840389],[105.64861343,34.5882679],[105.64843843,34.5882919],[105.64840943,34.58872989],[105.64809943,34.58878589],[105.64793343,34.58901489],[105.64734943,34.58899289],[105.64726443000002,34.58924288],[105.64730943000002,34.58956888],[105.64687743000002,34.58966988],[105.64666843,34.59010387],[105.64639443,34.58921988],[105.64484643000002,34.5878179],[105.64404643,34.5880879],[105.64234043,34.58841189],[105.64214743,34.58859489],[105.64231143,34.58909788],[105.64180543,34.58926288],[105.64110443,34.58968388],[105.64104143,34.58965088],[105.64094943,34.58914988],[105.64083243,34.58892289],[105.64045343,34.58860789],[105.64049843,34.5880279],[105.64041743,34.5879379],[105.64003943000002,34.5878359],[105.63872743,34.5881529],[105.63762443,34.5883119],[105.63707343,34.58854689],[105.63502543,34.59042187],[105.63495543,34.59040487],[105.63493243,34.59020087],[105.63476743,34.59013387],[105.63434643,34.59033187],[105.63432243,34.59088586],[105.63417343,34.59085586],[105.63409843,34.59057386],[105.63398443,34.59051887],[105.63332643000001,34.59081886],[105.63329543,34.59096486],[105.63351843,34.59179885],[105.63351643,34.59218384],[105.63338343,34.59246684],[105.63315743,34.59262384],[105.63284243,34.59267484],[105.63243543,34.59244384],[105.63186643,34.59243784],[105.63162443,34.59234984],[105.63017943,34.59107686],[105.62998043,34.59141785],[105.62995643,34.59188185],[105.63013543,34.59220684],[105.62995843,34.59261684],[105.63010543,34.59290583],[105.63028943,34.59299483],[105.62998243,34.59315583000001],[105.62862143,34.59256084],[105.62814443,34.59214484],[105.62775143,34.59185185],[105.62729043,34.59165985],[105.62630943,34.59157385],[105.62523043,34.59107586],[105.62520343,34.59049787],[105.62536343,34.59012087],[105.62583943,34.58924688],[105.62630343,34.58883789],[105.62647143,34.58882989],[105.62678343,34.58898489],[105.62761443,34.58969388],[105.62812343,34.58954688],[105.62822643,34.58936688],[105.62799243,34.58889489],[105.62766443,34.58846689],[105.62731543,34.5882829],[105.62685143,34.5878589],[105.62663343,34.5877559],[105.62646243,34.58688591],[105.62628043,34.58668892],[105.62642043,34.58652292],[105.62653643,34.58615892],[105.62613643,34.58588693],[105.62573843,34.58574293],[105.62554443,34.58554793],[105.62529143,34.58474694],[105.62489343,34.58431295],[105.62470643,34.58350196],[105.62443743000001,34.58332696],[105.62360843,34.58327896],[105.62333643,34.58307497],[105.62330143,34.58207798],[105.62266843,34.58206098],[105.62242943,34.58177999],[105.62210143000001,34.58181698],[105.62130743,34.58256597],[105.62103443,34.58272097],[105.62050143,34.58242798],[105.61922143,34.58243498],[105.61877743,34.58255897],[105.61870743,34.58249997],[105.61870043,34.58229898],[105.61880943000001,34.58185998],[105.61864743,34.58168499],[105.61853343,34.58166799],[105.61834143,34.58188698],[105.61811143,34.58200998000001],[105.61735443,34.58225698],[105.61735743,34.58260797],[105.61708343000001,34.58299597],[105.61701643,34.58306497],[105.61663743,34.58310597],[105.61656043,34.58318597],[105.61661143,34.58336696],[105.61684143,34.58345596],[105.61693843,34.58358796],[105.61703443,34.58449595],[105.61701143,34.58468295],[105.61691043,34.58476494],[105.61624943,34.58467195],[105.61593443,34.58435695],[105.61557743,34.58428495],[105.61539043,34.58434595],[105.61507443,34.58463895],[105.61436443,34.58458695],[105.61354543,34.58534694],[105.61326543000001,34.58591993],[105.61286043,34.58613093],[105.61255243,34.58676992],[105.61197143,34.58771290000001],[105.61170943,34.587800900000005],[105.61109643,34.5877089],[105.61033843,34.5877819],[105.61024143,34.5877249],[105.61014743000001,34.58712391],[105.60981943,34.58650692],[105.60952343,34.58636592],[105.60928243,34.58634992],[105.60819043,34.58655892],[105.60800343,34.58653792],[105.60785643,34.58631092],[105.60762943000002,34.58562493],[105.60749843000002,34.58552893],[105.60631843,34.58605593],[105.60608643,34.58647892],[105.60592843,34.58655392],[105.60543243,34.58658192],[105.60474243,34.58642092],[105.60471743,34.58627692],[105.60479743,34.58620192],[105.60541043,34.58610993],[105.60563643,34.58596693],[105.60557943,34.58570693],[105.60526743,34.58561393],[105.60535643,34.58535594],[105.60565643,34.58510994],[105.60567243,34.58483094],[105.60551043000001,34.58459595],[105.60497843,34.58442095],[105.60493243,34.58397495],[105.60500143,34.58388496],[105.60515843000002,34.58385196],[105.60603543,34.58374696],[105.60613443,34.58361996],[105.60620043000002,34.58314997],[105.60614143,34.58282997],[105.60590343000001,34.58246498],[105.60533243000002,34.58220498],[105.60512443,34.58217298],[105.60475643,34.58228198],[105.60466843,34.58224998],[105.60451143000002,34.58193098],[105.60365843,34.580977000000004],[105.60366443,34.580735],[105.60393543,34.580355],[105.60441943,34.57995901],[105.60455743,34.57974601],[105.60456943,34.57956702],[105.60444243,34.57939002],[105.60396143,34.57932902],[105.60289843,34.57957201],[105.60126243,34.58082],[105.60105443,34.58124599],[105.60107043,34.58163199],[105.60099943,34.58178398],[105.60078043,34.58181098],[105.60017743000002,34.58170699],[105.59998743,34.58155199],[105.59998443,34.58125499],[105.60157043,34.57943002],[105.60171443,34.57883302],[105.60172943,34.57857403],[105.60150043,34.57835503],[105.60152643,34.57813503],[105.60140343,34.57777004],[105.60079943,34.57785404],[105.60059443,34.57798204],[105.60015943,34.57860103],[105.59888943,34.57924702],[105.59829643,34.58018301],[105.59801643,34.580466],[105.59574343,34.58157999],[105.59573043,34.58178798],[105.59580443000002,34.58185298],[105.59672543,34.58228798],[105.59723743,34.58270497],[105.59725243,34.58295297],[105.59716643,34.58322996],[105.59479043,34.58327296],[105.59403643,34.58320297],[105.59385943000001,34.58323896],[105.59346143,34.58359896],[105.59299743,34.58375596],[105.59155643000001,34.58390996],[105.59042343,34.58387696],[105.59041443,34.58394596],[105.59108643,34.58450195],[105.59199943,34.58544193],[105.59291343,34.58594093],[105.59288543,34.58656592],[105.59301443,34.58712491],[105.59298143,34.5876609],[105.59304543,34.5881189],[105.59334743,34.58871989],[105.59340543,34.58897389],[105.59334043,34.58902389],[105.59299943,34.58894189],[105.59334543,34.58925588],[105.59431143,34.59100986],[105.59487143,34.59135585],[105.59590243,34.59233584],[105.59621243,34.59244284],[105.59638543,34.59261084],[105.59596943,34.59281683],[105.59585743,34.59274783],[105.59568743,34.59253484],[105.59507243,34.59209184],[105.59429843,34.59173885],[105.59272243,34.59156785],[105.59197243,34.59121486],[105.59160043,34.59115086],[105.59140943,34.59087786],[105.59109943,34.59082986],[105.59041843,34.59031387],[105.58963543,34.59018187],[105.58943843,34.59007887],[105.58957243,34.59047687000001],[105.58914343,34.59020087],[105.58905343,34.59022587],[105.58903643,34.59059086],[105.58866443,34.59107386],[105.58797343,34.59100386],[105.58758743,34.59158385],[105.58743143,34.59158185],[105.58712543,34.59139585],[105.58694743,34.59145185],[105.58569043,34.59220884],[105.58518143000002,34.59240584],[105.58516743,34.59298983],[105.58503443,34.59307283],[105.58415943,34.59337283000001],[105.58360443,34.59306583],[105.58324043000002,34.59309483],[105.58301243,34.59330783],[105.58292143,34.59377982],[105.58273643,34.59388482],[105.58200243,34.59361782],[105.58176443000002,34.59366582],[105.58119243,34.59416082],[105.58087343,34.59472881],[105.58010043,34.5950368],[105.57998943000001,34.59490881],[105.58005343,34.59432681],[105.57986743,34.59385682],[105.57921043,34.59320783],[105.57886843,34.59231384],[105.57832743,34.59182985],[105.57759443,34.59043087],[105.57726543,34.59000787],[105.57706843,34.58993987],[105.57613643,34.59041587],[105.57164643,34.59233284],[105.56951043,34.59316183],[105.56928843000001,34.59335683],[105.56928143,34.59335983],[105.56892543,34.59353782],[105.56875943,34.59375182],[105.56842743,34.59395482],[105.56776343,34.59423381],[105.56752643,34.59468681],[105.56685543,34.5950868],[105.56534343,34.5952668],[105.56397543,34.59587679],[105.56369343,34.59591579],[105.56339143,34.59585879],[105.56297343,34.59599479],[105.56212843,34.59655978],[105.56164843,34.59698578],[105.56116543,34.59789176],[105.56066343000002,34.59827676],[105.56046043,34.59859775],[105.56024843,34.59864075000001],[105.55977643,34.59857076],[105.55916243,34.59858476],[105.55871343,34.59865075],[105.55779943,34.59901975],[105.55686043,34.59954874],[105.55554143,34.59990274],[105.55537743,34.60040573],[105.55534343,34.60128572],[105.55518543,34.60181371],[105.55515443,34.6024977],[105.55531143,34.60315169],[105.55504243,34.60535666],[105.55488143,34.60562166],[105.55412243000002,34.60600165],[105.55389343,34.60620665],[105.55348243,34.60726664],[105.55257243,34.60873562],[105.55254443,34.60883761],[105.55270943,34.60920261],[105.55278243,34.6097926],[105.55244143,34.6100546],[105.55230443000002,34.6102816],[105.55213343,34.61095759],[105.55190843,34.61143658],[105.55220743,34.61197457],[105.55179843,34.61254156],[105.55274243000001,34.61286056],[105.55342543,34.61294156],[105.55474043,34.61334355],[105.55546043,34.61364955],[105.55696743,34.61450154],[105.55725843,34.61459954],[105.55852143,34.61461754],[105.55879643,34.61485853],[105.55891243,34.61683651],[105.55917143,34.6174845],[105.55984643000001,34.618642480000005],[105.56000443,34.61926147],[105.55978243,34.61933547],[105.55865443,34.61924347],[105.55734043,34.61930747],[105.55645443,34.61943847],[105.55618243,34.61961247],[105.55594543,34.61996646],[105.55584643,34.62054746],[105.55595243,34.62108445],[105.55616043,34.62143544],[105.55636543,34.62164644],[105.55655443,34.62171644],[105.55706743,34.62165644],[105.55730443,34.62151344],[105.55759243000001,34.62108745],[105.55765443,34.62018246],[105.55792643,34.62009446],[105.55835443,34.62024846],[105.55875143,34.62108045],[105.55907943,34.62137644],[105.56020643,34.62158144],[105.56092143,34.62178944],[105.56242943,34.62263743],[105.56281243,34.62277042],[105.56380943,34.62282042],[105.56450543,34.62275943],[105.56533643,34.62250943],[105.56593643,34.62215143],[105.56664043,34.62125445],[105.56709743,34.62021246],[105.56736943,34.61989246000001],[105.56818443,34.61932147],[105.56901243,34.61898348],[105.56904643,34.61844548],[105.56926643,34.61794649],[105.56995243,34.6174805],[105.57057043,34.61688251],[105.57174443,34.61636251],[105.57379643000002,34.61645151],[105.57455443,34.61656851000001],[105.57505243,34.6169045],[105.57642143,34.61813349],[105.57741443,34.61916847],[105.57842343,34.62008246],[105.57852642,34.62026446],[105.57859843,34.62080145],[105.57838543,34.62210343],[105.57811643,34.62265743],[105.57774343,34.62316742],[105.57744243,34.62388941],[105.57732643,34.6244994],[105.57726543,34.62554639],[105.57736943,34.62597038],[105.57774843,34.62651837],[105.57819543,34.62688537],[105.57889943,34.62729236],[105.57937943000002,34.62742936],[105.57997943,34.62772336],[105.58022043,34.62797735],[105.58034243,34.62820235],[105.58037843,34.62847035],[105.57982543,34.63007132],[105.57979443,34.63057932],[105.57997243,34.6318143],[105.58028643,34.63260229],[105.58079043,34.63372927],[105.58132743,34.63468626],[105.58179243,34.63533625],[105.58294443,34.63626324],[105.58399243,34.63692023],[105.58446043000001,34.63750022],[105.58526743,34.63834321],[105.58571343000001,34.63862321],[105.58622743,34.63874621],[105.58715043,34.63874121],[105.58769743000002,34.63868221],[105.58846143,34.63844821],[105.58969143000002,34.63779722],[105.59023643,34.63755222],[105.59086743,34.63739422],[105.59315243,34.63632224],[105.59501343,34.63580325],[105.59561143,34.63580025],[105.59641743,34.63593624],[105.59720643,34.63634224],[105.59755143,34.63672523],[105.59771543,34.63703023],[105.59788242,34.63768322],[105.59788643,34.63805022],[105.59739943,34.6393542],[105.59696743000002,34.64089218],[105.59677043,34.64251015],[105.59682843,34.64337314],[105.59709443,34.64449013],[105.59726943,34.64504012],[105.59764743,34.64544611],[105.59814643000001,34.64575411],[105.59888343,34.64591011],[105.59931043,34.64586511],[105.60002843,34.64566211],[105.60057143,34.64515012],[105.60107943,34.64432813],[105.60206343,34.64326314],[105.60260943,34.64294915],[105.60298443,34.64283415],[105.60389143,34.64280015],[105.60457743,34.64300815],[105.60520743000001,34.64338914],[105.60584743,34.64403213],[105.60684743000002,34.64449913],[105.60856243,34.64510012],[105.61005843,34.64587111],[105.61129143,34.64597811],[105.61233643,34.64593111],[105.61433543,34.64538612],[105.61519043,34.645296120000005],[105.61574043,34.64554811],[105.61656743,34.6463081],[105.61742843,34.64691109],[105.61818243,34.64703709],[105.61924443,34.64700309],[105.62008443,34.64712609],[105.62257843000002,34.64850207],[105.62342043,34.64878107],[105.62446343,34.64880607],[105.62529743,34.64854007],[105.62641043,34.64822508],[105.62735543,34.64807308],[105.62980243,34.64790708],[105.63041943000002,34.64777808],[105.63180243,34.64727609],[105.63279543,34.64703309],[105.63330943,34.64701809],[105.63495543,34.64725109],[105.63567543,34.64726109],[105.63649743,34.64715909],[105.63755643,34.6467901],[105.63897643,34.6464731],[105.64252543,34.6465861],[105.64328043000002,34.6467101],[105.64434543,34.64700409],[105.64558043,34.64699909],[105.64647043,34.6468531],[105.64673643,34.6467451],[105.64976743,34.64551411],[105.65062443,34.64539712],[105.65280143,34.64541712],[105.65363843,34.64506212],[105.65445743,34.64443613],[105.65507143,34.64428513],[105.65632343000001,34.64411813],[105.65802343,34.644691130000005],[105.65835043,34.64466113],[105.65968243,34.64403313],[105.66057243,34.64399013],[105.66127643,34.64414113],[105.66177543,34.64409813],[105.66249143,34.64371314],[105.66349943,34.64331414],[105.66408243,34.64318415],[105.66449243,34.64318215],[105.66520443000002,34.64340914],[105.66695443,34.64436313],[105.66786543,34.64470013],[105.66817443,34.64468213],[105.66875643000002,34.64451113],[105.66935643,34.64456513],[105.66993843,34.64442113],[105.67014243,34.64422413],[105.67058043000002,34.64328914],[105.67070043,34.64320315],[105.67102543,34.64321715],[105.67138843,34.64345514],[105.67355043,34.64580811],[105.67387743,34.64594911],[105.67446143,34.64596011],[105.67475043,34.64584711],[105.67539743,34.64532112],[105.67554643,34.64503412],[105.67554443,34.64437313],[105.67541743,34.64358314],[105.67505143,34.64284915],[105.67468843,34.64239616],[105.67437243,34.64159317],[105.67436843,34.64116717],[105.67445343,34.64091418],[105.67486343,34.64071318],[105.67525743,34.64072518],[105.67548143,34.64082418],[105.67649843,34.64158517],[105.67696143,34.64154017],[105.67720043,34.64136817],[105.67753943,34.64095818],[105.67760343,34.64037818],[105.67751443000002,34.64010919],[105.67609943,34.63871521],[105.67601043,34.63851721],[105.67607343,34.63795022],[105.67641443,34.63762522],[105.67673943,34.63749522],[105.67735743,34.63739522],[105.67807543,34.63735123],[105.67914843,34.63747222],[105.68051843,34.63772222],[105.68140543,34.63788822],[105.68240043,34.63787122],[105.68287843,34.63774322],[105.68332243,34.63748722],[105.68577443,34.63545425],[105.68829943000001,34.63407327],[105.68874143000001,34.63356228],[105.68929843000001,34.63251329],[105.68951943,34.63230029],[105.68977443,34.6320603],[105.69086743,34.6316453],[105.69122743,34.6316583],[105.69152043,34.6318123],[105.69193743,34.63248929],[105.69209843,34.63331028],[105.69251343,34.63381527],[105.69282343,34.63397027],[105.69410943000001,34.63399427],[105.69458943,34.63390727],[105.69482643,34.63366428],[105.69490543,34.63342228],[105.69487843,34.63305928],[105.69467543,34.6320113],[105.69482443,34.63140231],[105.69506243,34.63116231],[105.69586543,34.63079131],[105.69701343,34.63077332],[105.69777543,34.62977733],[105.69955843,34.62788935],[105.69972843,34.62767836],[105.69984643,34.62735236],[105.69982143000001,34.62654737],[105.69969743,34.62602438],[105.69924643,34.62539039],[105.69873143,34.62499539],[105.69756543,34.62504339],[105.69686443,34.62534339],[105.69631743,34.62531639],[105.69595543,34.62514839],[105.69491043,34.62314542],[105.69476943,34.62259343],[105.69481743,34.62231143000001],[105.69524143,34.62170044],[105.69549543000001,34.62145944],[105.69585243,34.62134644],[105.69543643,34.62074545],[105.69500043,34.62047446],[105.69457543,34.62046946],[105.69379943,34.62083245],[105.69304543,34.62105345],[105.69231343,34.62099245],[105.69229743,34.62061745],[105.69270743,34.62027146],[105.69301443,34.61944447],[105.69258643000002,34.61904548],[105.69206943,34.61820049],[105.69165643,34.61801249],[105.69139243,34.61779249],[105.69130443,34.6175075],[105.69132743,34.6170555],[105.69143943,34.61677451],[105.69129143,34.61612152],[105.69135343,34.61593252],[105.69158243,34.61573252],[105.69145843,34.61533653],[105.69134543,34.61526253],[105.69131543,34.61514253],[105.69137943,34.61494153],[105.69170143,34.61450154],[105.69174643,34.61428354],[105.69161043,34.61367755],[105.69162343,34.61277256],[105.69114443,34.61242457],[105.69178843,34.61214057],[105.69198543,34.61169658],[105.69259243,34.61098759],[105.69283043,34.61080959],[105.69326043,34.61063659],[105.69348543,34.61033059],[105.69401143,34.6100016],[105.69400643,34.60950161],[105.69393243,34.60936461],[105.69378243,34.60929361],[105.69229543,34.60938961],[105.69194343000001,34.60952461],[105.69164943,34.60955061],[105.69147343,34.60941161],[105.69088843,34.60847162],[105.69022843,34.60790863],[105.68967143,34.60758863],[105.68870443,34.60724664],[105.68838543,34.60681064],[105.68778343000001,34.60540966],[105.68765143,34.60399368],[105.68755343,34.60369469],[105.68723043,34.60324269],[105.68712143,34.6029327],[105.68689543,34.6028037],[105.68672443,34.6029007],[105.68669943,34.60321869],[105.68663043,34.60330469],[105.68546343,34.60380668],[105.68529043,34.60394368],[105.68488343,34.60335969],[105.68455543,34.60323169],[105.68431343000002,34.60325769],[105.68403643,34.60362469],[105.68368643,34.60338269],[105.68355643,34.60339469],[105.68337743,34.60354669],[105.68326043,34.60350169],[105.68319243,34.60335569],[105.68318943000001,34.6029027],[105.68281143,34.6023527],[105.68287443,34.60205671],[105.68311743,34.60176971],[105.68312143,34.60137272],[105.68280443,34.60162471],[105.68216343,34.6024517],[105.68194343,34.6025567],[105.68164143,34.6025997],[105.67958643,34.6023667],[105.67927143,34.6028497],[105.67880743,34.60336069],[105.67840043,34.60404468],[105.67820043000002,34.60414468],[105.67797543,34.60444667],[105.67793743,34.60464467],[105.67801243,34.60498767],[105.67824543000002,34.60530466],[105.67816243,34.60564766],[105.67676943,34.60609865],[105.67684743,34.60653765],[105.67732843,34.60723664000001],[105.67726743,34.60732364],[105.67672043,34.60742963],[105.67652843,34.60738163],[105.67638443000001,34.60716764],[105.67626743,34.60627465],[105.67605743,34.60601565],[105.67568043,34.60596765],[105.67553543,34.60605265],[105.67542143,34.60630065],[105.67524843,34.60732364],[105.67446343,34.60849262],[105.67431943,34.60849862],[105.67389643,34.60815962],[105.67357143000001,34.60810862],[105.67217343,34.60837962],[105.67170643000001,34.60860262],[105.67135743,34.60857162],[105.67112643,34.60867062],[105.67102943,34.60917561],[105.67147243,34.60954361],[105.67168843,34.61048559],[105.67143443,34.61059859],[105.67177943,34.61095859],[105.67198243,34.61137358],[105.67195243,34.61153958],[105.67179343,34.61166458],[105.67174043,34.61182157],[105.67143543,34.61188557],[105.67017343,34.61175458],[105.66884343,34.61102459],[105.66717243,34.61073859],[105.66678043,34.61045159],[105.66679243,34.6102996],[105.66649443,34.6099826],[105.66594443,34.60961060000001],[105.66544443,34.60868862],[105.66477943,34.60787363],[105.66441843,34.60753063],[105.66442743,34.60728464],[105.66421243,34.60661365],[105.66425243000002,34.60636965],[105.66441343,34.60615465],[105.66494743,34.60579566],[105.66539843,34.60509867],[105.66517143,34.60371368],[105.66493743,34.60340369],[105.66492243,34.60308869],[105.66476343,34.6028917],[105.66496043,34.6026187],[105.66515943,34.6026467],[105.66554243,34.6029267],[105.66569643,34.60310069],[105.66571943,34.60335869],[105.66587643,34.60346569],[105.66642743,34.60362569],[105.66687943,34.60357069],[105.66745143,34.60311869],[105.66776643,34.6029607],[105.66798743,34.6029557],[105.66818643,34.60307769],[105.66864043,34.60318769],[105.66889343000001,34.60315169],[105.66908743,34.60303269],[105.66920543,34.6028777],[105.66921843,34.6024947],[105.66934243,34.60214771],[105.66917043,34.60181671],[105.66920043,34.60176471],[105.67016643,34.60207271],[105.67069943,34.60212971],[105.67123543000001,34.60189271],[105.67167543,34.60133372],[105.67182743,34.60134972],[105.67202343,34.60155271],[105.67210843,34.60152772],[105.67212743,34.60112972],[105.67234743,34.60119472],[105.67264443,34.60149272000001],[105.67269443,34.60179871],[105.67281743,34.60191071],[105.67334743,34.60197171],[105.67448943,34.6022607],[105.67465243,34.60224071],[105.67579143,34.60122972],[105.67588743,34.60043973],[105.67577343,34.59943974],[105.67929943,34.59853176],[105.67970143,34.59837176],[105.68073243,34.59747877],[105.68097743,34.59717577],[105.68106843000001,34.59693078],[105.68113843,34.59608079],[105.68276643,34.59603679],[105.68361943,34.59589779],[105.68611743,34.59451981],[105.68645343,34.59422981],[105.68696043000001,34.59357682],[105.68714543,34.59344983],[105.68841143,34.59310083],[105.68925043,34.59335283]]]},"properties":{"gml_id":"layer_township_pg.33071","Name":"中梁乡","layer":"乡镇","code":"620502200000","grade":4,"2015_POP":18500,"2020_POP":19154,"2023_POP":19300,"area_km2":120,"2015_GDP":4,"2020_GDP":6.01,"2023_GDP":7.52}},{"type":"Feature","geometry":{"bbox":[105.38412943,34.39845348,105.49406743,34.51201394],"type":"Polygon","coordinates":[[[105.46126343,34.50794499],[105.46241743,34.507708],[105.46282443,34.50794999],[105.46423443,34.50781999],[105.46466043,34.50796499],[105.46478043,34.50807199],[105.46509743000001,34.50883098],[105.46572943,34.50935297000001],[105.46596443,34.50970497],[105.46638743,34.50978697000001],[105.46656643,34.50991297],[105.46662443,34.51025396],[105.46597743,34.51063496],[105.46592643,34.51094395],[105.46599443,34.51116095],[105.46638843,34.51167494],[105.46683943,34.51201394],[105.46679543,34.51157394],[105.46699143,34.51143094],[105.46867243,34.51152294],[105.47091843,34.51130295],[105.47133543000001,34.51118995],[105.47168843,34.51099395],[105.47263243,34.51092195],[105.47318143,34.51056296],[105.47394043,34.51057796],[105.47438243,34.51066496],[105.47471143000001,34.51037596],[105.47494743,34.51039796],[105.47509343,34.51052096000001],[105.47562243000002,34.51035996],[105.47704643,34.51074995],[105.47754943,34.50995296],[105.47788043,34.50972097],[105.47813143,34.51039496],[105.47837543,34.51055396],[105.47892943,34.51063996],[105.47917443000001,34.51028696],[105.47933343,34.51021096],[105.47959543,34.51021996],[105.48010343,34.51000196],[105.48014743,34.50965097],[105.48033843,34.50927597],[105.48081843000001,34.50940997],[105.48148743,34.50947397],[105.48188343,34.50929397],[105.48202243,34.50906098],[105.48206343,34.50882598],[105.48198743000002,34.50812999],[105.48261943,34.50818499],[105.48279143,34.50811199],[105.48289243000002,34.50790299],[105.48283343,34.50778199],[105.48238043,34.507425],[105.48239643,34.50691701],[105.48383443,34.50719200000001],[105.48431443,34.507545],[105.48439543,34.507522],[105.48447043,34.507132],[105.48469343,34.50675201],[105.48447843,34.50649201],[105.48407643,34.50636001],[105.48398843,34.50625401],[105.48374643,34.50469704],[105.48373243,34.50420404],[105.48381943,34.50375305],[105.48389143,34.50367305],[105.48449843,34.50364105],[105.48478843,34.50341805],[105.48509443,34.50336405],[105.48540443,34.50338605],[105.48622343,34.50362305],[105.48654043,34.50360005],[105.48658643,34.50343205],[105.48647443,34.50295206],[105.48651843,34.50160908],[105.48690943,34.50076809],[105.48756843,34.5000021],[105.48796843,34.4997751],[105.48836843,34.4996581],[105.48902343,34.49899611],[105.49050843,34.49871912],[105.49089243,34.49856712],[105.49127543,34.49855112],[105.49143243,34.49844012],[105.49307643,34.49802613],[105.49399743,34.49758913],[105.49406743,34.49731614],[105.49389643,34.49683514],[105.49395043,34.49644715],[105.49384643,34.49528516],[105.49356543,34.49463217],[105.49342843,34.49457817],[105.49342443,34.49393818],[105.49336043,34.49386318],[105.49266643,34.49363819],[105.49230543,34.49320819],[105.49189143,34.4929102],[105.49069543,34.49072423],[105.49020143,34.49098422],[105.48981743,34.49103422],[105.48955443,34.49091322],[105.48947543,34.49063023],[105.48957443,34.48953124],[105.48952843,34.48886825],[105.48944143000001,34.48858826],[105.48902943,34.48799626],[105.48887643000002,34.48801226],[105.48836843,34.48827526],[105.48809443000002,34.48874325],[105.48802743,34.48873625],[105.48801743,34.48832226],[105.48787643,34.48833726],[105.48773843,34.48863626],[105.48767143,34.48861026],[105.48759543,34.48823426],[105.48724343,34.48804726],[105.48679943,34.48798026],[105.48670443,34.48736727000001],[105.48675243,34.48652928],[105.48656043,34.48605529],[105.48658443,34.48583929],[105.48650143,34.4855093],[105.48630743,34.4853093],[105.48625443,34.484735310000005],[105.48591743,34.48367632],[105.48570843,34.48339133000001],[105.48576643,34.48285133],[105.48569143,34.48252234],[105.48583843,34.48229134],[105.48576543,34.48193035],[105.48554743000001,34.48161335],[105.48561443,34.48141335],[105.48586643,34.48124036],[105.48700643,34.48104436],[105.48770943000001,34.48104636],[105.48824443,34.48052037],[105.48822643,34.48033837],[105.48799743,34.48021837],[105.48797643,34.48009937],[105.48818643000001,34.47963538],[105.48818543,34.47947738],[105.48808443,34.47899539],[105.48771043,34.4780284],[105.48732343,34.47757841],[105.48715943,34.47749641],[105.48653543,34.47745241],[105.48642043,34.47718141],[105.48616043,34.47706941],[105.48606843,34.47647642],[105.48617643,34.47633542],[105.48617243,34.476222420000006],[105.48607543,34.47616443],[105.48605743,34.47603543],[105.48636243,34.47612943],[105.48846043,34.47520744],[105.48892443,34.47492044],[105.48905943,34.47475344000001],[105.48925943,34.47479444],[105.48955543,34.47471245],[105.48970543000001,34.47442945],[105.48998143,34.47425945],[105.49021243,34.47397645],[105.49039843,34.47389346],[105.49077843000002,34.47346146],[105.49153543,34.47297547],[105.49071343,34.47279647],[105.49026543,34.47261547],[105.48943843,34.47193848],[105.48870243000002,34.47145949],[105.48715843,34.4708195],[105.48680643,34.4704715],[105.48616643,34.4704765],[105.48529643,34.4706225],[105.48370243,34.4704555],[105.48278343,34.4707705],[105.48178943,34.47121549],[105.48144043,34.4710425],[105.48113143,34.4706725],[105.48102443,34.4706325],[105.48062243,34.4707485],[105.48041243,34.47017251],[105.47993043,34.46936952],[105.47926943,34.46916452],[105.47891843000001,34.46932752],[105.47832143,34.46985651],[105.47785843,34.46993651],[105.47760343,34.46957851],[105.47752243,34.46957251],[105.47766543,34.46928652],[105.47763243,34.46905652],[105.47745543,34.46894652],[105.47735043000002,34.46900152],[105.47720643,34.46895652],[105.47717843,34.46834053],[105.47696343000001,34.46786654],[105.47636443,34.46736554],[105.47606843,34.46733255],[105.47566143000002,34.46716655],[105.47556543,34.46727055],[105.47543243,34.46806454],[105.47492043,34.46880353],[105.47496143,34.46960851],[105.47510543,34.46980051],[105.47495143,34.46986651],[105.47488243,34.47002151],[105.47470643,34.46999051],[105.47458543,34.46965551],[105.47404643,34.46940852],[105.47356343,34.46871653],[105.47345743,34.46865653],[105.47318443,34.46884152],[105.47303343,34.46889552],[105.47294843,34.46884652],[105.47275643000002,34.46840053],[105.47275843,34.46803254],[105.47258243,34.46780454],[105.47258443,34.46771054],[105.47281243,34.46762454000001],[105.47319243,34.46773554],[105.47333943,34.46770554],[105.47345343,34.46744754],[105.47344743,34.46698655],[105.47334843,34.46673355],[105.47341643,34.46659256],[105.47368043,34.46649056],[105.47373343,34.46619456],[105.47424643,34.46549157],[105.47424943,34.46532857],[105.47444043,34.46493258],[105.47481043,34.46454158],[105.47499443,34.46421359],[105.47534843,34.4632856],[105.47548843,34.4631276],[105.47546343,34.4630056],[105.47526443,34.46284161],[105.47558043,34.46248461],[105.47610843,34.46224861],[105.47642343,34.46190462],[105.47688043,34.46186662],[105.47698443,34.46161862],[105.47736343,34.46141663],[105.47758943,34.46110363],[105.47827943,34.46087563],[105.47855143,34.46064164],[105.47895843,34.46054164000001],[105.47901743,34.46030264],[105.47855143,34.45998765],[105.47834643,34.45992765],[105.47792643,34.45943665],[105.47752143,34.45925866],[105.47702843,34.45882466],[105.47558043,34.45802067],[105.47525043,34.45793867],[105.47373943,34.45835767],[105.47351143,34.45850767],[105.47299543,34.45836167],[105.47279243,34.45793167],[105.47280843,34.45758368],[105.47290143000001,34.45725368],[105.47308443,34.45695469],[105.47316343,34.45683169],[105.47372743,34.45650069],[105.47462343,34.4561887],[105.47461343,34.4560727],[105.47446443,34.4559417],[105.47450543,34.4557757],[105.47471143000001,34.4556017],[105.47536443000001,34.4556667],[105.47580243,34.45545171],[105.47678143,34.45532171],[105.47699843,34.45521671],[105.47745543,34.45524471],[105.47786743,34.45504071],[105.47820343,34.45472672],[105.47860343000002,34.45354173],[105.47879643,34.45348473],[105.47962143,34.45293074],[105.47972043,34.45301174],[105.48082643000001,34.45285474],[105.48135843,34.45314374],[105.48177643000001,34.45321374],[105.48208143000001,34.45313574],[105.48256843,34.45286074],[105.48249643,34.45260975],[105.48275543,34.45251475],[105.48279743,34.45242975],[105.48260043,34.45231475],[105.48219943,34.45177276],[105.48178043,34.45089077],[105.48134143,34.45087077],[105.48130543,34.45065977],[105.48166743,34.45014978],[105.48256243,34.44960679],[105.48313843,34.4490048],[105.48323843,34.4488118],[105.48402143,34.4486698],[105.48518143,34.4486198],[105.48594543,34.4488888],[105.48644443,34.4488498],[105.48672343,34.44808581],[105.48697443000002,34.44764781],[105.48793843,34.44659583],[105.48725343,34.44656383],[105.48720743,34.44652583],[105.48730143,34.44636983],[105.48650643,34.44583584],[105.48593043,34.44573384],[105.48543243,34.44576184],[105.48492743,34.44527185],[105.48485343,34.44507485],[105.48415243,34.44443986],[105.48393343,34.44404386],[105.48379343,34.44305788],[105.48329943,34.44200589],[105.48351343,34.4416079],[105.48351943,34.44092091],[105.48376043,34.44046291],[105.48378443,34.44013292],[105.48355743,34.43951392],[105.48289443,34.43902393],[105.48092343,34.43868794],[105.48112843,34.43850794],[105.48216843,34.43793395],[105.48272143,34.437780950000004],[105.48303543,34.43749895],[105.48338343,34.43703596],[105.48291543,34.43658096],[105.48264443000001,34.43601097],[105.48187943,34.43573798],[105.48216043,34.43548598000001],[105.48215343,34.43498999],[105.48175143,34.43475899],[105.48160143,34.43441799],[105.48141743,34.434233],[105.48105943,34.434218],[105.48097443,34.433906],[105.48074343,34.43353701],[105.48058743,34.43336101],[105.48040443,34.43329801],[105.48005343,34.43335001],[105.47944043000001,34.43316201],[105.47883843,34.43321001],[105.47881243,34.43326101],[105.47914243,34.43338101],[105.47874043000002,34.43362],[105.47776943,34.433577],[105.47709643000002,34.433821],[105.47705843,34.43392],[105.47668143,34.433999],[105.47598943,34.433834],[105.47446143,34.433841],[105.47449543,34.433608],[105.47469043,34.43322401],[105.47456043,34.43320801],[105.47389843,34.43348701],[105.47374543,34.433753],[105.47366043,34.43428799],[105.47335143,34.43433799],[105.47312943,34.434074],[105.47328843000001,34.433751],[105.47307943,34.43326701],[105.47312043,34.43301501],[105.47365943,34.43238202],[105.47377643,34.43205403],[105.47366943000002,34.431862030000005],[105.47354643000001,34.43181103],[105.47286843,34.43173603],[105.47185443,34.42962706],[105.47159343000001,34.42966306],[105.47154343,34.42944506],[105.47182243,34.42932506],[105.47151343,34.42929006],[105.47135743,34.42882607],[105.47170743,34.42870707],[105.47189943,34.42832608],[105.47107043,34.42817408],[105.47039043,34.42740809],[105.47031143,34.42721409],[105.47029443,34.4266991],[105.47013643,34.4263411],[105.47029643,34.42614111],[105.46973443,34.42607111000001],[105.46909043,34.42561911],[105.46695943,34.42490012],[105.46516043,34.42525312],[105.46480443,34.42520212],[105.46468543,34.42505512],[105.46460243,34.42475013],[105.46458643,34.42382414],[105.46446043,34.42366314],[105.46455943,34.42336714],[105.46484343,34.42325415],[105.46500343,34.42265415],[105.46558543,34.42251116],[105.46597943,34.42273015],[105.46605143000001,34.42248816],[105.46636143,34.42259915],[105.46654743,34.42254615],[105.46687743,34.42259415],[105.46750943,34.42240816],[105.46765843,34.42203116],[105.46824243,34.42122817],[105.46854743,34.42025719],[105.46895743,34.41959419],[105.46893143,34.4193532],[105.46852243000001,34.4190862],[105.46820843,34.41872721],[105.46753643,34.41844521],[105.46746443,34.41817421],[105.46725343,34.41793922],[105.46696543,34.41718823],[105.46634743,34.41657124],[105.46582543,34.41623424],[105.46526543000002,34.41657824],[105.46500643,34.41661724],[105.46447443,34.41647224],[105.46481943,34.41585725],[105.46480943,34.41544625],[105.46496543,34.41492226],[105.46503743,34.41479126],[105.46536343,34.41466626],[105.46484843,34.41420527],[105.46504643,34.41387427],[105.46542543,34.41368828],[105.46539443000002,34.41359528],[105.46499643,34.41332628],[105.46476343,34.41306828],[105.46487543,34.41290629],[105.46521443,34.41277329],[105.46533243,34.41259729],[105.46530243,34.4122303],[105.46502343,34.4120183],[105.46513143,34.4118723],[105.46523043,34.41125931],[105.46564143,34.41071932],[105.46565743,34.41039832],[105.46577943,34.41018132],[105.46607943,34.40996333],[105.46638843,34.40922034],[105.46693943,34.40866234000001],[105.46701843,34.40840635],[105.46697243,34.40780836],[105.46723443,34.40728736],[105.46727443,34.40682237],[105.46759443,34.40634738],[105.46756243000002,34.40596038],[105.46718343,34.40559139],[105.46713443,34.4048574],[105.46663343,34.4044344],[105.46625043,34.40502539],[105.46517943000002,34.40579738],[105.46466943,34.40592938],[105.46386343,34.40628438],[105.46317743,34.40646237],[105.46272743,34.40649537],[105.46246643,34.40632138],[105.46219143,34.40599138],[105.46215143,34.40572338],[105.46199543,34.40551339],[105.46178543,34.40550239],[105.46064243,34.40579638],[105.46030543,34.40562339],[105.46002243,34.40514139],[105.45940243,34.40509239],[105.45909343,34.40493039],[105.45783043,34.40386541],[105.45751343,34.40341142],[105.45710443,34.40312842],[105.45645743,34.40295142],[105.45590243,34.40183344],[105.45566943,34.40158344],[105.45554943,34.40132244],[105.45513643,34.40125444],[105.45418443,34.40083545],[105.45380243,34.40033446],[105.45371743,34.40009046],[105.45370043000001,34.39961247],[105.45350143,34.39928647],[105.45293743,34.39895048],[105.45251043,34.39845348],[105.45214843000001,34.39868248],[105.45155743,34.39889948],[105.45014343,34.39921247],[105.44949043,34.39945547],[105.44707843,34.40065745],[105.44615443000002,34.40132044],[105.44574543,34.40178844],[105.44553343,34.40218243],[105.44508443,34.40354841],[105.44487343,34.40372641],[105.44455443,34.40384341],[105.44163443,34.4042264],[105.44033443,34.4042504],[105.43976143,34.4041844],[105.43886143,34.40357441],[105.43867743,34.40361041],[105.43856343,34.40372741],[105.43822643,34.4045224],[105.43704843,34.40639737],[105.43644343,34.40724736],[105.43621743,34.40741736],[105.43598843,34.40752736],[105.43507543,34.40761936],[105.43454343,34.40788835],[105.43383443,34.40844135],[105.43355843,34.40867834],[105.43208543,34.40953133],[105.43087343,34.40971433],[105.43066743,34.40986833],[105.42999143,34.41091931],[105.42937243,34.4121353],[105.42905443,34.41242729],[105.42826543,34.41298528],[105.42632143,34.41404727],[105.42492343,34.41492226],[105.42389043000001,34.41526025],[105.42311243000002,34.41538525],[105.42214243,34.41540125],[105.42152243,34.41551725],[105.42069343,34.41593924],[105.42032943,34.41621824],[105.41998043,34.41662524],[105.41905643,34.41793122],[105.41734143,34.4192142],[105.41655243,34.41966019],[105.41582043,34.41989019],[105.41525643,34.41988119],[105.41296643,34.4192812],[105.41270143,34.4192812],[105.41343643,34.4195162],[105.41421343,34.41992319],[105.41523643000001,34.42028719],[105.41587243,34.42035718],[105.41631343000002,34.42020219],[105.41768743,34.42033518],[105.41785243,34.42058118],[105.41804743,34.42117817],[105.41849343,34.42209216],[105.41893943,34.42234416],[105.42037243,34.42294115],[105.41999643000001,34.42324914],[105.42008643,34.42349814],[105.42055343,34.42410013],[105.42067843,34.42413913],[105.42101143,34.424042130000004],[105.42183843,34.42563411],[105.42238043,34.42620511],[105.42265143,34.4263141],[105.42293943,34.4267391],[105.42328343,34.4268841],[105.42388443,34.42736109],[105.42432143,34.42751309],[105.42450043000001,34.42765909],[105.42461643,34.42778108],[105.42489143000002,34.42860007],[105.42503143,34.42869607],[105.42522843,34.42870207],[105.42581143,34.42917906000001],[105.42582443,34.42956606],[105.42562243000002,34.43014305],[105.42594643,34.43067504],[105.42604443,34.43104904],[105.42641543,34.43121004000001],[105.42648843000002,34.43142103],[105.42656843,34.43178603],[105.42652443,34.43188203],[105.42566143,34.43215402],[105.42506243,34.43197903],[105.42492943,34.43201003],[105.42469543,34.43218102],[105.42455243,34.43241202],[105.42424343,34.43259002],[105.42281543,34.43298001],[105.42264243,34.43310001],[105.42247443,34.43294801],[105.42222143,34.433809],[105.42228243,34.433974],[105.42224243,34.434114],[105.42207443000001,34.434131],[105.42177943,34.433966],[105.42074443,34.43410500000001],[105.42066443,34.434208],[105.42055543,34.43498499],[105.42061843,34.43553098],[105.42083343,34.43598997],[105.42097543,34.43614897],[105.42143843,34.43640097],[105.42140743,34.43644397],[105.42108143,34.43638897],[105.42080743,34.43625297],[105.42054043,34.43596497],[105.42024443,34.43504299],[105.41963643,34.43482999],[105.41908643,34.43486899],[105.41935443,34.43542998],[105.41924443,34.43586797],[105.41952043,34.43610197],[105.41930543,34.43650996],[105.41933843,34.43672996],[105.41923943,34.43697996],[105.41933343,34.43726595],[105.41971843,34.43757495],[105.41997443,34.43807994],[105.42014043,34.43826294],[105.42022943,34.43850894],[105.42014243,34.43870693],[105.42017543,34.43893893],[105.41975943,34.43923493],[105.41929843,34.43947392],[105.41891243,34.43956492],[105.41862943,34.43975292],[105.41845343,34.44002092],[105.41843643000001,34.44069691],[105.41822943,34.4411139],[105.41709443,34.4415229],[105.41708143,34.44181989],[105.41622843,34.44249988],[105.41632143,34.44274288],[105.41623943,34.44316287],[105.41663443,34.44324487],[105.41682943000002,34.44385287],[105.41648743,34.44386686],[105.41644743,34.44393186],[105.41655943,34.44466685],[105.41674743000002,34.444992850000006],[105.41699443,34.44530584],[105.41743443,34.44564384],[105.41764043,34.44559684000001],[105.41773743,34.44591584],[105.41772543,34.44599884],[105.41759343,34.44602284],[105.41772043,34.44633583],[105.41680343,34.44566284],[105.41683243,34.44547884],[105.41674443,34.44534984],[105.41636443,34.44516085],[105.41509243,34.44522985],[105.41491243,34.44534984],[105.41481643,34.44557384],[105.41457943000002,34.44557784],[105.41408743,34.44493985],[105.41381643,34.44476385],[105.41272143,34.44430986],[105.41209343,34.44426886],[105.41178843,34.44393986],[105.41143643,34.44433486],[105.41104143,34.44497985],[105.41112943,34.44526585],[105.41107743,34.44554084],[105.40991943,34.44590384],[105.40948843,34.44628783],[105.40933843,34.44628183],[105.40901143,34.44607683],[105.40902943000002,34.44649883],[105.40871443,34.44688382],[105.40867643,34.44701682],[105.40875643,34.44720082],[105.40855643000002,34.44722782],[105.40849743,34.44730682],[105.40836643,34.44816781],[105.40809043,34.44821181],[105.40816743,34.4487318],[105.40869143,34.44932079],[105.40862243,34.44959979],[105.40830643,34.44995278],[105.40795943,34.45004978],[105.40639943,34.45007378],[105.40606043,34.45015978],[105.40586343,34.44999378],[105.40566343,34.44997078],[105.40481743,34.45075077],[105.40484443,34.45119377],[105.40509643,34.45171676],[105.40536443,34.45197075],[105.40580043,34.45281374],[105.40622343,34.45325474],[105.40622243,34.45417172],[105.40678343,34.4558847],[105.40666143,34.4560877],[105.40643143000001,34.4562007],[105.40578943,34.4561447],[105.40485243,34.45652769],[105.40442743,34.45656169],[105.40423843,34.45680669],[105.40385943,34.45774968],[105.40377043,34.45816267],[105.40386343,34.45846467],[105.40370443000002,34.45885766000001],[105.40381443,34.45921966],[105.40366543,34.45965865],[105.40369643,34.46021664],[105.40348243,34.46088763],[105.40313943,34.46163262],[105.40323343,34.46174162],[105.40320643,34.46203562],[105.40349843,34.46254461],[105.40365643,34.46242361],[105.40367443,34.46216562],[105.40422843,34.46221362],[105.40506143,34.46272161],[105.40630443,34.46375059],[105.40725243,34.46424959],[105.40729943,34.46446058],[105.40714843,34.46491758],[105.40693743,34.46513358],[105.40564743,34.46539357],[105.40481143,34.46579357],[105.40416343,34.46622656],[105.40318443000001,34.46657756],[105.40175943,34.46681355],[105.40095643,34.46681855],[105.40001643,34.46709455],[105.39968643,34.46725655],[105.39845043,34.46753854],[105.39713843,34.46765854],[105.39677343,34.46776354],[105.39628643,34.46776754],[105.39566343,34.46766154],[105.39441443,34.46717855],[105.39440943,34.46732855],[105.39524043,34.46831953],[105.39549743,34.46895252],[105.39549843,34.46931252],[105.39478043000001,34.46991651],[105.39386943000001,34.47000751],[105.39379143000001,34.47008551],[105.39363243,34.4707575],[105.39284743,34.47133349],[105.39214543,34.471212490000006],[105.39169543,34.47136649],[105.39160743,34.47126049],[105.39159443,34.47103349],[105.39202543,34.46979651],[105.39202943,34.46961851],[105.39140643,34.4703235],[105.39102043,34.4706355],[105.39079543,34.4706865],[105.38934143,34.46947952],[105.38885243,34.46916252],[105.38852343,34.46873553],[105.38826343,34.46854353],[105.38791543,34.46844253],[105.38810843000002,34.46862053],[105.38824443,34.46892552],[105.38856343,34.46921452],[105.38856643,34.46935152],[105.38708143,34.46991251],[105.38666743,34.47013451],[105.38639943,34.4704775],[105.38875443,34.47223448],[105.38957543,34.47231948],[105.38970543000002,34.47215548],[105.39037543,34.47231948],[105.39087643000002,34.47309547],[105.39078143,34.47325346],[105.39039443,34.47332446],[105.39031543000002,34.47354346000001],[105.39044243,34.47398345],[105.39090743,34.47436845],[105.39110743,34.47475944],[105.39112643,34.47511144],[105.39093543,34.47570843],[105.39093443,34.47607443],[105.39135143,34.47691041],[105.39129343,34.47725541],[105.39093243,34.47749641],[105.39102443,34.47759641],[105.39148643000001,34.4777234],[105.39163743,34.4779704],[105.39155643,34.4781074],[105.39110343,34.47845239],[105.39046243,34.47839339],[105.39034743,34.47843939],[105.39054643,34.47856239],[105.39070843,34.47855239],[105.39075643,34.47866039],[105.38996843,34.47872739],[105.38913643,34.47847539],[105.38847943,34.4781644],[105.38845643,34.4782294],[105.38871343,34.47842739],[105.38940843000002,34.47883439],[105.38913543,34.47891639],[105.38904743,34.47915238],[105.38814443,34.47948738],[105.38732743,34.47940538],[105.38674343,34.47942938],[105.38460643,34.48081836],[105.38454543,34.48093136000001],[105.38412943,34.48107336],[105.38466643,34.48179835],[105.38666843,34.48242234],[105.38716343,34.48275434],[105.38780643,34.48291733],[105.38821843,34.48287733],[105.38863243,34.48305133],[105.38923343,34.48311633],[105.38949043,34.48287033],[105.38964443,34.48284833],[105.38972643,34.48296133],[105.38974843,34.48319733],[105.38964043,34.48336733],[105.38964743,34.48348633],[105.39019543,34.48406032],[105.39033243,34.48410332],[105.39104143,34.48402432],[105.39128043,34.48439131],[105.39140343,34.48446431],[105.39172943,34.48416532],[105.39209043,34.48419032],[105.39255043,34.48442331],[105.39288943,34.48469031],[105.39360243,34.48480631],[105.39478943,34.4852103],[105.39507843,34.4851683],[105.39523243,34.4850053],[105.39533143,34.4850163],[105.39559443,34.4853893],[105.39616843,34.48594729],[105.39644443,34.48605829],[105.39653143,34.48628529],[105.39685543,34.48630229],[105.39713043,34.48616029],[105.39727043,34.48597329],[105.39736943,34.48599129],[105.39801343,34.48642729],[105.39854943000002,34.48654228],[105.39920843,34.48742127],[105.39940543,34.48754327],[105.39989343,34.48764627],[105.40039243,34.48749327],[105.40093043000002,34.48783027],[105.40149343000002,34.48776427],[105.40198243,34.48815926],[105.40260843,34.48806826],[105.40324443,34.48820126],[105.40337843,34.48831226],[105.40345043,34.48855126],[105.40362643,34.48856226],[105.40385143,34.48840326],[105.40396443000002,34.48842626],[105.40415443,34.48865726],[105.40411443,34.48878225],[105.40317943,34.48938725],[105.40303943,34.48965524],[105.40256943,34.49020523],[105.40193743,34.49063923],[105.40191843,34.49109422],[105.40203943,34.49141022],[105.40191443,34.49169621],[105.40164743,34.49179021],[105.40157043,34.491948210000004],[105.40184543000001,34.49205821],[105.40257143,34.49194521],[105.40275543,34.49197921],[105.40429543,34.49306019],[105.40492543,34.49361119],[105.40501943,34.49385618],[105.40539943,34.49383118],[105.40551943,34.49390118],[105.40565443,34.49416318],[105.40631243,34.49470417],[105.40641143,34.49489617],[105.40646343,34.49535116],[105.40660543000001,34.49553716],[105.40659143,34.49576516],[105.40729243,34.49628815],[105.40773943,34.49702214],[105.40846843000001,34.49788313],[105.40906443,34.49820412],[105.40912543,34.49814913],[105.40908743,34.49770013],[105.40915143,34.49766513],[105.41061443,34.49868612],[105.41116543,34.49882312],[105.41165543,34.49865912],[105.41169343,34.49847212],[105.41158943,34.49814813],[105.41144643,34.49648515],[105.41134443,34.49609215],[105.41138643,34.49585816],[105.41239743,34.49526216],[105.41343643,34.49535516],[105.41406343,34.49510417],[105.41475443,34.49512817],[105.41519543,34.49521917],[105.41639943000001,34.49573616],[105.41647243,34.49558216],[105.41653543,34.49479417],[105.41628643,34.49433318],[105.41633143,34.49420518],[105.41703143,34.49350119],[105.41701243,34.49316919],[105.41682743,34.4928432],[105.41682043,34.4927172],[105.41694343,34.4926942],[105.41844743,34.49360319],[105.41862043,34.49363519],[105.41900143000001,34.49341819],[105.41941643,34.49340219],[105.41984543,34.49357419],[105.42015443,34.49399018],[105.42027743,34.49401918],[105.42148043,34.49359719],[105.42224343,34.493590190000006],[105.42267343,34.49382218],[105.42318143,34.49396018],[105.42375043,34.49449118],[105.42437143000001,34.49472417],[105.42491843,34.49506617],[105.42522143,34.49495717],[105.42539243,34.49465517],[105.42555343,34.49455317],[105.42637243,34.49473317],[105.42666343,34.49467317],[105.42682843,34.49449518000001],[105.42685443,34.49412318],[105.42693843,34.49395718],[105.42706843,34.49389518],[105.42750143,34.49383718],[105.42808243,34.49388818],[105.42807043,34.49436918],[105.42766543,34.49507417],[105.42735343,34.49531116],[105.42735343,34.49542916],[105.42777243,34.49539216],[105.42833443,34.49565816],[105.42877943,34.49558616],[105.42930843,34.49563516],[105.42939943,34.49558216],[105.42956543,34.49564616],[105.42967243,34.49592016],[105.42955843,34.49632315],[105.42996043000001,34.49710714],[105.43018143,34.49716114],[105.43093143,34.49708114],[105.43112043,34.49711514],[105.43123243,34.49724314],[105.43136643,34.49754013],[105.43130143000002,34.49776213],[105.43110243,34.49798713],[105.43107243,34.49873712],[105.43110943,34.49902111],[105.43118843,34.49910111],[105.43094143,34.49921811],[105.43113243,34.49945211],[105.43157443,34.49943811],[105.43180243,34.49953611],[105.43197643,34.4999541],[105.43230143,34.5001371],[105.43230143,34.50047409],[105.43246243,34.50072809],[105.43251843,34.50106709],[105.43243143000001,34.50134008],[105.43199343000002,34.50174308],[105.43187043,34.50226407],[105.43197043,34.50258907],[105.43183943,34.50267406],[105.43236243,34.50294606],[105.43255743,34.50347305],[105.43270643,34.50358505],[105.43277743,34.50376305],[105.43227643,34.50397605],[105.43139643,34.50418504],[105.43102043,34.50469804],[105.43032343,34.50473804],[105.42982943000001,34.50502103],[105.42980743,34.50520603],[105.43002243,34.50567202],[105.43000843,34.50596002],[105.42965143000002,34.50624701],[105.42983243,34.507014],[105.42979143,34.507401],[105.43029243,34.507523],[105.43075843,34.50782499],[105.43107343,34.50783699],[105.43139643,34.507718],[105.43155043,34.50784099],[105.43165543,34.50817099],[105.43190443,34.50828199],[105.43267243,34.507571],[105.43325143,34.507415],[105.43380943,34.507493],[105.43402643000002,34.507398],[105.43464043,34.507379],[105.43517243,34.507501],[105.43551043000001,34.507669],[105.43582043,34.507434],[105.43595443,34.507436],[105.43628043,34.507636],[105.43660043,34.50821999],[105.43701643,34.50831699],[105.43753643,34.50829199],[105.43803643,34.50874998],[105.43855143,34.50875098],[105.43980943,34.51026896],[105.43965243,34.51056196],[105.43971243,34.51088495],[105.44032743,34.51109095],[105.44098543,34.51093095],[105.44116043,34.51055896],[105.44121843000002,34.51010596],[105.44151443,34.50989597],[105.44222143,34.50965097],[105.44247643,34.50948197000001],[105.44302943,34.50930297],[105.44382643,34.50876598],[105.44405443,34.50920997],[105.44428443,34.50936997],[105.44554043,34.50983997],[105.44616243000002,34.50968297],[105.44638843,34.50980697],[105.44683143,34.50982197],[105.44691843,34.50970897],[105.44660943,34.50958997],[105.44654643,34.50949697],[105.44656443,34.50933097],[105.44679143,34.50926397],[105.44749843,34.50934797],[105.44751943,34.50924797],[105.44740043,34.50904998],[105.44753543,34.50903098],[105.44862443,34.50917397],[105.44856443,34.50883798],[105.44942443,34.50907198],[105.44978943,34.50899998],[105.45143643,34.50807399],[105.45179743,34.50779299],[105.45219743,34.507655],[105.45379643,34.50685801],[105.45426043,34.50675601],[105.45511743,34.50679301],[105.45609443,34.50696701],[105.45679743,34.50691701],[105.45747243,34.50698201],[105.45777043,34.507243],[105.45837343,34.507392],[105.45912743,34.50777199],[105.46026843,34.50796299],[105.46126343,34.50794499]]]},"properties":{"gml_id":"layer_township_pg.33072","Name":"秦岭乡","layer":"乡镇","code":"620502201000","grade":4,"2015_POP":14500,"2020_POP":15005,"2023_POP":15100,"area_km2":72,"2015_GDP":3.12,"2020_GDP":4.69,"2023_GDP":5.86}},{"type":"Feature","geometry":{"bbox":[105.23649043,34.41112931,105.42656843,34.53086268],"type":"Polygon","coordinates":[[[105.40399543,34.42315815],[105.40375743,34.42294215],[105.40269843,34.42139217],[105.40234443,34.42108917],[105.40041743,34.42014819],[105.39881143000001,34.4191422],[105.39815343,34.41881421000001],[105.39680943000002,34.41836621],[105.39519043,34.41818121],[105.39436643,34.41798022],[105.39358443,34.41740123],[105.39319843,34.41691723],[105.39173143,34.41581425],[105.39019443000001,34.41505726],[105.38777343,34.41519426],[105.38688843,34.41515726],[105.38612443,34.41508326],[105.38517643,34.41469526],[105.38403743,34.41411927],[105.38315543,34.41356228],[105.38258843,34.41294529],[105.38192643,34.4117693],[105.38177243,34.41130431],[105.38161743,34.41116631],[105.38145043,34.41112931],[105.38089843,34.41123231],[105.37829343,34.4121083],[105.37649643000002,34.41315928],[105.37436543,34.41480726],[105.37380643000002,34.41514626],[105.37176043,34.41555725],[105.37116243,34.41579925],[105.36959043,34.41613124],[105.36797243,34.41679123],[105.36742443,34.41712023],[105.36549143,34.41877721],[105.36456143,34.41981919],[105.36391543,34.42066518],[105.36348443,34.42136717],[105.36274143,34.42282815],[105.36249843,34.42295515],[105.36224843,34.42298415],[105.36166343,34.42298215],[105.36075543,34.42299315],[105.36046743,34.42313315],[105.36023743,34.42327414],[105.35848643,34.42500812],[105.35754143,34.42550111],[105.35705143,34.42550111],[105.35598143,34.42530012],[105.35561543,34.42530112],[105.35540143,34.42546511],[105.35455043,34.4267951],[105.35421643,34.42717309],[105.35384643,34.42744809],[105.35339343,34.42775608],[105.35137743,34.42853107],[105.34945943,34.43028905],[105.34912843,34.43069504],[105.34746243,34.43217402],[105.34682543000001,34.43291801],[105.34551743000002,34.43479099],[105.34499943000002,34.43520798],[105.34449643,34.43551198],[105.34377643,34.43557498],[105.34336243,34.43553698],[105.34177243,34.43531298],[105.34145243,34.43516198],[105.34115943,34.43502399],[105.34054743,34.43450599],[105.33987143,34.433798],[105.33929843,34.43259902],[105.33912743,34.43166303],[105.33894243,34.43131004],[105.33859143000001,34.43099404],[105.33821243,34.430782040000004],[105.33797443,34.43073104],[105.33740343,34.43068704],[105.33696543,34.43074604],[105.33644843,34.43092004],[105.33590043,34.43127404],[105.33545743,34.43166703],[105.33484843,34.43237602],[105.33458943,34.43255202],[105.33350543,34.43299501],[105.33275843,34.43340101],[105.33242243,34.433678],[105.33181543,34.43476499],[105.33129643,34.435144980000004],[105.33085343,34.43524698],[105.32936943,34.43533598],[105.32895843,34.43547698],[105.32848443,34.43572898],[105.32728143,34.43680596],[105.32683843,34.43708396],[105.32621143,34.43720996],[105.32272743000001,34.43741395],[105.32122643,34.43780695],[105.31999743,34.43832394],[105.31944043,34.43843994],[105.31817343,34.43889593],[105.31543843,34.43963092],[105.31475043,34.43995992],[105.31415543000001,34.44037891],[105.31308943,34.4415039],[105.31251843,34.44186289],[105.31221843,34.44196089],[105.31036843,34.44197289],[105.30958843,34.44204989],[105.30928343,34.44214989],[105.30746843,34.44368287],[105.30710143,34.44364387],[105.30610643,34.44254688],[105.30516843,34.44176389],[105.30475343,34.44162489],[105.30391243,34.4415369],[105.30357643,34.4413619],[105.30345243,34.4412219],[105.30340543,34.44076591],[105.30355843,34.44047491],[105.30401443,34.44009692],[105.30557143000001,34.43899593],[105.30561443000002,34.43865394],[105.30553143,34.43727295],[105.30562443000001,34.43664396],[105.30575943,34.43613897],[105.30623143,34.43558198],[105.30696343000001,34.43501299],[105.30742143,34.43486199],[105.30778543,34.43481199],[105.30817743000001,34.43488899],[105.30893543,34.43489899],[105.31023543,34.43482099],[105.31321243,34.43317501],[105.31618743,34.43180903],[105.31681343,34.43134104],[105.31730143,34.43084804],[105.31736443,34.43058605],[105.31729843,34.43043705],[105.31709843,34.43032905],[105.31543643,34.43048205],[105.31396143,34.43084204],[105.31048243,34.43142103],[105.30953543,34.43175103],[105.30863443,34.43180203],[105.30720943,34.43123504],[105.30379443,34.43008705],[105.30266143,34.42963306],[105.30137243000001,34.42945706],[105.29977743,34.42879207],[105.29933943,34.42871607],[105.29832143,34.42872907],[105.29472343,34.42865507],[105.29388343000001,34.42869407],[105.29292143000002,34.42893407],[105.29156343,34.42959306],[105.29110443,34.42965706],[105.28789443,34.42970906],[105.28765143,34.42982506],[105.28745243,34.43002605],[105.28727143,34.43053305],[105.28726143,34.43192303],[105.28743143,34.433992],[105.28752443,34.43437299],[105.28854743,34.43667196],[105.28868643,34.43732795],[105.28867043,34.43755795],[105.28827643,34.43858194],[105.28790043,34.44031391],[105.28759543,34.44057891],[105.28671443,34.44080091],[105.28387943,34.4409949],[105.28143343,34.4409769],[105.28058143,34.4410749],[105.28002743,34.4412479],[105.27949043,34.44165489],[105.27919643,34.44208689],[105.27888143,34.44321287],[105.27877443,34.44338887],[105.27815243,34.44377087],[105.27626743,34.44467785],[105.27464943,34.44545784],[105.27372943,34.44582084],[105.27320843,34.44602784],[105.27268443,34.44613683],[105.27045443,34.44627783],[105.27019243,34.44616783],[105.26950043,34.44535484],[105.26894243,34.44492185],[105.26818943,34.44452386],[105.26752643,34.44439686],[105.26719043,34.44443486],[105.26702143,34.44451186],[105.26685043,34.44492785],[105.26681343,34.44527685],[105.26694743,34.44672083],[105.26676443,34.44700682],[105.26517643,34.44792481],[105.26364243,34.4485388],[105.26287443,34.4487118],[105.26013843,34.4488688],[105.25944143,34.44904079],[105.25853343,34.44941479],[105.25808343,34.44972879],[105.25783143000001,34.45005378],[105.25748843,34.45066477],[105.25706543,34.45172176],[105.25618543000002,34.45432772],[105.25606043,34.45535871],[105.25605243,34.4557977],[105.25649443,34.45807067],[105.25650243,34.45970765],[105.25668843,34.46033564],[105.25724443,34.46107863],[105.25784943,34.46167562],[105.25800643,34.46191662],[105.25835543000001,34.46284861],[105.25830943,34.4631176],[105.25687543,34.46463258],[105.25677043,34.46491358],[105.25674643000002,34.46533957],[105.25688843,34.46580857],[105.25825543,34.46790454],[105.25841743,34.46824653],[105.25839543,34.46855053],[105.25803643,34.46910452],[105.25793643,34.46941152],[105.25758443,34.47135849],[105.25720843,34.47229148000001],[105.25722843,34.47301447],[105.25753543,34.47387446],[105.25707443,34.47624042],[105.25629543,34.478383390000005],[105.25580543,34.47930738],[105.25551343,34.48039237],[105.25518243000002,34.48074436],[105.25417343,34.48134335],[105.25391843,34.48160635],[105.25376943,34.48231234],[105.25382043,34.48381432],[105.25416043,34.48612329],[105.25425543,34.48695828],[105.25409343,34.48755527],[105.25357143,34.48815226],[105.25308143,34.48856126],[105.25268943,34.48918525],[105.25226543,34.48994624],[105.25194143000002,34.49122122],[105.25133343000002,34.49613215],[105.25084643,34.49811413],[105.25045543,34.49871012],[105.25039143,34.49895611],[105.25081343,34.4999731],[105.25090843,34.5000511],[105.25073643,34.50103209],[105.25037143,34.50181208],[105.24991043,34.50215807],[105.24787443,34.50334105],[105.24750443,34.50371205],[105.24612243,34.50643501],[105.24566343,34.507],[105.24542043,34.507174],[105.24334843,34.507542],[105.24299343,34.507732],[105.24183143,34.50867898],[105.24155443,34.50906298],[105.24098343,34.51032296],[105.24083743,34.51141295],[105.24063543,34.51179594],[105.24009943,34.51238193],[105.23793343,34.51301592],[105.23708143,34.51353892],[105.23667243,34.51388291],[105.23649043,34.51416991],[105.23654443,34.51429791],[105.23736443,34.5149179],[105.23869943,34.51559089],[105.23927543,34.51566589],[105.24073943,34.51543289],[105.24138643,34.51541989],[105.24292743,34.51562689],[105.24339043,34.51577789],[105.24405543000002,34.51615188],[105.24463943,34.51679587],[105.24454643,34.51727886],[105.24411343,34.51823085],[105.24407143,34.51885284],[105.24412443,34.51999183],[105.24404443,34.52088982],[105.24381943,34.52166881],[105.24343443,34.52240679],[105.24293143000001,34.52301079],[105.24290843,34.52394377],[105.24230843,34.52751773],[105.24194243,34.52776272],[105.24051743,34.5291527],[105.23961743,34.52973569],[105.24005843,34.53001369],[105.24062543,34.53024369],[105.24118043,34.53067268],[105.24210543,34.53073868],[105.24267043,34.53058068],[105.24386943,34.53086268],[105.24418743,34.53086068],[105.24515543,34.53053168],[105.24632243,34.53035169],[105.24711943,34.53007569],[105.24715143,34.52979069],[105.24708443,34.5296807],[105.24728143,34.52877171],[105.24825643000001,34.52731173],[105.24851143,34.52698673],[105.24895743,34.52682373],[105.24939843,34.52647274],[105.24949943,34.52620174],[105.25007043,34.52564675],[105.25080943000002,34.52516176],[105.25192143,34.52335678],[105.25228243,34.52299579],[105.25250243,34.52289079],[105.25295843,34.52292479],[105.25388643,34.52284479],[105.25458043000002,34.52259279],[105.25536443000001,34.5220898],[105.25763543,34.51939584],[105.25764543,34.51892084],[105.25716743,34.51671787],[105.25715543,34.51609088],[105.25722543,34.515835880000004],[105.25732243,34.51574089],[105.25792343,34.51539089],[105.25857443000001,34.5148249],[105.25877843,34.5147429],[105.25942843,34.5146999],[105.26024443,34.5149229],[105.26114943,34.51534689],[105.26180343,34.51582288],[105.26267843,34.51625988],[105.26385243000001,34.51648288],[105.26441543000001,34.51697387],[105.26474343,34.51756186000001],[105.26489343,34.51757686],[105.26501043,34.51752786],[105.26556543,34.51687887],[105.26630943,34.5148629],[105.26657043,34.51434291],[105.26660343,34.51397291],[105.26682743,34.51322792],[105.26693943,34.51308792],[105.26909543,34.51427591],[105.26921643,34.5146219],[105.27034943,34.51611288],[105.27041243,34.51638788],[105.27035343,34.51673087],[105.27048243,34.51709387],[105.27080443,34.51741386],[105.27134643,34.51767486],[105.27164543,34.51790886],[105.27203743,34.51837685],[105.27209543,34.51914684],[105.27218143,34.51936384],[105.27293143,34.51987583],[105.27353443,34.52005683],[105.27450743,34.52010883],[105.27552943,34.51964683],[105.27577243,34.51941084],[105.27592343,34.51911384],[105.27639843,34.51771486],[105.27654643,34.51750586],[105.27744443,34.51738486],[105.27785843,34.51761186],[105.27815143,34.51807385],[105.27867843,34.51829885],[105.27972343,34.51846185],[105.28275943,34.51791486],[105.28338043,34.51790786000001],[105.28422643,34.51761686],[105.28410343,34.51806085],[105.28393043,34.51832785],[105.28326943,34.51885084],[105.28381243,34.51905584],[105.28398343,34.51996583],[105.28396643,34.52080982],[105.28355943,34.52083082],[105.28282543,34.52107481],[105.28243943000001,34.52136781],[105.28243943000001,34.52159781],[105.28257743,34.5216718],[105.28324943,34.52138081],[105.28354943,34.521320810000006],[105.28363743,34.52143081],[105.28330443,34.5221708],[105.28257043,34.52326878],[105.28234043,34.52334278],[105.28203043,34.52362178],[105.28218243,34.52399577],[105.28273243,34.52429477],[105.28284043,34.52445477],[105.28285443,34.52465776],[105.28270143,34.52482176],[105.28229043,34.52502276],[105.28171843,34.52545275],[105.28137743,34.52592075],[105.28135443,34.52617574],[105.28143543,34.526463740000004],[105.28149643,34.52654674000001],[105.28183143000001,34.52664274],[105.28230843000001,34.52672874],[105.28271843,34.52643774],[105.28301143,34.52582775],[105.28293043,34.52570775],[105.28246343,34.52593575],[105.28245343,34.52570175],[105.28262143,34.52530176],[105.28286743,34.52517176],[105.28339243,34.52530076],[105.28374143,34.52482376],[105.28382143000002,34.52476676],[105.28403643,34.52479376],[105.28436943,34.52440377],[105.28466343,34.52422277],[105.28473243000002,34.52434577],[105.28470443,34.52456277],[105.28501943,34.52461276],[105.28513743,34.52477276],[105.28503643,34.52487876],[105.28502143,34.52511276],[105.28433143,34.52505976],[105.28421443000002,34.52514276],[105.28445243,34.52627174],[105.28464543,34.52630274],[105.28511143,34.52579175],[105.28535043,34.52596475],[105.28541343,34.52614074],[105.28560343,34.52631774],[105.28788243,34.52711873],[105.28793843,34.52723873000001],[105.28769243,34.52725873],[105.28760743,34.52732273],[105.28760843,34.52742573],[105.28793243,34.52764272],[105.28819143,34.52792772],[105.28830843,34.52796172],[105.28852143,34.52780472],[105.28858943000002,34.52749873],[105.28880743,34.52727473],[105.28932943,34.52722073],[105.28986143,34.52734373],[105.29012643,34.52726273],[105.29029643,34.52704973],[105.29043843,34.52615274],[105.29065143,34.52599175],[105.29115643,34.52602175],[105.29157243,34.52621574],[105.29146443,34.52661174],[105.29180943,34.52683073],[105.29210643,34.52694473],[105.29230143,34.52693773],[105.29248143,34.52675374],[105.29246143,34.52631374],[105.29208743,34.52584075],[105.29152543,34.52546775],[105.29123943,34.524561770000005],[105.29097143,34.52401177],[105.29091443,34.523785780000004],[105.29105443,34.52348478],[105.29103643,34.52309979],[105.29112043,34.52309279000001],[105.29127143,34.52342478],[105.29164843,34.52388077],[105.29177743,34.52394377],[105.29205943000001,34.52390077],[105.29218443000002,34.52370478],[105.29196843,34.52302179],[105.29205543000002,34.52274879],[105.29222443,34.522617790000005],[105.29231343,34.5224118],[105.29229443,34.5220718],[105.29314743,34.5217008],[105.29394143,34.52154681],[105.29437343,34.52151881],[105.29470443000001,34.52159281],[105.29489043,34.5217258],[105.29522343,34.5222508],[105.29537343,34.5223748],[105.29624943,34.52263379],[105.29682343000002,34.52306979],[105.29753843,34.52292279],[105.29802243,34.52309879],[105.29803543000001,34.52320178],[105.29783643,34.52357178],[105.29740843,34.52385978],[105.29664243,34.52362778],[105.29636243,34.52374678],[105.29627043,34.52394677],[105.29626043000002,34.52415677],[105.29649143,34.52435277],[105.29741743,34.52475476],[105.29791843,34.52462277],[105.29840143,34.52465976],[105.29859243,34.52460877],[105.29865343,34.52449877],[105.29855843,34.52413177],[105.29855543,34.52338878],[105.29867543,34.52313478000001],[105.29893743,34.52302479],[105.29959443,34.52298079],[105.30055543,34.52305979],[105.30079743,34.52298379],[105.30136543,34.52331278],[105.30176443,34.52339678],[105.30310843000001,34.52337178],[105.30331943000002,34.52331178],[105.30416443,34.52358778],[105.30487243,34.52397977],[105.30587743,34.52399977],[105.30591643,34.52395077],[105.30582243,34.52365878],[105.30598343,34.52345278],[105.30623043,34.52333878],[105.30646043,34.52333478],[105.30697943,34.52372978],[105.30701843,34.52370078],[105.30685443,34.52325678],[105.30668343,34.52310579],[105.30615943,34.5221478],[105.30561943,34.52138381],[105.30553643,34.52095981],[105.30564843,34.52066582],[105.30592543,34.52034982],[105.30592943,34.52022982],[105.30578443,34.52010483],[105.30529243,34.52005583],[105.30499343,34.51988683],[105.30485443,34.519506830000005],[105.30516243,34.51896184],[105.30504443,34.51865285],[105.30512643,34.51848485],[105.30620443,34.51811985],[105.30691443000002,34.517737860000004],[105.30764443,34.51770086],[105.30758043,34.51757386],[105.30733643,34.51740086],[105.30641243,34.51697287],[105.30619943,34.51676787],[105.30624643,34.51660887],[105.30647543,34.51644988],[105.30629643,34.51626888],[105.30598943,34.51608888],[105.30532943,34.51590688],[105.30485143,34.51555889],[105.30468943,34.51524789],[105.30461143,34.5148339],[105.30465243,34.5147069],[105.30558243,34.51537989],[105.30600443,34.51543089],[105.30607343,34.51527889],[105.30599343,34.5149119],[105.30611943,34.5145019],[105.30595543,34.5144739],[105.30563243,34.5148899],[105.30541143,34.5148059],[105.30549843,34.5144009],[105.30591243,34.51380291],[105.30569043,34.51360392],[105.30517743,34.51371291],[105.30486443,34.51363091],[105.30478743,34.51340292],[105.30496343,34.51302592],[105.30482943,34.51277993],[105.30477143,34.51238093],[105.30491743,34.51227393],[105.30515843,34.51226293],[105.30536943,34.51234393],[105.30584143,34.51235593],[105.30791843,34.51308392],[105.30837643,34.51346792],[105.30860943,34.51376691],[105.30880543,34.51434091],[105.30876743,34.5147809],[105.30820143,34.5148209],[105.30812143,34.5148939],[105.30813843,34.5150409],[105.30837343,34.51533389],[105.30872143,34.51560789],[105.30928743,34.51582088],[105.30959443,34.51567989],[105.31000343,34.51512689],[105.31014043,34.51510689],[105.31017343,34.51524589],[105.31042443,34.51555989],[105.31049843,34.51583188],[105.31066043,34.51593888],[105.31056443,34.51605788],[105.31058043,34.51615188],[105.31036343,34.51640488],[105.31036543,34.51678587],[105.31056743,34.51684487],[105.31136143,34.51659787],[105.31152143,34.51627088],[105.31159243000002,34.51584388],[105.31152543,34.51522589000001],[105.31140343,34.5149519],[105.31089743,34.5144129],[105.30970643,34.51372591],[105.30954543,34.51355992],[105.30959243,34.51313892],[105.31003543,34.512639930000006],[105.31061343,34.51213893],[105.31091743,34.51190494],[105.31132243,34.51180594],[105.31149143,34.51199194],[105.31155843,34.51228593],[105.31176843000001,34.51258493],[105.31223043,34.51285093],[105.31243343,34.51305192],[105.31295143,34.51364391],[105.31313943,34.51403091],[105.31344643,34.51408991],[105.31395443,34.51384991],[105.31397743,34.51374391],[105.31312043,34.51149094],[105.31187043,34.50974397],[105.31187943,34.50925097],[105.31195243,34.50889798],[105.31203243,34.50882498],[105.31259543000002,34.50859098],[105.31391943,34.50823599],[105.31403143,34.50810999],[105.31416743,34.507663],[105.31406743000001,34.50715000000001],[105.31396943,34.50661101],[105.31324343,34.50547803],[105.31279943,34.50511803],[105.31238643,34.50492503],[105.31217543,34.50464504],[105.31201443,34.50454504],[105.31161243,34.50316506],[105.31161843,34.50266506],[105.31203543,34.50185107],[105.31281543,34.50085109],[105.31317043,34.5000111],[105.31351643,34.49954311],[105.31420443,34.4999901],[105.31472843,34.4998901],[105.31497043000002,34.4997091],[105.31508143,34.49940211],[105.31550043,34.49890212],[105.31550643,34.49862912],[105.31542543,34.49840312],[105.31556143,34.49817613],[105.31542243,34.49774313],[105.31543043,34.49760913],[105.31553843,34.49750713],[105.31583043,34.49754913],[105.31600843,34.49770213],[105.31602443,34.49779613],[105.31581643,34.49812213],[105.31580943,34.49825012],[105.31658543,34.49867412],[105.31674843,34.49888812],[105.31649243,34.49945511],[105.31670243000002,34.49954111],[105.31697643,34.49944811],[105.31781043,34.49946011],[105.31832743,34.49930011],[105.31877743,34.49881312],[105.31889043,34.49858712],[105.31881743,34.49841312],[105.31888943,34.49832612],[105.31917043,34.49838612],[105.32009143,34.49824612],[105.32040643,34.49832512],[105.32146243,34.49829812],[105.32329843000001,34.49702314],[105.32349943,34.49677614],[105.32373143,34.49615815],[105.32700243,34.49802713],[105.32800543,34.49893311],[105.32991143,34.49917211],[105.33453143,34.499247110000006],[105.33685843,34.4997781],[105.33827443,34.49852312],[105.33731943,34.49699214],[105.33836043,34.49714314],[105.33922543,34.49739614],[105.33996543,34.49802213],[105.34008143,34.49853612],[105.34081643,34.49866812],[105.34134243,34.49888112],[105.34229543,34.49943311],[105.34293443,34.4996731],[105.34341943,34.4996531],[105.34373443,34.4998251],[105.34424243,34.4998111],[105.34446943,34.5000051],[105.34510743,34.5000041],[105.34600643,34.50059709],[105.34644043,34.50047609],[105.34761943,34.50094109],[105.34879143,34.50119208],[105.34955943,34.50145208],[105.35023743,34.50143808],[105.35172843,34.50121608],[105.35218943,34.50123508],[105.35202343,34.50182608],[105.35159543,34.50188707],[105.35117643,34.50208007],[105.35095943,34.50313306000001],[105.35072043,34.50317106],[105.35028043,34.50309406],[105.35001943000002,34.50326806],[105.34960343,34.50314906],[105.34939443,34.50334905],[105.34912043,34.50346205],[105.34828843,34.50331706],[105.34819543,34.50348405],[105.34820143000002,34.50385005],[105.34851143,34.50416004],[105.34838443,34.50448404],[105.34845343,34.50473704],[105.34919543,34.50508303],[105.34995543,34.50570802],[105.34990843,34.50582802],[105.35005643,34.50600802],[105.35038843,34.50614102],[105.35046543,34.50631101],[105.35038043,34.50636401],[105.35034943,34.50655101],[105.35050243,34.50663501],[105.35172943,34.50657301],[105.35218143,34.50678901],[105.35226643,34.50695501],[105.35227243,34.507181],[105.35208043,34.507578],[105.35189443,34.50774199],[105.35195343,34.50789499],[105.35228843,34.50815499],[105.35223643,34.50832499],[105.35186943,34.50842799],[105.35177443,34.50885598],[105.35188043,34.50914198],[105.35200243,34.50920497],[105.35216743,34.50916098],[105.35237343,34.50908198],[105.35245443,34.50892198],[105.35268443,34.50887098],[105.35298443,34.50893398],[105.35309343,34.50912098],[105.35337943,34.50916998],[105.35372643,34.50907598],[105.35407743,34.50887198],[105.35442043,34.50892898],[105.35452943000001,34.50907898],[105.35442143,34.50927897],[105.35457443000001,34.50936897],[105.35544643,34.50942097],[105.35595843000002,34.50920097],[105.35646443,34.50944697],[105.35648443000001,34.50958297],[105.35631543,34.50969697],[105.35630443,34.50985997],[105.35645743,34.50999596],[105.35615643,34.51016396],[105.35606043,34.51056996],[105.35612143,34.51063396],[105.35652043,34.51072695],[105.35691243,34.51052596],[105.35721043,34.51051296],[105.35704143,34.51038196],[105.35724443,34.51012496],[105.35723543,34.50987197],[105.35748943,34.50960097],[105.35751243,34.50941197],[105.35741843,34.50920497],[105.35732143,34.50912898],[105.35678543000002,34.50907598],[105.35613243000002,34.50885698],[105.35596743,34.50800699],[105.35576743,34.507667],[105.35536343,34.507585000000006],[105.35536343,34.507475],[105.35553343,34.507344],[105.35551343,34.507128],[105.35510443,34.50685501],[105.35474143,34.50688201],[105.35426143,34.507186],[105.35389443,34.507219],[105.35363943,34.50695601],[105.35364543,34.50648301],[105.35333443,34.50621102],[105.35279643,34.50607102],[105.35268343,34.50597802],[105.35272243,34.50582202],[105.35289543,34.50570802],[105.35378343,34.50596602],[105.35419943,34.50598302],[105.35449843,34.50610802],[105.35458843,34.50605202],[105.35456643,34.50597302],[105.35482843,34.50580602],[105.35484843,34.50573402],[105.35470443,34.50562202],[105.35503043,34.50540303],[105.35491643000002,34.50526303],[105.35404743,34.50571302],[105.35433143,34.50519603],[105.35424543,34.50508003],[105.35401643,34.50500003],[105.35407543,34.50492003],[105.35480543,34.50478904],[105.35541143,34.50441104],[105.35547543,34.50444204],[105.35552943,34.50471504],[105.35579643,34.504907030000005],[105.35615943,34.50544303],[105.35702343,34.50565502],[105.35758643,34.50605102],[105.35823043,34.50665101],[105.35884043,34.50679601],[105.35826243,34.50611002],[105.35738543,34.50550803],[105.35711343,34.50523903],[105.35657543,34.50448304],[105.35634743000001,34.50404105],[105.35601243,34.50313106],[105.35591043,34.50255107],[105.35538543,34.50083109],[105.35534343,34.5003721],[105.35581843,34.5002401],[105.35656643000002,34.50065009],[105.35766243,34.50105909],[105.35754943,34.50114508],[105.35637143,34.50114708],[105.35597243,34.50132708],[105.35689743,34.50156308],[105.35751943,34.50250307],[105.35772943000002,34.50297206],[105.35776643,34.50336505],[105.35770443,34.50389905],[105.35781043,34.50407204],[105.35801243,34.50410904],[105.35826443,34.50396105],[105.35857343,34.50353405],[105.35889843,34.50399705000001],[105.35908943,34.50403905],[105.35941143,34.50377605],[105.35957643,34.50385205],[105.35984143,34.50414404],[105.35955843,34.50488803],[105.35959543,34.50513103],[105.36004543,34.50525103],[105.36041543,34.50497803],[105.36065243,34.50469704],[105.36112743,34.50448904],[105.36272843,34.50434404000001],[105.36285643,34.50439404],[105.36288243,34.50476304],[105.36275243,34.50542303000001],[105.36302543000001,34.50587302],[105.36277543,34.50605402],[105.36271543,34.50621702],[105.36285843,34.50698701],[105.36280243000002,34.507384],[105.36311743,34.507356],[105.36361643,34.50780199],[105.36371443,34.50797599],[105.36382643,34.50866598],[105.36427743,34.50935197],[105.36449643,34.50984697],[105.36495843,34.51000696],[105.36509043,34.50992597],[105.36513843,34.50976297],[105.36488343,34.50948997],[105.36490243,34.50933697],[105.36472043,34.50927797],[105.36467543,34.50917098],[105.36471943,34.50873098],[105.36465443,34.50855098],[105.36450843,34.50850798],[105.36439143,34.50829499],[105.36416143,34.507635],[105.36419343,34.507359],[105.36464243,34.507585000000006],[105.36507843,34.507603],[105.36516243,34.50756],[105.36517743,34.50721],[105.36497443,34.50680801],[105.36450243,34.50521503],[105.36479843,34.50549403],[105.36487043,34.50569802],[105.36525443,34.50617002],[105.36559443,34.50626601],[105.36558143,34.50611302],[105.36529843,34.50581602],[105.36513643,34.50552702],[105.36551543,34.50553603],[105.36592143,34.50595202],[105.36631743000001,34.50607802],[105.36641443,34.50625102],[105.36667743,34.50644501],[105.36673443,34.50656101],[105.36655543,34.50690801],[105.36660143,34.50699501],[105.36692043,34.50712],[105.36751743,34.507203],[105.36801143,34.507562],[105.36805543,34.50816299],[105.36823443,34.50854798],[105.36819443,34.50881698],[105.36790943,34.50916098],[105.36791443,34.50931797],[105.36827443,34.50960797],[105.36838443,34.50978397],[105.36828043,34.50993396],[105.36799043,34.51000196],[105.36721043,34.51059896],[105.36740943,34.51103895],[105.36773343,34.51120495],[105.36810443,34.51108195],[105.36892643,34.51100395],[105.36911843,34.51080995],[105.36902043,34.51052996],[105.36876243,34.51033696],[105.36871743,34.51021696],[105.36876443,34.51010396],[105.36896243000001,34.51007996],[105.36914243,34.50984897],[105.36894843,34.50958997],[105.36943843,34.50930197],[105.36952143,34.50899498],[105.36974143,34.50883498000001],[105.36996143,34.50850798],[105.37031243,34.50827399],[105.37058143,34.50792399],[105.37076743,34.50714],[105.37087343,34.507124],[105.37093743,34.507229],[105.37075443,34.50779299],[105.37075943,34.50817599],[105.37094143,34.50889998],[105.37093243,34.50956897],[105.37107443,34.50989997],[105.37152443,34.51016496],[105.37178143,34.51060796000001],[105.37178243,34.51091095],[105.37146843,34.51107895],[105.37142543000002,34.51129195],[105.37154243,34.51137494],[105.37154843,34.51156794],[105.37166943,34.51178194],[105.37190843,34.51205494],[105.37266743,34.51209694],[105.37302543,34.51240993],[105.37339343,34.51248893],[105.37358243,34.51283493],[105.37400643,34.51308092],[105.37408343,34.51304692],[105.37414243,34.51277393],[105.37424743,34.51266493],[105.37445243,34.51260693],[105.37454343000002,34.51208294],[105.37450643000001,34.51189294],[105.37438143,34.51176694],[105.37457743,34.51154294],[105.37442043,34.51079995],[105.37443943,34.51038696],[105.37426743,34.50993296],[105.37431543,34.50968997],[105.37457743,34.50991697],[105.37476543,34.51033596],[105.37494643,34.51051896],[105.37619943,34.51031996],[105.37645143000002,34.51019596],[105.37713343,34.51020696],[105.37737643,34.51085395],[105.37771843,34.51103995],[105.37864443,34.51085695],[105.37879243,34.51144794],[105.37856843,34.51197394],[105.37868643,34.51208794],[105.37880743,34.51209594],[105.37963443,34.51197094],[105.37990043,34.51182694],[105.37995243,34.51168694],[105.37984643,34.51145094],[105.37986543,34.51103595],[105.38001943,34.51045896],[105.38023543,34.51022396],[105.38106943,34.51007896],[105.38143743,34.50993096],[105.38167843,34.50994196],[105.38218843,34.51031896],[105.38287243,34.51066096],[105.38327543,34.51073295],[105.38389543,34.51054496],[105.38414143,34.51025996],[105.38303043,34.50834799],[105.38297743,34.50795399],[105.38314343,34.507401],[105.38220043,34.50598902],[105.38170143,34.50467104],[105.38126343,34.50417804],[105.38109243000001,34.50357205],[105.38113643,34.50331106],[105.37932243,34.50073009],[105.37934543,34.50052309],[105.37998143,34.5001421],[105.38000443,34.4999621],[105.37977743,34.4997561],[105.37950243,34.4996491],[105.37903643,34.4996571],[105.37887243,34.49924411],[105.37816743,34.49858512],[105.37774043,34.49854612],[105.37692743,34.49877412],[105.37614943,34.49878612],[105.37540543,34.49857012],[105.37427343,34.49794313],[105.37417543,34.49763113],[105.37421243,34.49716114],[105.37459143,34.49641215],[105.37493943,34.49590416],[105.37496443,34.49568116],[105.37490043,34.49541816],[105.37458743,34.49491517],[105.37367243,34.49406218000001],[105.37358043,34.49405218],[105.37347643,34.49431418],[105.37317843,34.49428118],[105.37328443,34.49409818],[105.37326743,34.49386818],[105.37338243,34.49345319],[105.37351243,34.49329819],[105.37345343,34.4926302],[105.37355743,34.49221521],[105.37343943,34.49195721],[105.37310743,34.49168721],[105.37279643,34.49117622],[105.37247143,34.490825230000006],[105.37259043,34.49065523],[105.37231743,34.49008924],[105.37303543,34.48928325],[105.37303943,34.48918025],[105.37291843,34.48906025],[105.37299643,34.48891825],[105.37321943,34.48871325],[105.37345943,34.48869925],[105.37356943,34.48883725],[105.37349743,34.48902525],[105.37357643,34.48908625],[105.37396443,34.48908325],[105.37420743,34.48900125],[105.37489343000001,34.48844126],[105.37514943,34.48833526],[105.37522943,34.48815626],[105.37655843,34.48695328],[105.37669443,34.48693328],[105.37673143,34.48702228],[105.37660243,34.48733027],[105.37667043000002,34.48756327],[105.37678043,34.48757427],[105.37703343,34.48735427],[105.37717543,34.48712728],[105.37741143000001,34.48621129],[105.37706243,34.48564030000001],[105.37719543,34.4856333],[105.37727943,34.4854723],[105.37693943,34.4850573],[105.37825743,34.48457831],[105.37866743,34.48385032],[105.37866343,34.48335233],[105.37802643,34.48278633000001],[105.37773143,34.48239834000001],[105.37803143,34.48216334],[105.37815943,34.48211534],[105.37842843,34.48216934],[105.37973343,34.48278833],[105.37999743,34.48277434],[105.38015543,34.48223634],[105.38062943,34.48172235],[105.38090543,34.48166835],[105.38126143,34.48170535],[105.38142843,34.48175435],[105.38157243,34.48194635],[105.38163443,34.48189935],[105.38175243,34.48165235],[105.38162143,34.48079236],[105.38168243,34.48071036],[105.38249643,34.48051237],[105.38310943,34.48053137],[105.38370443,34.48071036],[105.38412943,34.48107336],[105.38454543,34.48093136000001],[105.38460643,34.48081836],[105.38674343,34.47942938],[105.38732743,34.47940538],[105.38814443,34.47948738],[105.38904743,34.47915238],[105.38913543,34.47891639],[105.38940843000002,34.47883439],[105.38871343,34.47842739],[105.38845643,34.4782294],[105.38847943,34.4781644],[105.38913643,34.47847539],[105.38996843,34.47872739],[105.39075643,34.47866039],[105.39070843,34.47855239],[105.39054643,34.47856239],[105.39034743,34.47843939],[105.39046243,34.47839339],[105.39110343,34.47845239],[105.39155643,34.4781074],[105.39163743,34.4779704],[105.39148643000001,34.4777234],[105.39102443,34.47759641],[105.39093243,34.47749641],[105.39129343,34.47725541],[105.39135143,34.47691041],[105.39093443,34.47607443],[105.39093543,34.47570843],[105.39112643,34.47511144],[105.39110743,34.47475944],[105.39090743,34.47436845],[105.39044243,34.47398345],[105.39031543000002,34.47354346000001],[105.39039443,34.47332446],[105.39078143,34.47325346],[105.39087643000002,34.47309547],[105.39037543,34.47231948],[105.38970543000002,34.47215548],[105.38957543,34.47231948],[105.38875443,34.47223448],[105.38639943,34.4704775],[105.38666743,34.47013451],[105.38708143,34.46991251],[105.38856643,34.46935152],[105.38856343,34.46921452],[105.38824443,34.46892552],[105.38810843000002,34.46862053],[105.38791543,34.46844253],[105.38826343,34.46854353],[105.38852343,34.46873553],[105.38885243,34.46916252],[105.38934143,34.46947952],[105.39079543,34.4706865],[105.39102043,34.4706355],[105.39140643,34.4703235],[105.39202943,34.46961851],[105.39202543,34.46979651],[105.39159443,34.47103349],[105.39160743,34.47126049],[105.39169543,34.47136649],[105.39214543,34.471212490000006],[105.39284743,34.47133349],[105.39363243,34.4707575],[105.39379143000001,34.47008551],[105.39386943000001,34.47000751],[105.39478043000001,34.46991651],[105.39549843,34.46931252],[105.39549743,34.46895252],[105.39524043,34.46831953],[105.39440943,34.46732855],[105.39441443,34.46717855],[105.39566343,34.46766154],[105.39628643,34.46776754],[105.39677343,34.46776354],[105.39713843,34.46765854],[105.39845043,34.46753854],[105.39968643,34.46725655],[105.40001643,34.46709455],[105.40095643,34.46681855],[105.40175943,34.46681355],[105.40318443000001,34.46657756],[105.40416343,34.46622656],[105.40481143,34.46579357],[105.40564743,34.46539357],[105.40693743,34.46513358],[105.40714843,34.46491758],[105.40729943,34.46446058],[105.40725243,34.46424959],[105.40630443,34.46375059],[105.40506143,34.46272161],[105.40422843,34.46221362],[105.40367443,34.46216562],[105.40365643,34.46242361],[105.40349843,34.46254461],[105.40320643,34.46203562],[105.40323343,34.46174162],[105.40313943,34.46163262],[105.40348243,34.46088763],[105.40369643,34.46021664],[105.40366543,34.45965865],[105.40381443,34.45921966],[105.40370443000002,34.45885766000001],[105.40386343,34.45846467],[105.40377043,34.45816267],[105.40385943,34.45774968],[105.40423843,34.45680669],[105.40442743,34.45656169],[105.40485243,34.45652769],[105.40578943,34.4561447],[105.40643143000001,34.4562007],[105.40666143,34.4560877],[105.40678343,34.4558847],[105.40622243,34.45417172],[105.40622343,34.45325474],[105.40580043,34.45281374],[105.40536443,34.45197075],[105.40509643,34.45171676],[105.40484443,34.45119377],[105.40481743,34.45075077],[105.40566343,34.44997078],[105.40586343,34.44999378],[105.40606043,34.45015978],[105.40639943,34.45007378],[105.40795943,34.45004978],[105.40830643,34.44995278],[105.40862243,34.44959979],[105.40869143,34.44932079],[105.40816743,34.4487318],[105.40809043,34.44821181],[105.40836643,34.44816781],[105.40849743,34.44730682],[105.40855643000002,34.44722782],[105.40875643,34.44720082],[105.40867643,34.44701682],[105.40871443,34.44688382],[105.40902943000002,34.44649883],[105.40901143,34.44607683],[105.40933843,34.44628183],[105.40948843,34.44628783],[105.40991943,34.44590384],[105.41107743,34.44554084],[105.41112943,34.44526585],[105.41104143,34.44497985],[105.41143643,34.44433486],[105.41178843,34.44393986],[105.41209343,34.44426886],[105.41272143,34.44430986],[105.41381643,34.44476385],[105.41408743,34.44493985],[105.41457943000002,34.44557784],[105.41481643,34.44557384],[105.41491243,34.44534984],[105.41509243,34.44522985],[105.41636443,34.44516085],[105.41674443,34.44534984],[105.41683243,34.44547884],[105.41680343,34.44566284],[105.41772043,34.44633583],[105.41759343,34.44602284],[105.41772543,34.44599884],[105.41773743,34.44591584],[105.41764043,34.44559684000001],[105.41743443,34.44564384],[105.41699443,34.44530584],[105.41674743000002,34.444992850000006],[105.41655943,34.44466685],[105.41644743,34.44393186],[105.41648743,34.44386686],[105.41682943000002,34.44385287],[105.41663443,34.44324487],[105.41623943,34.44316287],[105.41632143,34.44274288],[105.41622843,34.44249988],[105.41708143,34.44181989],[105.41709443,34.4415229],[105.41822943,34.4411139],[105.41843643000001,34.44069691],[105.41845343,34.44002092],[105.41862943,34.43975292],[105.41891243,34.43956492],[105.41929843,34.43947392],[105.41975943,34.43923493],[105.42017543,34.43893893],[105.42014243,34.43870693],[105.42022943,34.43850894],[105.42014043,34.43826294],[105.41997443,34.43807994],[105.41971843,34.43757495],[105.41933343,34.43726595],[105.41923943,34.43697996],[105.41933843,34.43672996],[105.41930543,34.43650996],[105.41952043,34.43610197],[105.41924443,34.43586797],[105.41935443,34.43542998],[105.41908643,34.43486899],[105.41963643,34.43482999],[105.42024443,34.43504299],[105.42054043,34.43596497],[105.42080743,34.43625297],[105.42108143,34.43638897],[105.42140743,34.43644397],[105.42143843,34.43640097],[105.42097543,34.43614897],[105.42083343,34.43598997],[105.42061843,34.43553098],[105.42055543,34.43498499],[105.42066443,34.434208],[105.42074443,34.43410500000001],[105.42177943,34.433966],[105.42207443000001,34.434131],[105.42224243,34.434114],[105.42228243,34.433974],[105.42222143,34.433809],[105.42247443,34.43294801],[105.42264243,34.43310001],[105.42281543,34.43298001],[105.42424343,34.43259002],[105.42455243,34.43241202],[105.42469543,34.43218102],[105.42492943,34.43201003],[105.42506243,34.43197903],[105.42566143,34.43215402],[105.42652443,34.43188203],[105.42656843,34.43178603],[105.42648843000002,34.43142103],[105.42641543,34.43121004000001],[105.42604443,34.43104904],[105.42594643,34.43067504],[105.42562243000002,34.43014305],[105.42582443,34.42956606],[105.42581143,34.42917906000001],[105.42522843,34.42870207],[105.42503143,34.42869607],[105.42489143000002,34.42860007],[105.42461643,34.42778108],[105.42450043000001,34.42765909],[105.42432143,34.42751309],[105.42388443,34.42736109],[105.42328343,34.4268841],[105.42293943,34.4267391],[105.42265143,34.4263141],[105.42238043,34.42620511],[105.42183843,34.42563411],[105.42101143,34.424042130000004],[105.42067843,34.42413913],[105.42055343,34.42410013],[105.42008643,34.42349814],[105.41999643000001,34.42324914],[105.42037243,34.42294115],[105.41893943,34.42234416],[105.41849343,34.42209216],[105.41804743,34.42117817],[105.41785243,34.42058118],[105.41768743,34.42033518],[105.41631343000002,34.42020219],[105.41587243,34.42035718],[105.41523643000001,34.42028719],[105.41421343,34.41992319],[105.41343643,34.4195162],[105.41270143,34.4192812],[105.41132043,34.4193092],[105.41063443000002,34.4194442],[105.41010343,34.41987419],[105.40780643,34.42108418],[105.40712143000002,34.42159217],[105.40619643,34.42246816],[105.40522343,34.42313815],[105.40488843,34.42322915],[105.40432343,34.42323115],[105.40399543,34.42315815]]]},"properties":{"gml_id":"layer_township_pg.33073","Name":"杨家寺乡","layer":"乡镇","code":"620502202000","grade":4,"2015_POP":17000,"2020_POP":17621,"2023_POP":17800,"area_km2":125,"2015_GDP":3.67,"2020_GDP":5.51,"2023_GDP":6.88}},{"type":"Feature","geometry":{"bbox":[105.71100843,34.29486889,105.86007843000002,34.40587138],"type":"Polygon","coordinates":[[[105.75340243,34.314106630000005],[105.75349743,34.31398963],[105.75410943,34.31400963],[105.75445843000001,34.31392863],[105.75487743,34.31370063],[105.75584043000002,34.31295564],[105.75633043,34.31273565],[105.75690043,34.31208365],[105.75751643,34.31166766],[105.75808543,34.31078867],[105.75790743,34.31049568],[105.75695443,34.30986368],[105.75635943,34.3087207],[105.75628543,34.30823371],[105.75667343,34.30743572],[105.75676043,34.30703572],[105.75730743,34.30628973],[105.75749343,34.30625373],[105.75773743,34.30601574],[105.75794643,34.30560074],[105.75791043,34.30489375],[105.75733643,34.30409276],[105.75731543,34.30343877],[105.75739443,34.30294078],[105.75761043,34.30275178],[105.75760843,34.30265578000001],[105.75744443,34.30246079],[105.75745943,34.30209679],[105.75785443,34.3014358],[105.75816943,34.3011298],[105.75915843,34.30046381],[105.75900143,34.30016882],[105.75884343,34.30007482],[105.75839243,34.30038681],[105.75830743000002,34.30033881],[105.75836543,34.29991382],[105.75819843,34.29982582],[105.75804443,34.299936820000006],[105.75749043,34.29987582],[105.75742043,34.29976482],[105.75745743,34.29965282],[105.75764343,34.29967482],[105.75828943,34.29916683],[105.75813743000002,34.29843784],[105.75765643,34.29734285000001],[105.75776243,34.29717486],[105.75812143,34.29720386],[105.75846643,34.29736285],[105.75858643,34.29730786],[105.75845443,34.29681786],[105.75857143000002,34.29646087],[105.75911443,34.29576088],[105.75964043,34.29486889],[105.75896743,34.29492489],[105.75806143,34.29532988],[105.75751943,34.29578588],[105.75719143,34.29588987],[105.75615543,34.29576188],[105.75515443,34.29613387],[105.75460043,34.29642787],[105.75424943,34.29675186],[105.75316843,34.29721886],[105.75270443,34.29772485],[105.75240743,34.29793885],[105.75159943,34.298251840000006],[105.75143743,34.29823984],[105.75118343,34.29803885],[105.74983643,34.29744385],[105.74877743000002,34.29660787],[105.74764943,34.29596887],[105.74679843,34.29575988],[105.74604643000002,34.29579588],[105.74535243,34.29592087],[105.74474043,34.29664886],[105.74463143,34.29686486],[105.74458643,34.29731686],[105.74441743,34.29746785],[105.74438943,34.29777785],[105.74422943,34.29801585],[105.74362343,34.29848284],[105.74296643,34.29866884],[105.74269243,34.29885283],[105.74255543,34.29899883],[105.74203343,34.29999582],[105.74149843,34.30042081],[105.74134943,34.30069981],[105.73966043,34.3015838],[105.73951743,34.3017588],[105.73948343,34.30194579],[105.73953443,34.30208979],[105.73978043,34.30233579],[105.74057743,34.30302878],[105.74098543000001,34.30378977],[105.74191143,34.30661473],[105.74197243,34.30801871],[105.74140343,34.30798771],[105.73987243,34.30761672],[105.73902943,34.30728172],[105.73885543,34.30743172],[105.73863143,34.30800971],[105.73821643,34.30821471],[105.73770643,34.3087187],[105.73723643,34.3086967],[105.73713943,34.3084447],[105.73690343,34.30832571],[105.73622443,34.30836671],[105.73590243,34.3089567],[105.73561543000001,34.31031268],[105.73527843,34.31077067],[105.73526243,34.31133367],[105.73541443,34.31192966],[105.73461843000001,34.31187666],[105.73415743,34.31174666],[105.73404843,34.31183866],[105.73411143,34.31211165],[105.73404143,34.31223165],[105.73330243,34.31235565],[105.73294143,34.31268465],[105.73299943,34.31306664],[105.73372443,34.31363763],[105.73531943,34.31385263],[105.73530543,34.31396963],[105.73437743,34.31403263],[105.73399843,34.31426663],[105.73398043,34.31440362],[105.73410243000001,34.31472662],[105.73410643,34.31517361],[105.73422443,34.31538461],[105.73422743,34.3158326],[105.73384243,34.3160586],[105.73350343,34.3160226],[105.73325543,34.3158626],[105.73301243,34.3159636],[105.73317743,34.3164796],[105.73344043,34.31681059],[105.73342643,34.31688559],[105.73327243,34.31691559],[105.73274043,34.31676859],[105.73259643,34.31678559],[105.73252643,34.31688159],[105.73264143,34.31748158],[105.73256243,34.31758958],[105.73229343,34.31767458],[105.73215943,34.31783658],[105.73214543000002,34.31794058],[105.73246743,34.31835357],[105.73250943,34.31851857],[105.73221343,34.31909956],[105.73167443,34.31913556],[105.73139343,34.31900556],[105.73012143,34.31869557],[105.72967143,34.31874957],[105.72864243000001,34.32006455],[105.72828743,34.32062854],[105.72822943,34.32089454],[105.72839443,34.32129153],[105.72843643,34.321622530000006],[105.72918543,34.32259651],[105.72924943,34.32316051],[105.72866243,34.32460549],[105.72839543,34.32616446],[105.72785843000001,34.32646646],[105.72731843,34.32641946],[105.72680043,34.32667046],[105.72624143,34.32682246],[105.72604243,34.32698945],[105.72534543,34.32729045],[105.72494843,34.32762444000001],[105.72465143,34.32809044],[105.72403543,34.32839143],[105.72399443,34.32847443],[105.72415843,34.32877243],[105.72413843,34.32885543],[105.72360043,34.32902343],[105.72360043,34.32908942],[105.72250143,34.32924442],[105.72228343,34.32944442],[105.72238443,34.32969342],[105.72313143,34.33041841],[105.72325043,34.33040041],[105.72345243,34.3305154],[105.72394743,34.33223738],[105.72490643000002,34.33443735],[105.72623343,34.33607833],[105.72539243,34.33677232],[105.72419543,34.33709332],[105.72199843,34.33754331],[105.71964643,34.33772131],[105.71948643,34.33781231],[105.71935043,34.3381193],[105.71947343,34.3384843],[105.71978643,34.33897829],[105.71980843,34.33912029],[105.71971043,34.33933629],[105.71890043,34.33929929],[105.71808943,34.33940328],[105.71760843,34.33926429],[105.71722143,34.33964728],[105.71717243,34.33978028],[105.71665743,34.34010527],[105.71614443,34.34101026],[105.71576543000002,34.34123626],[105.71464943000001,34.34165525],[105.71246743,34.34207025],[105.71100843,34.34252524],[105.71157243,34.34392422],[105.71166543,34.34484721],[105.71167743,34.34679518],[105.71263643,34.35011814],[105.71339643,34.35200911],[105.71378243,34.3526621],[105.71417443,34.3528591],[105.71443643,34.3531361],[105.71456643,34.35364909],[105.71459943,34.35450708],[105.71483243,34.35549707],[105.71480543,34.35583006],[105.71494543,34.35649405],[105.71467743,34.35804603],[105.71483543,34.35838003],[105.71486943,34.35867402],[105.71463143,34.35908102],[105.71505343,34.35979701],[105.71521743,34.360294],[105.71526043,34.36080999],[105.71549743,34.36109199],[105.71546143,34.36205798],[105.71576743000001,34.36276997],[105.71594443,34.36300396],[105.71585743000001,34.36331096],[105.71591843,34.36343896],[105.71619143,34.36359496],[105.71695843,34.36426795],[105.71715643,34.36461394],[105.71715543,34.36509094],[105.71734143,34.36569993],[105.71762843000002,34.36612492],[105.71768543,34.36616692],[105.71784843,34.36603292],[105.71865643,34.36512993],[105.71899543,34.36493394],[105.71946443,34.36485194],[105.72009643,34.36499894],[105.72048543,34.36532393],[105.72026343,34.36670591],[105.71985143,34.3673669],[105.71982143,34.3675199],[105.72036643,34.3680559],[105.72046643,34.36847389],[105.72040243,34.36867389],[105.72001743000001,34.36922288000001],[105.71991143,34.36974387],[105.72021243,34.37040586],[105.72025143,34.37087786],[105.72002243,34.37164985],[105.71960043,34.37201284],[105.71958143,34.37218284],[105.71983043,34.37305683],[105.71976843,34.37351282],[105.71920443,34.37450181],[105.71835643,34.3748788],[105.71785443,34.3751958],[105.71769643,34.37546179],[105.71762643,34.37590079],[105.72199143,34.37657178],[105.72273743,34.37716977],[105.72295143,34.37725077],[105.72327843,34.37727777],[105.72381243,34.37717277],[105.72540643,34.37706477],[105.72685343000002,34.37713177],[105.72699043000001,34.37721477000001],[105.72725343,34.37837476],[105.72912343,34.37773376],[105.73056243,34.37758177],[105.73093043,34.37747677],[105.73130643,34.37736977],[105.73195743,34.37703977000001],[105.73251043,34.37688678],[105.73332143,34.37685378],[105.73340443000001,34.37664978],[105.73360343,34.37654678],[105.73454243,34.37644978],[105.73553243,34.37640678],[105.73661143,34.37647578],[105.73959143000002,34.37572079],[105.74003843,34.3753708],[105.74016543,34.3748978],[105.74079843,34.3747238],[105.74111543,34.37448181],[105.74127043,34.37403681],[105.74150343000001,34.37373782],[105.74147543,34.37330182],[105.74152843,34.37321883],[105.74169943,34.37325882],[105.74191243,34.37358582000001],[105.74206843,34.37368082],[105.74277643,34.37363082],[105.74356943,34.37326582],[105.74434743,34.37314483],[105.74509943,34.37289983],[105.74551343,34.37284383],[105.74592543000001,34.37296983],[105.74679643,34.37305483],[105.74706143,34.37304983],[105.74767143,34.37356082],[105.74795643000002,34.37417481],[105.74785943,34.37441981],[105.74750243,34.3748998],[105.74757043,34.3751398],[105.74767643,34.37531280000001],[105.74851143,34.37601579],[105.74895243,34.37602179],[105.74949643,34.37588179],[105.75019943,34.37557079],[105.75034343000002,34.3752968],[105.75034443,34.3749028],[105.75043843,34.3748448],[105.75132843,34.3747878],[105.75168643,34.37464081],[105.75232243,34.3747778],[105.75272743,34.3747808],[105.75277743,34.3748508],[105.75270943,34.3749578],[105.75241443,34.3750058],[105.75237443000002,34.3750898],[105.75261743,34.3753908],[105.75290343,34.37547579],[105.75307443000001,34.37566079],[105.75325443,34.37613179],[105.75356943,34.37632078],[105.75392943,34.37635578],[105.75404043,34.37642978],[105.75446743,34.37780376],[105.75443843,34.37794876000001],[105.75434443,34.37800676],[105.75421843,34.37853775],[105.75428043,34.37873175],[105.75439543,34.37882575],[105.75488643,34.37897175],[105.75561743,34.37850775],[105.75661443,34.37831876],[105.75733543,34.37848475],[105.75814343,34.37895175],[105.75879243000001,34.37915074],[105.75905843,34.37923574],[105.75930043,34.37942474],[105.75936143,34.37959074],[105.75904543,34.38110172],[105.75913843000001,34.38146571],[105.75967443,34.3821827],[105.75972743,34.3824727],[105.75998043,34.3827857],[105.76083943,34.3827967],[105.76090043,34.38292069],[105.76086143,34.38312869],[105.76035843,34.38390968000001],[105.76062143,34.38529266],[105.76105543,34.38581965],[105.76119243,34.38610865],[105.76112843000001,34.38683964],[105.76119943,34.38695464],[105.76147843000001,34.38677064],[105.76214543,34.38655864],[105.76340343,34.38635165],[105.76385443,34.38655564],[105.76421043,34.38684064],[105.76435143,34.38691764],[105.76448443,34.38727163],[105.76524743,34.38764863],[105.76559943,34.38791963],[105.76658343,34.3895626],[105.76699543,34.3899076],[105.76769543,34.3898856],[105.76866643000001,34.3901526],[105.76921743,34.39037259],[105.76956243,34.39081759],[105.76962443000001,34.39116558],[105.76947143,34.39186257],[105.76852743,34.39240856],[105.76784943,34.39268656],[105.76764143,34.39327655],[105.76742143,34.39441354],[105.76792043,34.39498253],[105.76804443,34.39534652],[105.76796143,34.39614251],[105.76773643,34.39669851000001],[105.76771043,34.3971125],[105.76777843,34.39798349],[105.76788043000002,34.39839748],[105.76815243,34.39865248],[105.76863243,34.39873248],[105.76914843,34.39932547],[105.76932543,34.40015246000001],[105.76965043,34.40085545],[105.76978243,34.40095345],[105.77047643,34.40039346],[105.77085443,34.40021646],[105.77143143,34.40021246],[105.77340743,34.39992546],[105.77384343,34.39996246],[105.77469843,34.40044645],[105.77768343,34.40155844],[105.78088343,34.402272430000004],[105.78140643,34.40259243],[105.78176943,34.40292942],[105.78293443,34.40342642],[105.78519743,34.40287042],[105.78534543000002,34.40263743],[105.78541143,34.40225543],[105.78554943,34.40198043],[105.78605143,34.40149544],[105.78690743000001,34.40125744],[105.78743943,34.40051545],[105.78768743,34.40032246],[105.78786643,34.40027146],[105.78856643,34.40037346],[105.78867543,34.40030646],[105.79002543000001,34.40071145],[105.79257343,34.40207443],[105.79305443,34.40241843],[105.79427543000001,34.40287342],[105.79561043,34.40361641],[105.79675943,34.40378941],[105.79829643,34.40374441],[105.79874643,34.40390741],[105.80017543,34.40411941],[105.80084343,34.4045924],[105.80095443,34.40442740000001],[105.80123543,34.4043014],[105.80187143,34.4043344],[105.80231643,34.4045384],[105.80276343000001,34.4048544],[105.80332843000001,34.40504539],[105.80389043,34.40506539],[105.80439443,34.40517139],[105.80494343,34.40537639],[105.80550943,34.40576538],[105.80591043,34.40587138],[105.80641143,34.40580638],[105.80722243,34.405554390000006],[105.80918243,34.4047644],[105.80991743,34.4043274],[105.81031443,34.40400341],[105.81059143,34.40363441],[105.81221243,34.39995946],[105.81229443,34.39936747],[105.81227743,34.39764749],[105.81241643,34.39662651],[105.81238143000002,34.39607551],[105.81135543,34.39386054],[105.81101943,34.39278256],[105.81095643,34.39232757],[105.81099343,34.39163857],[105.81115243,34.39125758],[105.81141443,34.39083759],[105.81182543,34.39043959],[105.81236943,34.39021359],[105.81540143,34.39022659],[105.81643543,34.3901576],[105.81755543,34.3898266],[105.81796743,34.3895676],[105.81827343000002,34.38929361],[105.81844843,34.388836610000006],[105.81851443,34.38806062],[105.81852343,34.38441267],[105.81870043,34.38288669],[105.81887543000002,34.3826537],[105.81903943,34.3826637],[105.81979543,34.38303769],[105.82213443,34.38288969],[105.82264843000002,34.38286569],[105.82341743,34.38295869000001],[105.82441243,34.38347769],[105.82569343,34.38434967],[105.82642043,34.38461467],[105.82665743,34.38467367],[105.82689243000002,34.38459667],[105.82697943,34.38443867],[105.82700143,34.38358968],[105.82684143,34.3823627],[105.82636843,34.38089172],[105.82546243,34.37897075],[105.82391643,34.37655078],[105.82389543,34.37597379],[105.82399743,34.37565379],[105.82447843,34.3751708],[105.82496443,34.3749318],[105.82716443,34.3747168],[105.82867143000001,34.37469281],[105.83131343,34.37421381],[105.83242243,34.37419381],[105.83277743,34.37427681],[105.83356543,34.3747108],[105.83413443,34.3753218],[105.83452343,34.37592079],[105.83482143000002,34.37617478],[105.83513343,34.37625778],[105.83551743000001,34.37619279],[105.83925843,34.37333382],[105.84406043,34.37020987],[105.84477643,34.36935588],[105.84546643,34.36883389],[105.84731843,34.3677739],[105.84773043,34.3676209],[105.84818843,34.3675689],[105.85417843,34.3676659],[105.85577843,34.36546693],[105.85651743,34.36477594],[105.85731643,34.36386995],[105.85729843,34.36359196],[105.85699043,34.36274897],[105.85687943,34.36267897],[105.85657943,34.36205598],[105.85724643,34.36145799],[105.85761943,34.36086599],[105.85782343,34.360397],[105.85791043000002,34.35958401],[105.85805143,34.35930101],[105.85846143,34.35879602],[105.85979643,34.35808003],[105.86007843000002,34.35776704],[105.86007543,34.35756404],[105.85968843,34.35677605],[105.85898943,34.35591606],[105.85858443,34.35528507],[105.85773743,34.35431008],[105.85686543,34.35378709],[105.85653543,34.3533291],[105.85641243,34.3529911],[105.85637843,34.35258611],[105.85718943,34.35194411],[105.85786743,34.35088213],[105.85734243,34.35028914],[105.85671743,34.34912215],[105.85675243,34.34847916],[105.85668343,34.34822316],[105.85687443000002,34.34790217],[105.85680743,34.34778717],[105.85690643,34.34764017],[105.85676243,34.34726118],[105.85689343,34.3458052],[105.85662343,34.34472321],[105.85690643,34.34356423],[105.85792343,34.34266824],[105.85819843,34.34215125],[105.85835443,34.34179325],[105.85811643,34.34197025],[105.85695243,34.34222025],[105.85627343,34.34219325],[105.85434543,34.34247924],[105.85328643,34.34275324],[105.85181243,34.34332523],[105.84913943,34.34401922],[105.84820443,34.34472821],[105.84654243,34.34490021],[105.84552243000002,34.34522021],[105.84417843,34.34523221],[105.84339343000002,34.3453212],[105.84310743,34.34523221],[105.84288843,34.3452592],[105.84163843,34.34490921],[105.84085443,34.34456821],[105.84060943,34.34454621],[105.83980143,34.34457421],[105.83931943,34.34471421],[105.83841243000002,34.34516221],[105.83708043,34.34515821],[105.83628043,34.34501521],[105.83572343,34.34454421],[105.83483143,34.34461021],[105.83468143,34.34455321],[105.83455443,34.34432222],[105.83408743,34.34412322],[105.83363243,34.34411422],[105.83317143,34.34436322],[105.83174143,34.34408122],[105.83137343,34.34412122],[105.83077643,34.34449122],[105.83080143,34.34500921],[105.83069043,34.3453342],[105.83022143,34.3458022],[105.82910843,34.34607219],[105.82818443,34.34642419],[105.82618643,34.34693118],[105.82572443,34.34719218],[105.82526143,34.34729118],[105.82510243,34.34740018],[105.82399843,34.34755417],[105.82401643,34.34840916],[105.82393143,34.34877416],[105.82345843,34.34981314],[105.82243143,34.35003414],[105.82064543,34.35000014],[105.81943243,34.34984914],[105.81664943,34.35041113],[105.81607743,34.35046513],[105.81567043,34.35064313],[105.81441643,34.35058613],[105.81370543,34.35046113],[105.81314043,34.34930515],[105.81245843,34.34838316],[105.81242643000002,34.34808917],[105.81251343,34.34798017],[105.81352143,34.34743318],[105.81266843,34.34723618],[105.81060243000002,34.34606119],[105.81001043,34.3455092],[105.80941743,34.34429522],[105.80924243,34.34360723000001],[105.80923643,34.34321723],[105.80941243,34.34276724],[105.80890743,34.34106226],[105.80850243,34.34052027],[105.80799243,34.34017027],[105.80768843,34.33984828],[105.80660843,34.34114326],[105.80596843,34.34176225],[105.80570843,34.34250824],[105.80539843,34.34263024],[105.80470243,34.34257624],[105.80419043000002,34.34224725],[105.80382243,34.34178825],[105.80362543,34.34130326],[105.80366043,34.34049827],[105.80351443,34.34018627],[105.80294343,34.33943728],[105.80275043,34.33935129],[105.80261543,34.33961628],[105.80268143,34.33997228],[105.80279043,34.34011427],[105.80272143,34.34025727],[105.80253843,34.34033927],[105.80203343,34.34037327],[105.80168843,34.34030127],[105.80134143,34.33995828],[105.80115943,34.33992228],[105.80125543,34.34030627],[105.80123943,34.34077527],[105.80144743,34.34116026],[105.80139943,34.34140326],[105.80123343,34.34154826],[105.80119843,34.34173925],[105.80144743,34.34191125],[105.80142843,34.34214125],[105.80117443,34.34232324],[105.80094743000001,34.34238824],[105.80035243,34.34242324],[105.79987943,34.34301624],[105.79959743,34.34316923],[105.79877543000002,34.34342723],[105.79822643,34.34348523],[105.79779643,34.34388522],[105.79753443,34.34494721000001],[105.79726943,34.34518021],[105.79341643,34.3456622],[105.79237443,34.3457162],[105.79201443,34.3456362],[105.79061143,34.34475121],[105.78944343,34.34432722],[105.78870443,34.34468021],[105.78826643,34.34509821],[105.78799643,34.34506021],[105.78776343,34.34466021],[105.78730743,34.34442722],[105.78705843,34.34440022],[105.78681943,34.34448322],[105.78666543,34.34456221],[105.78658043,34.34487121],[105.78628543,34.34517321],[105.78624843,34.3452852],[105.78640243,34.3457082],[105.78637243,34.34581020000001],[105.78629743000002,34.34589720000001],[105.78611943,34.3459222],[105.78457943,34.3458052],[105.78378643,34.3453682],[105.78306843,34.34513721],[105.78273143,34.34513321],[105.78240443,34.34497921],[105.78177643,34.3452442],[105.78170643,34.34521721],[105.78176143,34.34470821],[105.78187443,34.34449922],[105.78249843,34.34419722],[105.78277343,34.34402222],[105.78276343,34.34393722],[105.78225943,34.34376623],[105.78195143,34.34347223],[105.78155043,34.34356623],[105.78135243,34.34336523],[105.78145843,34.34322923],[105.78251443,34.34281124],[105.78264643,34.34268824],[105.78260743,34.34259724],[105.78139443,34.34273724],[105.78108143,34.34266024],[105.78103943,34.34243724],[105.78119043,34.34231625],[105.78166943,34.34221825],[105.78181943,34.34211625],[105.78185543,34.34199625],[105.78167943,34.34194325],[105.78096843000002,34.34198625],[105.78072943,34.34186925],[105.78060943,34.34156326],[105.78118043,34.34099126],[105.78076043,34.34081826],[105.77988843,34.34076327],[105.77975243,34.34068627],[105.77936743,34.34026827],[105.77906943,34.33920629],[105.77909843,34.33895129],[105.77921443,34.33890429],[105.78006243,34.33881129000001],[105.78075843,34.33883129],[105.78123243000002,34.33864929],[105.78100243,34.3384603],[105.78033243,34.3383663],[105.78021643,34.3381853],[105.78007643,34.3381773],[105.78005043,34.3380903],[105.77968543,34.3380403],[105.77951043,34.3379043],[105.77951743,34.33755631],[105.77945543000001,34.33742831],[105.77897943,34.33712632],[105.77858043,34.33705432],[105.77780543000002,34.33706232],[105.77709743,34.33693632],[105.77658543,34.33709732],[105.77581043,34.33710632],[105.77498143,34.33671532],[105.77469943,34.33644332],[105.77404943,34.33626633],[105.77344043000001,34.33593833],[105.77318043,34.33534434],[105.77299843000002,34.33401136],[105.77311143,34.33328437000001],[105.77305543,34.33318537],[105.77288543,34.33309237],[105.77223043,34.33300237],[105.77197043,34.33287937],[105.77107443,34.33201938],[105.77026743000002,34.33172339],[105.76976543,34.33145639],[105.76968743,34.3310634],[105.76869343,34.32995941],[105.76842843,34.32955542],[105.76827743000001,34.32872743],[105.76803943,34.32814544],[105.76648543,34.32655346],[105.76576043,34.32634646],[105.76466943,34.32649846],[105.76392743,34.32673546],[105.76321443,34.32684845],[105.76287743,34.32656946],[105.76242143,34.32636946],[105.76190143,34.32625646],[105.76185743000002,34.32617046],[105.76185343,34.32616346],[105.76163343,34.32562447],[105.76096243,34.32486648],[105.76006543,34.32432049],[105.75980043,34.32407349],[105.75882343,34.3235545],[105.75807643,34.32270551],[105.75797243,34.32227452],[105.75738443,34.32120153],[105.75772643,34.31982655],[105.75786743,34.31948655],[105.75811943,34.31914156],[105.75809343,34.31900856],[105.75776843,34.31894056000001],[105.75635943,34.31916056],[105.75507143,34.31947156],[105.75486843,34.31941256],[105.75479043,34.31927656],[105.75485043,34.31829157],[105.75473343,34.31796858],[105.75478443,34.31775358],[105.75524643,34.31742858],[105.75514243000002,34.31722059],[105.75518143,34.31665259],[105.75474543,34.3158626],[105.75431943,34.31529361],[105.75353643,34.31446962],[105.75340243,34.314106630000005]]]},"properties":{"gml_id":"layer_township_pg.33074","Name":"齐寿乡","layer":"乡镇","code":"620502203000","grade":4,"2015_POP":23000,"2020_POP":23798,"2023_POP":23900,"area_km2":105,"2015_GDP":4.96,"2020_GDP":7.45,"2023_GDP":9.32}},{"type":"Feature","geometry":{"bbox":[105.47716443,34.30740472,105.63406243,34.42933006],"type":"Polygon","coordinates":[[[105.53075743,34.41055232],[105.53251543,34.41111331],[105.53303643,34.41147431],[105.53342643,34.41241629],[105.53410343,34.41314028],[105.53441743,34.41362328],[105.53470343,34.41455826],[105.53492543,34.41502426],[105.53560243,34.41550925],[105.53570443,34.41579925],[105.53577243,34.41648624],[105.53561943,34.41662924],[105.53513043,34.41744422],[105.53501843,34.417822220000005],[105.53543243,34.4190952],[105.53571443,34.4195282],[105.53564243,34.41998519],[105.53570443,34.42039918],[105.53595943,34.42064118],[105.53639043,34.42068418],[105.53675543000001,34.42098918],[105.53685743,34.42135317],[105.53713143,34.42186016],[105.53733643,34.42268415],[105.53749343,34.42296515],[105.53879243,34.42378914],[105.53883843,34.42395014],[105.53877443,34.42413313],[105.53879143,34.42524012],[105.53897943,34.42560611],[105.53957843,34.4264021],[105.54015343,34.4267331],[105.54072843,34.4268761],[105.54095043,34.42725909],[105.54125743000002,34.42827408000001],[105.54158443,34.42843207],[105.54199743,34.42893107],[105.54221343,34.42908307],[105.54322243,34.42883607],[105.54391843,34.42832108],[105.54457243,34.42759509],[105.54510243,34.42739309],[105.54609143,34.42722909],[105.54660343,34.4269141],[105.54719043000001,34.4264051],[105.54753443,34.4263241],[105.54796743,34.42558011],[105.54820743,34.42549511],[105.54827743000001,34.42559011],[105.54811643,34.42612211],[105.54807043,34.4266401],[105.54819543,34.4268791],[105.54892043,34.42719809],[105.54907043,34.42774008],[105.54927143,34.42806608],[105.55005343,34.42846707],[105.55069043,34.42899207],[105.55123043,34.42922906],[105.55170943,34.42933006],[105.55231243,34.42911507],[105.55299643,34.42917706],[105.55345443,34.42908707],[105.55401543,34.42862207],[105.55416843,34.42832808],[105.55522443,34.42809308],[105.55586843,34.42811708],[105.55655443,34.428404070000006],[105.55735743,34.42840207],[105.55810943,34.42808308],[105.55897743,34.42743109],[105.55960943,34.42716609],[105.56043143,34.42702809],[105.56101143,34.42701209],[105.56189043,34.42727209],[105.56229443,34.42718209],[105.56279343,34.4268851],[105.56338143,34.42680610000001],[105.56362643,34.4266891],[105.56369943000001,34.4264941],[105.56361143,34.426031110000004],[105.56368643,34.42530412],[105.56382443,34.42501812],[105.56409843,34.42482112],[105.56412743,34.42470913],[105.56404043,34.42435713],[105.56362043,34.42363014],[105.56362343,34.42334014],[105.56377943,34.42274015],[105.56390243,34.42256415],[105.56414143,34.42245516],[105.56500143000001,34.42261615],[105.56586543000002,34.42255516],[105.56620343,34.42255415],[105.56661843,34.42269615],[105.56718843,34.42276315],[105.56859843000001,34.42241916],[105.57003243,34.42236516],[105.57145343,34.42216616],[105.57314643,34.42247116],[105.57433143,34.42304415],[105.57464043,34.42326314],[105.57465443,34.42326714],[105.57502143,34.42336414],[105.57583943,34.42333414],[105.57877043,34.42370814],[105.58223443,34.42339914],[105.58464143,34.42331914],[105.58680743,34.42306615],[105.58850843,34.42303315],[105.58892543,34.42285615],[105.58974143,34.42232216],[105.59066943,34.42219216],[105.59157243,34.42239516],[105.59295543,34.42282715],[105.59485443000001,34.42295915],[105.59809843,34.42331614],[105.59984143,34.42360714],[105.60053043,34.42357814],[105.60415143,34.42517212],[105.60528343,34.42583511],[105.60609043,34.42612911],[105.60670643,34.4262221],[105.60738243,34.42620011000001],[105.60767243,34.42560011],[105.60759643,34.42542712],[105.60757543,34.42491212],[105.60746943,34.42479212],[105.60691843,34.42455513],[105.60682643,34.42439413],[105.60673543,34.42372614],[105.60615843,34.42266415],[105.60621443,34.42207916],[105.60613843,34.42198816],[105.60581343000001,34.42197816],[105.60542543,34.42155717],[105.60540743,34.42108517],[105.60524943,34.42083318],[105.60508543,34.42022519],[105.60514143,34.41972219],[105.60535543,34.4195142],[105.60553543,34.4195022],[105.60592343,34.41983919],[105.60626443,34.41990819],[105.60648343,34.41984119],[105.60654743,34.41968719],[105.60641943000002,34.41941920000001],[105.60522143,34.41797222],[105.60526443,34.41762022],[105.60537843,34.41752022],[105.60566443,34.41747322],[105.60584943,34.41699223],[105.60606343000002,34.41683323],[105.60768043,34.41632824],[105.60897443000002,34.41617824000001],[105.60992443000002,34.41621524],[105.61052243,34.41637024],[105.61087743,34.41636424],[105.61129143,34.41625024],[105.61182743,34.41569725],[105.61221743,34.41494126],[105.61239743000002,34.41481526],[105.61253843,34.41503426],[105.61287943,34.41519125],[105.61403143,34.41527625],[105.61454943,34.41546925],[105.61478043000001,34.41578725],[105.61525243,34.41589425],[105.61631643,34.41647324],[105.61635943,34.41673423],[105.61646043,34.41684523],[105.61682443,34.41698123],[105.61729643000001,34.41698323],[105.61744143,34.41706023],[105.61753143,34.41763622],[105.61769843,34.41787622],[105.61788843,34.41797922],[105.61795943,34.41794922],[105.61822543,34.41753422],[105.61829843,34.41718523],[105.61815443000002,34.41671423],[105.61830843,34.41595124],[105.61817743,34.41574025],[105.61811943000001,34.41542525],[105.61785243,34.41502826],[105.61784643,34.41483426],[105.61810543,34.41468326],[105.61862143,34.41470626],[105.61894443,34.41427027],[105.61890243,34.41414927],[105.61853643,34.41406827],[105.61836443,34.41389127],[105.61782643,34.41291929],[105.61783443,34.41270329],[105.61822843,34.41237829000001],[105.61840643,34.4120963],[105.61836043,34.4119223],[105.61813343,34.4116793],[105.61818243,34.4115173],[105.61783143,34.41019232],[105.61754443,34.40984033],[105.61744643,34.40950533],[105.61712143,34.40891934],[105.61708043,34.40875734],[105.61716043,34.40860734],[105.61788343,34.40821935],[105.61841343,34.40818835],[105.61839943,34.40767936],[105.61866543,34.40760736],[105.61898543000001,34.40764736],[105.61910443,34.40758436],[105.61907843,34.40741836],[105.61939643,34.40634438],[105.62014443,34.40610438],[105.62034343,34.40590838],[105.62083843000002,34.40579838],[105.62094243,34.40564538],[105.62122843,34.40581438],[105.62141843,34.40575138],[105.62153643000002,34.40560139],[105.62208743,34.40564938],[105.62263943,34.40575938],[105.62398943,34.40627938],[105.62452543000002,34.40627738],[105.62505843,34.40586038],[105.62510743,34.40555339000001],[105.62522643,34.40543339],[105.62566543,34.40519139],[105.62636343,34.40517139],[105.62682343,34.40508339],[105.62694343,34.40513639],[105.62757743,34.40511739],[105.62790843,34.40520639],[105.62876843,34.40562938],[105.63044643,34.40575138],[105.63074443,34.40604838],[105.63097943,34.40610138],[105.63171043,34.40575938],[105.63189743000001,34.40503739],[105.63240843,34.40507739],[105.63266643,34.4047234],[105.63269443,34.4044404],[105.63239043,34.40412341],[105.63241443,34.40401141],[105.63302143000001,34.40392641],[105.63308043,34.40382141],[105.63303443,34.40371041],[105.63167143,34.40299942],[105.63156943,34.40284642],[105.63132043,34.40152544],[105.63150343,34.40135044],[105.63193843,34.40119645],[105.63276143000002,34.40074845],[105.63351143,34.40057145],[105.63354043,34.40049245],[105.63291643,34.40008446],[105.63296643,34.39968647],[105.63224643,34.39860748],[105.63175043,34.39849848],[105.63128143000002,34.39824649],[105.63106043,34.39820649],[105.63100943,34.39795449],[105.63130443,34.3973265],[105.63136743,34.3970235],[105.63164543,34.39663351],[105.63192343,34.39570952],[105.63203643,34.39559652],[105.63230143,34.39552152],[105.63246043000001,34.39531352000001],[105.63285543,34.39523753],[105.63398843,34.39470653],[105.63406243,34.39457754],[105.63394643,34.39442054],[105.63366443,34.39317355],[105.63345143,34.39281856],[105.63304843,34.39248756],[105.63278143,34.39240656],[105.63192243,34.39241856000001],[105.63105343,34.39212257],[105.63087643,34.39199857],[105.63030343,34.39103558],[105.63034243,34.39078659],[105.63055943,34.39051659],[105.63048843,34.3899936],[105.63035343,34.3898796],[105.63016243,34.3898176],[105.62824343,34.3899626],[105.62775343,34.39030059],[105.62749843,34.39031259],[105.62707643,34.39016959],[105.62671843,34.39045359],[105.62649743,34.39037159],[105.62615343,34.3896936],[105.62600043,34.38895961],[105.62599243,34.38767863],[105.62605843,34.38745963],[105.62631243,34.38718064],[105.62662543,34.38703064],[105.62688643,34.38699564],[105.62760243,34.38656664],[105.62788043,34.38599365],[105.62783843,34.38574966],[105.62714843,34.38578465],[105.62660043,34.38561666],[105.62618243,34.38533266],[105.62593343,34.38525966],[105.62370843000001,34.38320069],[105.62332343,34.38293269],[105.62242943,34.3825097],[105.62193443,34.381491710000006],[105.62141843,34.38071872],[105.62100143,34.37915374],[105.62158143,34.379201740000006],[105.62246943,34.37892375],[105.62293943,34.37885675],[105.62415043,34.378859750000004],[105.62483143,34.37875775],[105.62505843,34.37858275],[105.62512943000002,34.37807676],[105.62591543,34.37719477],[105.62649843,34.37636278],[105.62653743,34.37616379],[105.62696143000001,34.3754258],[105.62764943,34.3747598],[105.62803343,34.37402081],[105.62852543,34.37365382],[105.62868343,34.37332982],[105.62863943,34.37282483],[105.62850643,34.37248583],[105.62852343,34.37215384],[105.62921843,34.37123885],[105.62924543,34.37083286],[105.62939343,34.37059186],[105.63083543,34.36930188],[105.63108043,34.36863789],[105.63099643,34.3679989],[105.63140343,34.3675669],[105.63147043,34.36722691],[105.63135843,34.36692791],[105.63103643,34.36673091],[105.63021643,34.36685891],[105.62952543,34.36687791],[105.62871243,34.36667491000001],[105.62852043,34.36628592],[105.62827743,34.36604592],[105.62790943,34.36512793],[105.62678043,34.36385595],[105.62633443,34.36310296],[105.62628243,34.36289597],[105.62639743,34.36214098000001],[105.62656543,34.36175898],[105.62669043,34.36118599],[105.62673743,34.36067200000001],[105.62689343,34.360257],[105.62711243,34.35994301],[105.62759443,34.35968401],[105.62813443,34.35959001],[105.62893143,34.35910602],[105.62901843,34.35870002],[105.62903543000002,34.35706704],[105.62940343,34.35666805],[105.63000143,34.35629206],[105.63001543,34.35618206],[105.63000743,34.35617206],[105.62941343,34.35588006],[105.62851443,34.35478908],[105.62807343,34.35469208],[105.62734243000001,34.35466108],[105.62728043,34.35409808],[105.62686843,34.35387609],[105.62668743000002,34.35366909],[105.62647243000002,34.3530651],[105.62501543,34.35225111],[105.62476343,34.35200411],[105.62455643,34.35166412],[105.62440243,34.35120112],[105.62436843,34.35063813],[105.62420443,34.35019814],[105.62351143,34.349787140000004],[105.62337043,34.34962215],[105.62308243,34.34871116],[105.62257643,34.34838216],[105.62160743,34.34739918],[105.62148443,34.34688718],[105.62138543,34.3456602],[105.62135043,34.34367123],[105.62150243,34.34302424],[105.62145043,34.34274224],[105.62100443,34.34197325],[105.62066943,34.34169325],[105.62009643,34.34104026],[105.62000643,34.34102426],[105.61966243,34.34177225],[105.61908643,34.34234624],[105.61843943,34.342746240000004],[105.61788543,34.34344523],[105.61786043,34.34405822],[105.61794143000002,34.34414122],[105.61797243,34.34439822],[105.61708643,34.34486621],[105.61642943,34.3454902],[105.61519443,34.34628319],[105.61491543000001,34.34642519],[105.61434243,34.34645819],[105.61409443,34.34633719],[105.61383343,34.34601519],[105.61369043,34.3457012],[105.61346143,34.34440022],[105.61300343,34.34334923],[105.61241243,34.34315423],[105.61110043,34.34306123],[105.61033043,34.34308023],[105.60852543,34.34285624],[105.60705843,34.34332723],[105.60584543,34.34339023],[105.60469443,34.34328023],[105.60370343,34.34304524],[105.60343343,34.34307023],[105.60206843,34.34353223],[105.60145743,34.34403822000001],[105.60121243,34.34401722],[105.60007543,34.34436322],[105.59785043,34.344689210000006],[105.59706243,34.34488321],[105.59633343,34.34483721],[105.59544143,34.34455921],[105.59465043,34.34441422],[105.59432143,34.34444822],[105.59347343,34.34474321],[105.59222643,34.34470821],[105.59150943000002,34.34493521],[105.59070743,34.3456092],[105.59018843,34.34608619],[105.58961443,34.34690118],[105.58895343,34.34807317],[105.58831843,34.34868216],[105.58808243,34.34930515],[105.58708543,34.34996414],[105.58530943,34.35072013],[105.58470143,34.35089813],[105.58275643,34.35123912],[105.58227643,34.35123412],[105.57924743,34.34994014],[105.57818343,34.35031914],[105.57777443000002,34.35032214],[105.57733443,34.35022514],[105.57698343,34.35001114],[105.57681343,34.34998714],[105.57604543,34.35007514],[105.57580343,34.34972914],[105.57580243,34.34961315],[105.57551043,34.34930815],[105.57508743,34.34864716],[105.57505643,34.34845616],[105.57483543,34.34812617],[105.57425343,34.34766617],[105.57401343000001,34.34756717],[105.57348343,34.34754517],[105.57312143,34.34761417],[105.57156843,34.34818717],[105.57137843,34.34814617],[105.57094543,34.34763417],[105.56972243000001,34.34685418],[105.56862243,34.34502221],[105.56825143,34.34448522],[105.56809143,34.34440322],[105.56801043,34.34426222],[105.56777143,34.34418222],[105.56717243,34.34421822],[105.56527243,34.34364123],[105.56500043,34.34334423],[105.56493843,34.34300524],[105.56494243,34.34211725],[105.56479243,34.34194425],[105.56398143,34.34159225],[105.56337143,34.34143926],[105.56307043,34.34110126000001],[105.56257343000001,34.34082227],[105.56133043,34.34060227],[105.56096943,34.34017427],[105.56068843,34.34002328],[105.56018543,34.34068127],[105.55921143,34.34057027],[105.55566243,34.33968128],[105.55549643,34.33953228],[105.55537443,34.33928429],[105.55538743000001,34.33886229],[105.55572843,34.3380683],[105.55610243,34.33582733],[105.55626943,34.33548334],[105.55715043,34.33461635],[105.55745943,34.33455135],[105.55787643,34.33499634],[105.55795643,34.33497534],[105.55798343000001,34.33465235],[105.55919443,34.33372936],[105.55940643,34.33342537],[105.55982343,34.33306237],[105.56017543,34.33286037],[105.56024443,34.33270338],[105.56020743,34.33235938],[105.56013243,34.33228438],[105.55896743,34.33172539],[105.55780043,34.3310184],[105.55765543,34.3310194],[105.55704943,34.33217538],[105.55602243,34.33337537],[105.55560843,34.33324137],[105.55473943,34.33325537],[105.55402743,34.33333837],[105.55349543,34.33348537],[105.55251743,34.33499034],[105.55244043,34.33530134],[105.55244843,34.33574833],[105.55230543,34.33617233],[105.55237943,34.33670632],[105.55253643,34.33711932],[105.55307343,34.33756331],[105.55315443,34.33769931],[105.55310543,34.33784031],[105.55260743,34.3380593],[105.55104943,34.3382763],[105.55038243,34.338166300000005],[105.54989843,34.3379233],[105.54971443,34.3379143],[105.54921343,34.3381623],[105.54920043,34.3380503],[105.54904843,34.3379043],[105.54791343,34.33755131],[105.54693943,34.33707932],[105.54649743,34.33705832],[105.54516343,34.33550834],[105.54398343,34.33517734],[105.54363243,34.33496734],[105.54246443,34.334799350000004],[105.54209243,34.33468835],[105.54177343000002,34.33449235],[105.54022543,34.33411636],[105.53944543,34.33395636],[105.53820643,34.33386936],[105.53790243,34.33376336],[105.53611643,34.33258838],[105.53605743000001,34.33226538],[105.53572343,34.33198939],[105.53538243,34.33185539],[105.53517943,34.33141839],[105.53502843,34.33125539],[105.53409543,34.3308844],[105.53354543000002,34.33047941],[105.53333043,34.33014341],[105.53283343,34.32952542],[105.53241043,34.32927742],[105.53164743,34.32922042],[105.53068243,34.32937142],[105.52994343,34.32923942],[105.52967143,34.32855843],[105.52969243000001,34.32844943],[105.53006043,34.32837643],[105.52994543,34.32752345],[105.52998943,34.32651646],[105.53010143,34.32619246],[105.53011943,34.32584447],[105.52955943000002,34.32550747],[105.53020543,34.32434749],[105.53029343,34.32431349],[105.53052943,34.32440749],[105.53145543,34.32531648],[105.53168043,34.32544447],[105.53219643,34.32511248],[105.53338143,34.32505048],[105.53387943,34.32517548],[105.53394543,34.32528748],[105.53390143,34.32552747],[105.53458043,34.32577947],[105.53695443,34.32633546],[105.53728243,34.32633346],[105.53782443,34.32613846],[105.53823943,34.32583747],[105.53852643000002,34.32547147],[105.53826743,34.32475248],[105.53849043,34.32451849],[105.53911143,34.32419149],[105.53957443,34.3231725],[105.53923143,34.32259851],[105.53949943,34.32095953],[105.53945843,34.32073954],[105.53927243,34.32058054],[105.53922143,34.32029054],[105.53897143,34.32009655],[105.53903043,34.32001755],[105.53931843,34.31997455],[105.53936343,34.31987855],[105.53914143,34.31954055],[105.53876243,34.31942256],[105.53872743,34.31934956],[105.53877143,34.31925756],[105.53928843,34.31905156],[105.53925143,34.31799457],[105.53944043,34.31760458],[105.53651243,34.3161026],[105.53486743,34.31545761],[105.53436343,34.31533461],[105.53294043,34.31519861],[105.53272143,34.31505461],[105.53252243,34.31478462],[105.53121543,34.31224365],[105.53039843,34.31106567],[105.52966943,34.30985369],[105.52940543,34.30970769],[105.52855143,34.30960469],[105.52662643,34.30963569],[105.52636443,34.30951169],[105.52594443,34.3087327],[105.52559243,34.3086067],[105.52532943,34.3086267],[105.52504843,34.3087577],[105.52450443,34.30915969],[105.52391543,34.30974769],[105.52341643,34.30987169000001],[105.52229643,34.30963169],[105.52080543,34.3089877],[105.52005943,34.3086097],[105.51819443,34.30747772],[105.51795343,34.30740472],[105.51769143000001,34.30740672000001],[105.51651243000002,34.30781671],[105.51594643,34.30820171],[105.51486043,34.30941169],[105.51420843,34.30996368],[105.51336043,34.31087867],[105.51286243,34.31159266],[105.51256443,34.31308664],[105.51208843,34.31398263],[105.51041443,34.31561361],[105.50904343,34.31673359],[105.50739043,34.31827457],[105.50686943,34.31889856000001],[105.50661743,34.31933556],[105.50606943,34.32057754],[105.50520443,34.32216852],[105.50418343,34.3232515],[105.50350743,34.3236195],[105.50305043,34.32402149],[105.50209643,34.32521148],[105.50168343,34.32585347],[105.50153343,34.32626746],[105.50114643,34.32733045],[105.50082143,34.32782444],[105.50056043,34.32804444],[105.49938043,34.32836043],[105.49859243,34.32867643],[105.49819843,34.32889843],[105.49754443000002,34.32945042],[105.49719743,34.33000141],[105.49691543,34.3307154],[105.49635043,34.33157739],[105.49629243,34.33176239],[105.49602843,34.33272837],[105.49611843,34.33345437],[105.49567143,34.33447235],[105.49551043,34.33545834],[105.49442743,34.33725931],[105.49433943,34.33776631],[105.49318043,34.33955528],[105.49309243,34.33990928],[105.49309543,34.34068127],[105.49279743,34.34140226],[105.49257043,34.34165725],[105.49176943,34.34225625],[105.49125143,34.34294424],[105.49109343,34.34343623],[105.49096543,34.34494121],[105.49099843,34.3454462],[105.49171943,34.34734518],[105.49182443,34.34916615],[105.49181443,34.35020314],[105.49171143,34.35068513],[105.49153043,34.35093813],[105.49109243,34.35132012],[105.48946043,34.35250611],[105.48823543,34.35356609],[105.48809943,34.35381709],[105.48800943,34.35429308],[105.48777343,34.35690805],[105.48766243000001,34.35772804],[105.48748443,34.35841503],[105.48711443,34.35915702],[105.48631943,34.35983901],[105.48586643,34.360047],[105.48496343,34.360207],[105.48412943,34.360529],[105.48349643,34.36121599],[105.48266443,34.36192998],[105.48233243,34.36238797],[105.48206143,34.36257897],[105.48128743,34.36288797],[105.48080243,34.36316896],[105.48012243,34.36370395],[105.47856543,34.36515493],[105.47803843,34.36591592],[105.47770943,34.36666491],[105.47742643,34.36814489],[105.47734343,34.36922388000001],[105.47716443,34.36990887],[105.47808043,34.370220870000004],[105.47831543,34.37061786],[105.47824743,34.37091586],[105.47833343,34.37105685],[105.47890943,34.37150785],[105.47881043,34.37258683],[105.47927043,34.37269183],[105.47972043,34.37297783],[105.47997443,34.37283183],[105.48010643,34.37314883],[105.48056643000001,34.37372682],[105.48068743000002,34.37375082],[105.48099943,34.37357882],[105.48123543,34.37369282],[105.48200943,34.3749638],[105.48203743,34.37563579],[105.48218943,34.37620878],[105.48229043000002,34.37615279],[105.48249643,34.37560279],[105.48265143,34.3749518],[105.48295943,34.37455881],[105.48422643,34.37404581],[105.48544643,34.37385482],[105.48570143,34.37388582],[105.48624043,34.37421381],[105.48775643,34.37440181],[105.48956843000002,34.3752398],[105.48997243,34.3753228],[105.49017143,34.37549279],[105.49028043,34.37606779],[105.49091443,34.37642778],[105.49128743,34.37622078],[105.49162243,34.37578479],[105.49201443,34.37552979000001],[105.49182043000002,34.3753568],[105.49155043,34.3753998],[105.49159443,34.3752668],[105.49176443,34.3752158],[105.49241643,34.3752238],[105.49317943,34.3754128],[105.49327443,34.37567279],[105.49352743,34.37548879],[105.49429643,34.37558679],[105.49502143,34.3753488],[105.49671043,34.3753658],[105.49806643000001,34.37547679],[105.49835543,34.3753808],[105.49876443000001,34.3754178],[105.49957843,34.3747408],[105.49986743,34.37462781],[105.50034843,34.37416381],[105.50075043000001,34.37397881],[105.50219843,34.37220184],[105.50257043,34.37184784],[105.50379343,34.37095186],[105.50419943,34.37045186],[105.50437743,34.37034686],[105.50510143,34.37055486],[105.50550243,34.37090286],[105.50598443,34.37191084],[105.50665743,34.37272583],[105.50681943,34.37303983],[105.50738043,34.373674820000005],[105.50741143,34.37384782],[105.50718443,34.37421381],[105.50718643,34.37445481],[105.50740143,34.37556479],[105.50756343,34.37581979],[105.50893343,34.37686178],[105.50918543,34.37733277],[105.50956543,34.37755377],[105.51057343,34.37795276],[105.51112443,34.37833076],[105.51102643,34.37856275],[105.51069943,34.37880575],[105.50997343000002,34.37912574],[105.50977543,34.37935074],[105.50958643000001,34.37941874],[105.50930943,34.37966074],[105.50916843,34.37959574],[105.50890543,34.37886875],[105.50881643,34.37881075],[105.50856643,34.37884575],[105.50841843,34.37894575],[105.50827043,34.37927074],[105.50822343,34.37973474],[105.50845043,34.38032273],[105.50957243,34.38131672],[105.51045143,34.38165971],[105.51090243,34.38205471],[105.51121243,34.3821597],[105.51201743,34.3821447],[105.51258543,34.3824947],[105.51331443,34.3824847],[105.51355443,34.3825897],[105.51463943,34.38336069],[105.51495943,34.38348269],[105.51632943,34.38459167],[105.51639243,34.38486567],[105.51666343,34.38526066],[105.51673543000001,34.38553366],[105.51707643,34.38597865],[105.51754843,34.38640765],[105.51757843,34.38656364],[105.51729143,34.38693964],[105.51725343,34.38710564],[105.51724643,34.38761163],[105.51747043000002,34.38833162],[105.51785743000002,34.38840162000001],[105.51856843,34.38902661],[105.51941943,34.3895266],[105.51976243,34.39024459],[105.52026143,34.39045759],[105.52048443,34.39096158],[105.52120443000001,34.39128758],[105.52184143,34.39136658],[105.52236143,34.39173557],[105.52264943,34.39174157],[105.52434643,34.39223957],[105.52447843,34.39249956],[105.52463143,34.39312056],[105.52460643,34.39375755],[105.52468843,34.39416254],[105.52506543,34.39438654],[105.52523943,34.39478053],[105.52545143,34.39504553],[105.52643143,34.39579252],[105.52662243,34.39608951000001],[105.52694043,34.3974215],[105.52737243,34.39807349],[105.52772743,34.39891748],[105.52798243,34.39985946],[105.52793643,34.40053045],[105.52784743,34.40082145],[105.52773043,34.40109545],[105.52714543,34.40183744000001],[105.52701043,34.40231143],[105.52684143,34.40260243],[105.52673643,34.40318342],[105.52652943000001,34.40363341],[105.52650143,34.40391541],[105.52662443,34.4043614],[105.52727943,34.40553439],[105.52804143,34.40622538],[105.52829343,34.40674637],[105.52890643000002,34.40750336],[105.52892243,34.40831535],[105.52913443,34.40879534],[105.52903743000002,34.40925934],[105.52908043,34.40962433],[105.52927043,34.40987133],[105.52975143,34.41020832],[105.53075743,34.41055232]]]},"properties":{"gml_id":"layer_township_pg.33075","Name":"华歧乡","layer":"乡镇","code":"620502204000","grade":4,"2015_POP":23500,"2020_POP":24311,"2023_POP":24500,"area_km2":110,"2015_GDP":5.07,"2020_GDP":7.61,"2023_GDP":9.52}},{"type":"Feature","geometry":{"bbox":[105.62643543000002,34.17870746,105.75796543000001,34.29188893],"type":"Polygon","coordinates":[[[105.70468343,34.19240228],[105.70492443,34.19154429],[105.70570943,34.19113629],[105.70592043,34.1908263],[105.70588243,34.1905763],[105.70556043,34.19016231],[105.70551243,34.18937632],[105.70573243,34.18905532],[105.70536643,34.18775834],[105.70566543,34.18614336],[105.70563343,34.18595236],[105.70556943,34.18582036],[105.70473043,34.18533237],[105.70453343,34.18510537],[105.70457443,34.18418539],[105.70447543,34.1833704],[105.70417243,34.18237441],[105.70361943,34.18147342],[105.70285643,34.18096543],[105.70186743,34.18002744],[105.70063143,34.17938345],[105.69970343,34.17919545],[105.69885043,34.17887646],[105.69826643,34.17884246],[105.69790043,34.17870746],[105.69715043,34.17884746],[105.69622443,34.17979545],[105.69581643,34.18003344],[105.69458943,34.17970645],[105.69371943,34.17974745],[105.69297843,34.17997344],[105.69234243,34.17989745],[105.69153543,34.18008744],[105.69117343,34.18042044],[105.69097143,34.18094743],[105.69052843,34.18152142],[105.68990643000001,34.18200042],[105.68911043,34.18231741],[105.68860043,34.18321540000001],[105.68708543,34.18457938],[105.68573643,34.18611236],[105.68540243000001,34.18634636],[105.68382243,34.18728035],[105.68347843,34.18736434],[105.68307443,34.18739934],[105.68269343,34.18728435],[105.68186043,34.18687435],[105.68170543,34.18682535],[105.68157543,34.18688835],[105.68152243,34.18705735],[105.68164943,34.18741734],[105.68195043,34.18780934],[105.68230143,34.18862533],[105.68234943,34.18899332],[105.68225743,34.18929632],[105.68143643,34.18961831],[105.68113043,34.18948731],[105.68074043,34.18957131],[105.68038643,34.18971831],[105.68019343,34.18997031],[105.68040243,34.1909813],[105.68071143,34.19156429],[105.68098243000001,34.19160829],[105.68116243,34.19174128],[105.68080343,34.19236328],[105.68083243,34.19266627],[105.68114143,34.19310027],[105.68143243,34.19327726],[105.68254743,34.19458625],[105.68232343000001,34.19473224],[105.68239743,34.19507924],[105.68233843,34.19530324],[105.68216043,34.19543323],[105.68206243,34.19570323],[105.68215143,34.19622422],[105.68182743,34.19655722],[105.68172443,34.19677222],[105.68147543,34.1980502],[105.68124943,34.19845719],[105.68110143,34.19938618],[105.68085943,34.19976418],[105.68061043,34.19998517],[105.68046543,34.20044517],[105.67988043,34.20169115],[105.67943243,34.20243814],[105.67929643,34.20294813],[105.67861543,34.20401012],[105.67697843,34.2055451],[105.67628143,34.20697008],[105.67592543,34.20798106],[105.67517443000001,34.20797607],[105.67459243,34.20779507],[105.67376843,34.20726407],[105.67330943000002,34.20676908],[105.67316943,34.20623809],[105.67318843,34.20604809],[105.67290143,34.2052371],[105.67283243000001,34.20473211],[105.67294843,34.204168120000006],[105.67320943,34.20371612],[105.67328743,34.20329313],[105.67320543,34.20306113],[105.67287843,34.20280114],[105.67230843,34.20284913],[105.67200843,34.20278814],[105.67191843,34.20208315],[105.67177343,34.20199715],[105.67164843,34.20198915],[105.67135143,34.20245114],[105.67104743,34.20257114],[105.67062243,34.20239914],[105.67036743000001,34.20195215],[105.67001743000002,34.20184215],[105.66937843,34.20119716],[105.66918343,34.201144160000005],[105.66864843,34.20121616],[105.66859743,34.20102216],[105.66865243,34.20040017],[105.66858443,34.19998917],[105.66844243,34.199850180000006],[105.66833343,34.19990117],[105.66787543,34.20069216],[105.66764643,34.20089716],[105.66734643,34.20095516],[105.66672643,34.20047717],[105.66610543,34.19965918],[105.66580443,34.19931718],[105.66575343,34.19911018],[105.66533643,34.19845719],[105.66533543,34.1983412],[105.66513843,34.1981012],[105.66516743000001,34.1979432],[105.66495943,34.1976752],[105.66484243,34.19736821],[105.66488343,34.19685522],[105.66511643,34.19658522],[105.66524943000002,34.19652622],[105.66522943,34.19638122],[105.66508943,34.19634922],[105.66485943,34.19634022],[105.66458943,34.19638322],[105.66429143000002,34.19657522],[105.66416143,34.19658422],[105.66391043000002,34.19652722],[105.66380943,34.19638722],[105.66376643,34.19626622],[105.66360543000002,34.19601023],[105.66349843,34.19588223],[105.66332743,34.19571223],[105.66270143,34.19532524],[105.66155543,34.19512924],[105.66090343,34.19509524000001],[105.65916543,34.19513924],[105.65822843,34.19549523],[105.65778643,34.19570823],[105.65674343,34.19649422],[105.65634843,34.19698821],[105.65602943,34.19721721],[105.65592143,34.19739621],[105.65567743,34.19757821],[105.65543043,34.1978822],[105.65493343,34.1981822],[105.65405043,34.19837219],[105.65379643,34.19850919],[105.65304243,34.19862419],[105.65261843,34.19863019],[105.65241443,34.19877119],[105.65193543,34.19883919],[105.65084643,34.19926718],[105.65043043,34.19974418],[105.65017743000001,34.19988617],[105.64999243,34.20008117],[105.64963043,34.20023617],[105.64900643000001,34.20034217],[105.64866243,34.20043817],[105.64854843,34.200584170000006],[105.64852943000001,34.20070016],[105.64858243,34.20102316],[105.64867443,34.20132016],[105.64867243,34.201707150000004],[105.64830143,34.20230414],[105.64804343,34.20259114],[105.64780143,34.20292413],[105.64745843,34.20329813],[105.64715643,34.20387912],[105.64661343,34.20466811],[105.64663043,34.20496611],[105.64609343,34.20589309],[105.64499743,34.20703208],[105.64492543,34.20733907],[105.64464343,34.20769707],[105.64417043,34.20803806],[105.64286243,34.21014304],[105.64241943,34.21101902],[105.64254043,34.21120102],[105.64279643,34.21129102],[105.64301743,34.21157202],[105.64274643,34.21193301],[105.64263143,34.21194601],[105.64219443,34.21176501],[105.64158143,34.21128702],[105.64085943,34.21161702],[105.64070043,34.21182901],[105.64073443,34.21221801],[105.64180343,34.212981000000006],[105.64194043,34.21315100000001],[105.64192143,34.21329499],[105.64174743,34.21341599],[105.64170343,34.21357399],[105.64153443,34.21359099],[105.64135743,34.21349699],[105.64021343,34.212725],[105.63998943,34.212793],[105.63986243,34.21320799],[105.63990843,34.21350199],[105.64059443,34.21403898],[105.64084843,34.21441798],[105.64087043,34.21465897],[105.64049543,34.21475997],[105.64052143,34.21486297],[105.64083243,34.21513497],[105.64187343,34.21543796],[105.64196843,34.21565696],[105.64181543,34.21581096],[105.64092043,34.21572796],[105.64020943000001,34.21577596],[105.63981743,34.21602596],[105.63962043,34.21649095],[105.63938643000002,34.21650495],[105.63900943,34.21635595],[105.63894043,34.21646495],[105.63895143,34.21665095000001],[105.63917143000002,34.21733794],[105.63912743,34.21747894],[105.63895343,34.21749194],[105.63820643,34.21728294],[105.63811643,34.21736694],[105.63822543,34.21778893],[105.63853943,34.21826893],[105.63855043,34.21840092],[105.63847243,34.21861692],[105.63818443,34.21894992],[105.63757743,34.21925891],[105.63728743,34.21926691],[105.63710743,34.21917691],[105.63654843,34.21925491],[105.63634243,34.21971891],[105.63575243000001,34.2198209],[105.63504843,34.21934291],[105.63410643,34.21905592],[105.63343443,34.21895892],[105.63333543,34.21915891],[105.63367243,34.2198789],[105.63378543,34.2203749],[105.63310543000001,34.2203939],[105.63245543,34.2202389],[105.63216343,34.2199839],[105.63122343,34.21978791],[105.63037243,34.21968291],[105.62979443,34.2198269],[105.62945543,34.2199609],[105.62923243,34.22096389],[105.62947543,34.22139488],[105.62969143,34.22223087],[105.62951243,34.22236387],[105.62935243,34.22235687],[105.62784443,34.22125989],[105.62750437000001,34.22113689],[105.62716643000002,34.22122089],[105.62687743,34.22138788],[105.62651243,34.22212687],[105.62643543000002,34.22246787],[105.62652843,34.22283986],[105.62699043000002,34.22326886],[105.62724043,34.22331686],[105.62761643,34.22397785],[105.62789043,34.22468984],[105.62783143,34.22479784],[105.62768243,34.22485684],[105.62701143,34.22485084],[105.62672343,34.22492684],[105.62665543,34.22521683],[105.62693843,34.22577882],[105.62803543,34.22662081],[105.62834943,34.22675381],[105.62931843,34.22717881],[105.62999143,34.2278148],[105.63035943,34.22888178],[105.63058743000002,34.23006577],[105.63075743,34.23014077],[105.63204343,34.22832079],[105.63247443,34.22711781],[105.63265343,34.22700081],[105.63380043,34.22571983],[105.63425243,34.22579182],[105.63473543,34.22622982],[105.63482643,34.22642082],[105.63479843,34.22664481],[105.63458943,34.22683581],[105.63399743,34.2278158],[105.63407143,34.22844579],[105.63433243,34.22855979],[105.63486243,34.22858179],[105.63568243,34.22848879],[105.63588343,34.22860379],[105.63600743,34.22921678],[105.63595243,34.22981277],[105.63599643,34.23030276],[105.63625343,34.23093975],[105.63675743,34.23146775000001],[105.63729043,34.23180574],[105.63848243,34.23217474],[105.63923043,34.23257773],[105.64038543000001,34.23340972],[105.64072943,34.23385571],[105.64115643,34.2348327],[105.64160943,34.23554269],[105.64181343,34.23571669],[105.64244143,34.23670968],[105.64264043,34.23667568],[105.64383643,34.23608268],[105.64418643,34.23606469],[105.64466743,34.23624568],[105.64406943,34.23661168],[105.64375443,34.23708567],[105.64466643,34.23736467],[105.64479643,34.23746367],[105.64480643,34.23762966],[105.64380943,34.23858665],[105.64246043,34.23973464],[105.64228543,34.24001263],[105.64219943000002,34.24038663],[105.64216243000001,34.24141661],[105.64267242,34.24279459],[105.64262443,34.24442457],[105.64235843,34.24557356],[105.64201143,34.24658554],[105.64177943,34.24700154],[105.64129243,34.24735853],[105.64119843,34.24753753],[105.64116743000001,34.24806752],[105.64125943,34.24835352],[105.64122443,34.24887151],[105.64089643,34.24909951],[105.64065143,34.24917151],[105.63977543000001,34.24896351],[105.63947643000002,34.24879651],[105.63929943,34.24833652],[105.63869543,34.24824352],[105.63856843,34.24828352],[105.63767243,34.24892551],[105.63631343000002,34.2494615],[105.63627843,34.2495875],[105.63634143,34.2497105],[105.63681743,34.2500735],[105.63703243,34.25062949],[105.63633443,34.25137848],[105.63594843,34.25151048],[105.63512043,34.25148248],[105.63399843,34.25163847000001],[105.63367743,34.25173647],[105.63372643,34.25185647000001],[105.63439743000002,34.25224247],[105.63517143,34.25253246],[105.63597043,34.25245346],[105.63622743,34.25253446],[105.63630143,34.25257746],[105.63622043,34.25311645],[105.63656643,34.25339645],[105.63732543,34.25379245],[105.63799343,34.25403444],[105.63918443,34.25415244],[105.64042143,34.25491443],[105.64129543,34.25562542],[105.64153143,34.25594342],[105.64167543,34.25671041],[105.64252443,34.25669541],[105.64336643,34.2567784],[105.64451243,34.2570484],[105.64493543,34.2572644],[105.64533243,34.25757139],[105.64574143,34.25830338],[105.64576743,34.25956937],[105.64547243,34.26067535],[105.64516343,34.26120934],[105.64497543000002,34.26131434],[105.64472343,34.26135234],[105.64412343,34.26114135],[105.64378743,34.26113035],[105.64355943,34.26142634],[105.64321643,34.26158134],[105.64302643000002,34.261838340000004],[105.64273843,34.26188034],[105.64257143,34.26203833],[105.64250743,34.26248433000001],[105.64293843000002,34.26365731],[105.64281043,34.2641423],[105.64214343,34.26500929],[105.64198243,34.26504029],[105.64132343,34.2648553],[105.64122043,34.26488729],[105.64114543,34.26502229],[105.64135543,34.26556429],[105.64207243000001,34.26632628],[105.64232143,34.26674727],[105.64229843,34.26701327],[105.64196943,34.26755626],[105.64252643,34.26752926],[105.64356843,34.26796425],[105.64389843000001,34.26803125],[105.64405743,34.26816625],[105.64364643,34.26918124],[105.64383843,34.26959023],[105.64319443,34.27039722],[105.64283043,34.27119621],[105.64333843,34.2717542],[105.64416143,34.2722622],[105.64430043,34.27265419],[105.64453543,34.272854190000004],[105.64473843,34.27543015],[105.64462643,34.27595914],[105.64439143,34.27648014],[105.64380043,34.27730013000001],[105.64313943,34.27793212],[105.64293143,34.27794012],[105.64261943,34.27780212],[105.64254443,34.27819411],[105.64268743,34.27862911],[105.64300443,34.2791321],[105.64359343000001,34.279636100000005],[105.64488143,34.28019209],[105.64547143,34.28025709],[105.64597943,34.28023209],[105.64639443,34.28012609],[105.64722443,34.27972509],[105.64792043,34.279290100000004],[105.64874543,34.2790171],[105.64996643,34.27882011],[105.65058843,34.2789601],[105.65069043,34.2790911],[105.65071543,34.27984409],[105.65068743,34.28109908],[105.65054443,34.28195106],[105.65068743,34.28198206],[105.65209143,34.28164407],[105.65287043,34.28172907],[105.65341143,34.28166007],[105.65417643,34.28115407],[105.65462243,34.28066208],[105.65466243,34.28038008],[105.65438443000001,34.27986309],[105.65517743,34.27906810000001],[105.65540343,34.27870111],[105.65568243,34.27794712],[105.65644043,34.27729213],[105.65687043,34.27713613],[105.65719243,34.27706913],[105.65779443,34.27713913],[105.65844143,34.27822811],[105.65914943,34.27875011],[105.65953943000001,34.2791811],[105.65991143,34.27998009],[105.66005743000001,34.28014609],[105.66100143,34.28065008],[105.66107543,34.28062608],[105.66090543,34.2795931],[105.66092943,34.2792701],[105.66101343,34.27924410000001],[105.66128743,34.2795081],[105.66143843,34.2794981],[105.66181443,34.27857311],[105.66224043,34.27822011],[105.66284943,34.27803712],[105.66318243,34.27801912],[105.66371543,34.27802212],[105.66431743,34.27814512],[105.66460343,34.27840311],[105.66481043,34.27884411],[105.66505143,34.278944100000004],[105.66551043,34.2789741],[105.66593143,34.27883511],[105.66638543,34.27879811],[105.66682143,34.27814911],[105.66732443,34.27798112],[105.66777143,34.27770412],[105.66806843000002,34.27751812],[105.66825343,34.27697813],[105.66854343000001,34.27685713],[105.66897643,34.27690813],[105.66908743,34.27732113],[105.66900843,34.27835411],[105.66942243,34.27883711],[105.66943643,34.2789681],[105.66937443,34.2791051],[105.66920343,34.2792121],[105.66873843,34.27937210000001],[105.66842243,34.2794211],[105.66777043,34.2793641],[105.66727743,34.2794381],[105.66688943,34.2795591],[105.66676443000001,34.27969009],[105.66678743,34.27979009],[105.66733743,34.28023009],[105.66731443,34.28073208],[105.66761643,34.28127907],[105.66797443,34.28163707],[105.66834643,34.28170407000001],[105.66840943,34.28177107],[105.66836543,34.28188406],[105.66814243,34.28204006],[105.66799243,34.28253406],[105.66806043,34.28294505],[105.66795143,34.28341404],[105.66764643,34.28368904],[105.66736843,34.28379504],[105.66556343,34.28337904],[105.66518443,34.28365604],[105.66516643,34.28385104],[105.66529643000001,34.28405703],[105.66588543,34.28454903],[105.66598743,34.28460503],[105.66629043,34.28456503],[105.66720343,34.28421603],[105.66727943,34.28423703],[105.66726043,34.28432403],[105.66682343,34.28467503],[105.66616943,34.28504502],[105.66478843,34.28562501],[105.66396043,34.28584201],[105.66328543,34.286287],[105.66318443,34.286312],[105.66298543,34.28618301],[105.66273843,34.28613901],[105.66259143,34.286331],[105.66251143,34.286607],[105.66185743,34.28750999],[105.66136443,34.28798798],[105.66025543,34.28877197],[105.66023443,34.28894497],[105.66059643,34.28893597],[105.66086743,34.28908997],[105.66099443,34.28939296],[105.66095443,34.28965796],[105.66083543,34.28982196],[105.66088143,34.28989596],[105.66127343000001,34.28996096],[105.66132943,34.29004695],[105.66113843000001,34.29018195],[105.66072043,34.29026495],[105.66046643,34.29039495],[105.66048443,34.29063795],[105.66063643,34.29100394],[105.66071643,34.29113694],[105.66093043,34.29123394],[105.66147143,34.29130994],[105.66220143,34.29104294],[105.66320343,34.29086294],[105.66406243,34.29092094],[105.66486243000001,34.29119894],[105.66576343,34.29101194],[105.66626243,34.29119294],[105.66694243,34.29160193],[105.66733843,34.29160093],[105.66759043,34.29185593],[105.66786943,34.29188893],[105.66900143,34.29155493],[105.66953843000002,34.29132694],[105.66944143,34.29127694],[105.66947043,34.29122994],[105.67024543,34.29117794],[105.67040843000001,34.29125394],[105.67079343000002,34.29116994],[105.67120443,34.29080894],[105.67165443,34.29061495],[105.67279443,34.29023195],[105.67288543000001,34.28996696],[105.67278043,34.28966796],[105.67255843,34.28940296],[105.67224743,34.28939196],[105.67180143,34.28959896],[105.67138543,34.28953796],[105.67126243,34.28938496],[105.67119043000001,34.28894397],[105.67127043000002,34.28879497],[105.67167643,34.288704970000005],[105.67210843,34.28849497],[105.67228243,34.28834098],[105.67230143,34.28822898],[105.67207443,34.28789798],[105.67132043,34.28741499],[105.67079643,34.28619001],[105.67074043,34.28593501],[105.67094743,34.28553302],[105.67081943,34.28519902],[105.67085043,34.28449303],[105.67112443,34.28410203],[105.67113443,34.28394604],[105.67102243000001,34.28371904],[105.67078743,34.28359204],[105.67075943,34.28348804],[105.67086343,34.28208406],[105.67066443000002,34.28198306],[105.66996743,34.28204506],[105.66964243,34.28197006],[105.66975543,34.28168607],[105.66966643,34.28111607],[105.66945443000002,34.28052808],[105.66936543,34.28044608],[105.66972443,34.28033409],[105.67165343,34.28041508],[105.67334643,34.28020709],[105.67409043,34.28039908],[105.67474743,34.28024209],[105.67547043,34.27963409],[105.67583443,34.2794891],[105.67636243,34.2794011],[105.67656043000001,34.2792771],[105.67673643,34.27881911],[105.67660843,34.27741013],[105.67661843,34.27642414],[105.67637143,34.27511016],[105.67635843,34.27469116],[105.67677043,34.27330618],[105.67698943,34.27295219],[105.67774743,34.27220220000001],[105.67815543,34.27149421],[105.67777643000001,34.27134821],[105.67679043,34.270693220000005],[105.67640643,34.27063522],[105.67613343,34.27048822],[105.67540543,34.26977023],[105.67524543,34.26935423],[105.67514143,34.26790925],[105.67486843,34.26682027],[105.67506543,34.26665227],[105.67562343,34.26691027],[105.67598643,34.26683327],[105.67618443,34.26665827],[105.67636243,34.26587028],[105.67645443,34.26577828],[105.67663543,34.26575128],[105.67827543,34.26635527],[105.67903743000001,34.26628028],[105.68019443,34.26600028],[105.68086043,34.26591328],[105.68114643,34.26578028],[105.68164743,34.26607528],[105.68215243,34.26622528],[105.68243743,34.26616228],[105.68368643,34.26533029],[105.68490743,34.265033290000005],[105.68546843,34.26517029],[105.68623543,34.26554529],[105.68679943,34.26567528],[105.68707143,34.26546029],[105.68707943,34.2641223],[105.68728743,34.26343431],[105.68715943,34.26331332],[105.68671743,34.26329432],[105.68600243000002,34.26311332],[105.68580143,34.26286932],[105.68640643,34.26279732],[105.68651443,34.26269232],[105.68690043,34.26272932],[105.68721543,34.26264932],[105.68732043,34.26286832],[105.68752143000002,34.263047320000005],[105.68858243,34.26268232],[105.68942143,34.26296832],[105.68977343000002,34.26295032],[105.68990343,34.26290732],[105.68992743,34.26265533],[105.69000943,34.26262033],[105.69038743,34.26268632],[105.69210043,34.26244133],[105.69260443,34.26212133],[105.69268743,34.26200733],[105.69266043,34.26186934],[105.69303443,34.26162034000001],[105.69362943,34.26147534],[105.69433943,34.26146634],[105.69468143,34.26131734],[105.69527343,34.26151734],[105.69539843,34.26142934],[105.69556143,34.26104235],[105.69633343,34.26047135],[105.69762543,34.26032436],[105.69785843,34.26002736],[105.69786543,34.25921937],[105.69834043,34.258468380000004],[105.69862843,34.25822139],[105.69895743,34.25823738],[105.69925643000002,34.25852338],[105.69970643,34.25936337],[105.70014043,34.25941337],[105.70025143,34.25944937],[105.70033743,34.25959237],[105.70064343,34.25959137],[105.70100643,34.25974936],[105.70141643,34.25942337],[105.70181643,34.25935437],[105.70267443,34.25995636],[105.70313343,34.26018236],[105.70336543,34.26034336],[105.70337243,34.26055635],[105.70290343,34.26080735],[105.70278543,34.26100635],[105.70311943000002,34.26110835],[105.70339443,34.26113635],[105.70357543,34.26106935],[105.70367143,34.26093435],[105.70366843,34.26052235],[105.70380243,34.26014636],[105.70387343,34.26002836],[105.70412943,34.25988736],[105.70438143,34.25982736],[105.70466143,34.25986336],[105.70520743,34.26012636],[105.70608543,34.26025736],[105.70616743,34.26061435],[105.70609643,34.26114635],[105.70633143,34.26231833],[105.70671943,34.26301532],[105.70746043,34.26378731],[105.70749843,34.2641923],[105.70779043,34.26534529],[105.70838343,34.26574328],[105.70948043,34.26594428],[105.71036243,34.26631628],[105.71071943,34.26693427000001],[105.71113043,34.26725226],[105.71196043,34.26809425],[105.71231043,34.26799725],[105.71282043,34.26768426],[105.71383143,34.26863424],[105.71409043,34.26866724],[105.71437243,34.26859524],[105.71445543,34.26845625],[105.71483643,34.26821525],[105.71519943,34.26809725],[105.71549743,34.26788525],[105.71600543,34.26840025],[105.71665243,34.26878524],[105.71715743000001,34.26880224],[105.71856643,34.26865824],[105.72003443,34.26904124],[105.72090843,34.26916524],[105.72132243,34.26883224000001],[105.72146243,34.26858225],[105.72175743,34.26834525],[105.72193443,34.26828125],[105.72277743,34.26760126],[105.72347343,34.26724026],[105.72361943,34.26702327],[105.72443043,34.26710326],[105.72491643000001,34.26692927],[105.72539043,34.26636427],[105.72589343,34.26502329],[105.72595743,34.2642723],[105.72618143,34.26388831],[105.72611543,34.26303232],[105.72637543,34.26277732],[105.72667143,34.26270632],[105.72837543,34.26339631],[105.72853843,34.26339132],[105.72931743,34.26308332],[105.72940043,34.26291732],[105.72959843,34.26278732],[105.73094343,34.26271732],[105.73174243,34.26290132],[105.73211143,34.26320032],[105.73227543,34.26362231],[105.73238643,34.26366231],[105.73319543,34.26341831],[105.73402143,34.26373031],[105.73426443,34.26361531],[105.73430643,34.26342731],[105.73449543,34.26329732],[105.73509543,34.26368831],[105.73599843,34.26368331],[105.73621443,34.26376331],[105.73705543,34.2641263],[105.73706343,34.26412031],[105.73765843,34.26395131000001],[105.73843443,34.26406831],[105.73868743,34.26400631],[105.73897143,34.26375431],[105.73925743000001,34.26328732],[105.73927243,34.26268132],[105.73994143000002,34.26257333],[105.74036243,34.26237833],[105.74059043,34.26249633],[105.74068443,34.26245833],[105.74083343,34.26218533],[105.74304043,34.26195733],[105.74375443,34.26179934],[105.74422843000002,34.26107435],[105.74478743,34.26050635],[105.74491843,34.26002736],[105.74514943,34.25954137],[105.74526643,34.25945237],[105.74540043,34.25960537],[105.74551343,34.25956137],[105.74551743,34.25933837],[105.74570543,34.25888538],[105.74581943,34.25790739],[105.74630943,34.2573704],[105.74683243000001,34.2569924],[105.74648343,34.2567644],[105.74625943,34.25573842],[105.74619543,34.25488543],[105.74658743,34.25461843],[105.74637243,34.25442144],[105.74663843,34.25413544],[105.74688043,34.25376245],[105.74701243,34.25340345],[105.74713543000001,34.25328845],[105.74762143,34.25311845],[105.74831643,34.25332945],[105.74880343,34.25335345],[105.74955543,34.25327345],[105.75029743,34.25283146],[105.75118443,34.25254746],[105.75181143000002,34.25222147],[105.75232643,34.25169347],[105.75294143,34.25195247],[105.75419043,34.25219547],[105.75471443000002,34.25219047],[105.75301243,34.25069749],[105.75186843,34.2500385],[105.75116643000001,34.2499435],[105.75102243,34.2498655],[105.75087743,34.2496165],[105.75090343,34.24933351],[105.75118443,34.24880451],[105.75189243,34.24876951],[105.75323343,34.24893951],[105.75411143,34.2494735],[105.75595143,34.2496275],[105.75738443,34.24910551],[105.75767843,34.24840452],[105.75768343,34.24821852],[105.75746743,34.24779453],[105.75675043,34.24697954],[105.75665743,34.24621455],[105.75658143000001,34.24607355],[105.75640143,34.24574955],[105.75597543,34.24534156],[105.75582443,34.24472957],[105.75559643,34.24473357],[105.75523443000002,34.24504556],[105.75511843,34.24498856],[105.75520943,34.24438057],[105.75569343,34.24394258],[105.75592043,34.24351258],[105.75590943,34.24339559],[105.75561643,34.24298759],[105.75560743,34.2426986],[105.75573343,34.2425266],[105.75551443,34.24172461],[105.75547743,34.24053862],[105.75533443,34.24015963],[105.75540143,34.24005363],[105.75584743,34.23991363],[105.75635943,34.23998263],[105.75680143,34.23945264],[105.75693343,34.23912864],[105.75696443,34.23867765],[105.75752443,34.23838165],[105.75786243,34.23842165],[105.75796543000001,34.23836765],[105.75776243,34.23814266],[105.75739243,34.23804466],[105.75695743,34.23767366],[105.75662443000002,34.23721667],[105.75523343,34.23617168],[105.75526843,34.23590869],[105.75464742,34.2351047],[105.75413343,34.2346757],[105.75377543,34.2346597],[105.75355143,34.23447471],[105.75331843,34.23441871],[105.75283043,34.23390171],[105.75274043,34.23338772],[105.75282643,34.23309573],[105.75295843,34.23287073],[105.75342943,34.23250773],[105.75369143,34.23219274],[105.75355043,34.23159075],[105.75314343,34.23096275],[105.75305243,34.23065676],[105.75303043,34.22995177],[105.75325143,34.22938078],[105.75340343,34.22917378],[105.75335643,34.229006780000006],[105.75304143,34.22866679],[105.75183543,34.22793579],[105.75163643,34.2274428],[105.75153343,34.22678681],[105.75157943,34.22631682],[105.75144243,34.22606782],[105.74959243,34.22463984],[105.74845743,34.22441784],[105.74693243,34.22462584],[105.74605143,34.22446184],[105.74582443,34.22417285],[105.74569443,34.22369785],[105.74567343,34.22336486],[105.74585343,34.22293086],[105.74579543,34.22262787],[105.74562743,34.22238487],[105.74419043,34.22173488],[105.74225343,34.22115089],[105.74036143,34.22087289],[105.73951343,34.22086089],[105.73896443,34.22098789],[105.73868643000002,34.22092489],[105.73676543,34.2200209],[105.73448443,34.21839592],[105.73385843,34.21848492],[105.73263843,34.21943691],[105.73099343,34.21968791],[105.72744443,34.21966191],[105.72656243,34.21937591],[105.72566043,34.21850392],[105.72516243,34.21845692],[105.72428543,34.21861192],[105.72353543,34.21899392],[105.72271743,34.21955391],[105.72225743,34.21951791],[105.72141143,34.21875692],[105.72105743,34.21853292],[105.72062443,34.21855592],[105.71990443,34.21875792],[105.71911643,34.21875692],[105.71832743,34.21894792],[105.71657043,34.21968491],[105.71611343,34.21965791],[105.71546343,34.21932191],[105.71520543,34.21897892],[105.71513943,34.21810893],[105.71524743000002,34.217686930000006],[105.71506243,34.21732194],[105.71442043000002,34.21733894],[105.71316143,34.21718394],[105.71297143,34.21721394],[105.71238643,34.21704894],[105.71188543,34.21660795],[105.71175543,34.21635395],[105.71088143,34.21604596000001],[105.71054343,34.21581496],[105.71029143,34.21547096],[105.70991743,34.21508997],[105.70912843,34.21451198],[105.70918743,34.21417998],[105.70864343,34.214015980000006],[105.70838743,34.21383399],[105.70832343000001,34.21365099],[105.70870743,34.21343199],[105.70855743,34.21321899],[105.70878643,34.213067],[105.70879643,34.212996],[105.70863843,34.21284],[105.70865543,34.212671],[105.70911643,34.21214801],[105.70921043,34.21178001],[105.70956243,34.21144302],[105.70954943,34.21126902],[105.70884243,34.210779030000005],[105.70870043,34.21048503],[105.70889843,34.20998604],[105.70936443,34.20956204],[105.71018043000001,34.20916105],[105.71067943,34.20841006],[105.71074443,34.20816306],[105.71036343,34.20791207],[105.70988243,34.20788307],[105.70947643,34.20758107],[105.70877743,34.207580070000006],[105.70852343,34.20729507],[105.70851943,34.20677008],[105.70818143,34.20687108],[105.70789343,34.20712008],[105.70760543,34.20710408000001],[105.70718043,34.20690108],[105.70714843,34.20669708],[105.70755243,34.20606609],[105.70909243,34.20500311],[105.70969443,34.20475611],[105.71021343,34.20483811],[105.71073143,34.2051521],[105.71111943,34.2051321],[105.71151943,34.20500311],[105.71175343,34.20476211],[105.71189943,34.20448511],[105.71218643,34.20326213],[105.71212843,34.20263814],[105.71201643,34.20239114],[105.71230243,34.20175115],[105.71257043,34.20141515],[105.71280343,34.20052717],[105.71240343,34.19984218],[105.71170343,34.19944418],[105.71087543,34.1980112],[105.71017643000002,34.19743521],[105.70974643000001,34.19695121000001],[105.70955143,34.19663622],[105.70936143,34.19607223],[105.70929843,34.19524224],[105.70909643,34.19505024],[105.70723243000002,34.19427725],[105.70679843000002,34.19401025],[105.70634443,34.19350526],[105.70521143,34.19319227],[105.70468343,34.19240228]]]},"properties":{"gml_id":"layer_township_pg.33076","Name":"大门乡","layer":"乡镇","code":"620502205000","grade":4,"2015_POP":23300,"2020_POP":24117,"2023_POP":24300,"area_km2":75.25,"2015_GDP":5.03,"2020_GDP":7.55,"2023_GDP":9.44}}],"fileName":"乡镇"}